"","2.5%","97.5%","mean","Rhat"
"sigma_a",0.0103819830512643,0.224884529584971,0.104428086335859,1.0059551189636
"sigma_b",0.000480902237019259,0.00742604599133748,0.00294538998074561,1.00199668159183
"a[1]",0.236396402677476,0.652999974139803,0.436115380134456,1.00032672743926
"a[2]",0.311182285856677,0.670060206225786,0.484813974119182,1.00098132952685
"a[3]",0.274779151186035,0.755678242308016,0.486177606786021,1.00016602438245
"a[4]",0.205947565119006,0.63732661931752,0.41615496357259,1.00083372570763
"a[5]",0.228542047819813,0.557127251960317,0.391147022106469,1.00133591393278
"a[6]",0.236271134601152,0.606803614934635,0.416557109879287,1.00021142999492
"a[7]",0.294678118223996,0.76932921938285,0.502729966029887,1.00054388281612
"a[8]",0.255896541134081,0.690203176482949,0.457329276962232,1.00108747696046
"a[9]",0.277873214330803,0.675575861631452,0.46449428519469,1.0006842847367
"a[10]",0.0630988370502767,0.504321631961813,0.29721982682125,1.00256962618688
"a[11]",0.14648096484332,0.549102667599396,0.35613682066361,1.00252029105421
"a[12]",0.261968520019923,0.612305386805331,0.43217258075831,1.00024659268572
"a[13]",0.119078995047601,0.514085293661127,0.329724303884558,1.00189434720417
"a[14]",0.21781969228433,0.638307891802298,0.425007922265614,0.999829450554343
"a[15]",0.19441606084031,0.585935234136329,0.397194756899713,1.00068397507095
"b[1]",-0.0037218029481955,0.010427070279307,0.00356945079802804,1.00043740565891
"b[2]",-0.0014659040764296,0.0133895014013555,0.00547768783659867,1.00145647836171
"b[3]",-0.00264586196849211,0.0131130259265594,0.00475055060491058,1.00059981804592
"b[4]",-0.00420909734669704,0.0116128969184865,0.00385265613854221,1.00128195660638
"b[5]",-0.00282447587131517,0.011316638873905,0.00415517316441637,1.0014514973699
"b[6]",-0.00223489542454184,0.0122851450265319,0.00462893093927754,1.0007612056785
"b[7]",-0.00131614028102054,0.0163796127158359,0.00611301448753712,1.0002921561412
"b[8]",-0.00236231273300759,0.0133575881026696,0.00494252810642122,1.00047768053085
"b[9]",-0.00240680042621031,0.0126562793535862,0.00467724941697002,1.00046626415904
"b[10]",-0.00682109426662009,0.00957697212571022,0.00209319187747649,1.00068863852734
"b[11]",-0.00463124565825249,0.010195083764031,0.00321271029139309,1.00134294321691
"b[12]",-0.00141186683444981,0.0131441257201988,0.00533987726433322,1.00068369353835
"b[13]",-0.00571046618917316,0.00920583507801213,0.0024116061880729,1.00062510949139
"b[14]",-0.003294461393524,0.0125546836025145,0.00424188433619279,1.00069718781932
"b[15]",-0.00399524507090297,0.0115010365202657,0.00384732088242773,1.00191565278358
"sigma_pop[1]",0.26559492511951,1.53864561959776,0.661003331365122,1.00035935853837
"sigma_pop[2]",0.153674785555983,0.786490438588547,0.339042044463251,1.00488024779416
"sigma_pop[3]",0.606682788950791,3.13872100720114,1.40407311512339,1.00159570087306
"sigma_pop[4]",0.252061773851481,1.871821702894,0.72764897772456,1.00103001572059
"sigma_pop[5]",0.140651473039821,0.699750481265329,0.317835010114535,1.00001717235623
"sigma_pop[6]",0.191743661198982,1.13512607998162,0.466840826245297,1.00110834360975
"sigma_pop[7]",1.03931860040365,4.19259413405435,2.11005474538979,1.00052708375148
"sigma_pop[8]",0.436267984893025,2.28766613888965,1.02977205449959,0.999944317911461
"sigma_pop[9]",0.433409841528878,1.82978259159616,0.898894830323826,1.00024871090486
"sigma_pop[10]",0.0880818555778951,1.01495607120893,0.318299716915493,1.00375133632975
"sigma_pop[11]",0.152190628406411,1.10017310902272,0.42862920020981,1.00055686478287
"sigma_pop[12]",0.219341672932188,0.933412490784812,0.460157226903356,1.00112350450226
"sigma_pop[13]",0.131284836070288,0.816502936102975,0.327468137821772,1.0034982878156
"sigma_pop[14]",0.338624900163988,1.99992665499931,0.845169013059856,0.999816034538945
"sigma_pop[15]",0.217416300050762,1.38718185560561,0.564511751101578,0.999835859347454
"mu_a",0.287925092880222,0.553715485976936,0.420059546934135,1.00167677691432
"mu_b",-0.00108293048001541,0.00967334039935662,0.00424078668068575,1.00082093323855
"mu[1]",1.42666515172877,2.08000387051898,1.7222989209219,0.999890218710831
"mu[2]",1.42592505400082,2.09859258405573,1.73166222167224,0.999899149618852
"mu[3]",1.42661587784815,2.09218382323124,1.72797622351778,0.999895412230048
"mu[4]",1.42650474841818,2.09577392309776,1.72989279380095,0.999897322587786
"mu[5]",1.42589524103209,2.10021153272897,1.73250499213089,0.999900040091455
"mu[6]",1.42655288785012,2.10413009821388,1.73451783719246,0.99990221688165
"mu[7]",1.42682910905097,2.09422426109108,1.72881556892289,0.99989623978277
"mu[8]",1.4261853727983,2.10814682703902,1.7369261084462,0.999904908005586
"mu[9]",1.4259336397907,2.1099799518948,1.73779551559038,0.999905901169319
"mu[10]",1.36218898753417,1.9349264514329,1.61497890676711,1.00006692665084
"mu[11]",1.34210770080865,1.93214099653114,1.60088001767993,1.00012939602334
"mu[12]",1.34296876425901,1.93237018479792,1.60137304607462,1.00012716716154
"mu[13]",1.35037117662326,1.93406511716088,1.6065954436855,1.00010370146788
"mu[14]",1.34884975656773,1.93319582711155,1.60551450871044,1.00010853248173
"mu[15]",1.61000816389291,2.16653735250194,1.86811016347275,1.00008833416042
"mu[16]",1.61691303345713,2.22980070474183,1.90339180369561,1.00020750120325
"mu[17]",1.61472337219502,2.21905113940784,1.89677481494914,1.00018346300986
"mu[18]",1.61276575639382,2.19418104555902,1.88377419193608,1.00013794926284
"mu[19]",1.6143052251522,2.20149545590457,1.88828511261649,1.00015340972696
"mu[20]",1.61274011114356,2.19389500402223,1.88364175766282,1.00013750181561
"mu[21]",1.61691303345713,2.22980070474183,1.90339180369561,1.00020750120325
"mu[22]",1.61210773909406,2.18154102365179,1.87769635653937,1.00011785057683
"mu[23]",1.49454243407429,1.98555134862991,1.71247495818456,1.00053230271212
"mu[24]",1.49023188509193,1.98212312775373,1.70923979507038,1.00055705104983
"mu[25]",1.48911983096553,1.98174301111091,1.70838881975194,1.00056355798605
"mu[26]",1.51499068850656,1.99348408131243,1.72954959414806,1.00040312159953
"mu[27]",1.50735695453314,1.99050875146991,1.72368525752005,1.00044698374332
"mu[28]",1.47776387167658,1.97790721348697,1.6998780256335,1.00062835918822
"mu[29]",1.47882197488698,1.97832391182388,1.70079771624426,1.00062139260097
"mu[30]",1.47446627882859,1.97570507029705,1.69730486804346,1.00064778567906
"mu[31]",1.48657964186613,2.38072869021952,1.86280415998452,0.999896543543828
"mu[32]",1.48830535582954,2.40192128767001,1.87187768542032,0.999903572376362
"mu[33]",1.48872753048582,2.41072098040482,1.87625516924097,0.999907169283193
"mu[34]",1.48891725944615,2.40655070952222,1.87392462268136,0.999905239269557
"mu[35]",1.49085668290906,2.43357004441719,1.88700600284162,0.999916454132587
"mu[36]",1.48967112441585,2.41905267155982,1.87980675521145,0.999910171454633
"mu[37]",1.48731602206786,2.38932057476005,1.86631383143667,0.999899187941211
"mu[38]",1.40437135457922,2.16688083009765,1.7057421995275,1.00000646899845
"mu[39]",1.41838757372367,2.17795777553717,1.71989316455707,0.999973122758608
"mu[40]",1.38824124757127,2.15366576528183,1.69077282738579,1.00004569882585
"mu[41]",1.39576258920102,2.15757626528202,1.69761561438395,1.00002731915385
"mu[42]",1.42645424660404,2.18347617766635,1.72801984005167,0.999955900823338
"mu[43]",1.40016203381645,2.16418698676602,1.70191958497457,1.00001613545037
"mu[44]",1.43106160396723,2.18739161886124,1.73296347516138,0.999946174677403
"mu[45]",1.3444759303805,2.12852829353581,1.7062320479277,1.00112391936662
"mu[46]",1.3468898519794,2.11205570153217,1.70029036431405,1.00112268188146
"mu[47]",1.34502594490789,2.121621790538,1.70374146624303,1.00112345311187
"mu[48]",1.34421418713098,2.13260525031988,1.70770164740083,1.00112415956603
"mu[49]",1.34500875461783,2.12073135441749,1.703421907416,1.0011233878453
"mu[50]",1.34520996397896,2.0995860990239,1.69495113265362,1.00112119543978
"mu[51]",1.34546104473758,2.11459869712244,1.70155907960994,1.00112298248033
"mu[52]",1.30388897355315,1.92315869506261,1.57760961742449,1.00102823178647
"mu[53]",1.30848958308907,1.92605230998745,1.58223034459137,1.00103086787781
"mu[54]",1.30714413223469,1.92606428353814,1.58142479364372,1.00103037526827
"mu[55]",1.30503915660529,1.92528791420049,1.57883247752043,1.00102888398099
"mu[56]",1.2994504644461,1.92226323385773,1.57367333609058,1.00102636609379
"mu[57]",1.41876994618541,1.96215716566614,1.66378075482348,1.00033463317532
"mu[58]",1.41905018648425,1.97474952115736,1.6692168323003,1.00035035615813
"mu[59]",1.41936673090982,1.95356249623481,1.65953941863302,1.00032282257709
"mu[60]",1.41857149015749,1.96357075821679,1.66421310123971,1.00033586192712
"mu[61]",1.41623197012673,1.90995364442366,1.64209756848358,1.00028115877074
"mu[62]",1.41951113294277,1.94544366326411,1.65644188244531,1.00031452033341
"mu[63]",1.41779636832987,1.92887116402165,1.65018723149484,1.00029880248968
"mu[64]",1.41897348939398,1.95431725240341,1.66011344533971,1.00032439307019
"mu[65]",1.4198809216238,1.948606874987,1.6576045504828,1.00031760101293
"mu[66]",1.35504942793433,1.77554406081388,1.55197691756132,1.00058854222421
"mu[67]",1.34426380309963,1.76771569521258,1.54059003095822,1.00070232400314
"mu[68]",1.34731633169716,1.76972838213457,1.54426556511165,1.00066471096129
"mu[69]",1.3420422750317,1.76579892748182,1.53838423031151,1.00072518181502
"mu[70]",1.32551405594738,1.75918386685049,1.52671353126636,1.0008477777406
"mu[71]",1.33155598207391,1.7614905767509,1.53041801261568,1.00080875662022
"mu[72]",1.33149774098927,1.76147067736052,1.53034376712316,1.00080953907135
"mu[73]",1.34799342038568,1.77032662151523,1.54508180361237,1.000656455473
"mu[74]",1.33145697389154,1.76145674792983,1.53029179906557,1.00081008675215
"mu[75]",1.44009000697409,2.09059003089967,1.73541312429587,1.00026847515045
"mu[76]",1.44279918378968,2.12707807938255,1.75200442621666,1.0003017291278
"mu[77]",1.43853289173252,2.07844427690631,1.73020898545979,1.00025733951366
"mu[78]",1.43788972256256,2.07420086226301,1.72822999615611,1.00025302618027
"mu[79]",1.43843587573882,2.08245078884941,1.73177388813504,1.00026072029873
"mu[80]",1.43687486833131,2.06372855711371,1.72338455450825,1.00024229716748
"mu[81]",1.43485183690935,2.05136699324101,1.71773588399158,1.00022952148562
"mu[82]",1.3713641466248,1.87875719976127,1.59828366044276,1.00007754971504
"mu[83]",1.3480566784797,1.86260862068809,1.57779997288773,1.00011680405213
"mu[84]",1.3605761908574,1.86953799735873,1.58880694177529,1.0000928234087
"mu[85]",1.34179224806926,1.86020802847561,1.57323054786781,1.00012856438256
"mu[86]",1.35147184036011,1.86414122698989,1.5807082758904,1.00010985166209
"mu[87]",1.34957542266345,1.86337966710297,1.57890828447231,1.00011410444195
"mu[88]",1.35194666174445,1.86445942969185,1.58130902440279,1.0001084691027
"mu[89]",1.56185786756691,2.58146522717922,1.97328888297496,1.00111826589107
"mu[90]",1.55955230145035,2.56584747735085,1.9646179775816,1.00113131474114
"mu[91]",1.55468008337437,2.52754875195399,1.94596770634882,1.00115640101715
"mu[92]",1.55715413805487,2.54217685119145,1.95254959804119,1.00114805916678
"mu[93]",1.55984751517108,2.56795295294326,1.96565672175832,1.00112979355418
"mu[94]",1.55896496153601,2.56168977146965,1.96251154687415,1.00113436243927
"mu[95]",1.56073399421418,2.57547617963044,1.96949356978993,1.00112407362367
"mu[96]",1.5614421342685,2.57877491444237,1.97181162431143,1.00112054358649
"mu[97]",1.56082726054287,2.57735657684014,1.97054672348978,1.00112247659766
"mu[98]",1.55714399877648,2.54194519864064,1.95234178402033,1.00114833155036
"mu[99]",1.55898564280372,2.55631962074275,1.95953062800556,1.00113858797916
"mu[100]",1.43533542570136,2.21901047187147,1.74209327359467,1.00093126029449
"mu[101]",1.44151243491537,2.22496174347079,1.74708506440102,1.00094759201923
"mu[102]",1.46535257015583,2.2472293017058,1.77085199873613,1.0010214933419
"mu[103]",1.43520574914242,2.21876784835534,1.74183115477633,1.00093039724258
"mu[104]",1.44410582734403,2.2254350992676,1.74860006764502,1.00095250560851
"mu[105]",1.43803502110937,2.2227389080578,1.74407985509122,1.00093778433815
"mu[106]",1.43389439669821,2.21723354549912,1.74012885838603,1.00092478033367
"mu[107]",1.4724935882448,2.30988508136022,1.83803835954584,1.00015184457617
"mu[108]",1.47169291618221,2.33713595732449,1.84942430134298,1.0001301488372
"mu[109]",1.47179163159284,2.32275183358356,1.84293861902498,1.00014213265456
"mu[110]",1.47213079413143,2.34559681339655,1.85243918796574,1.00012490034551
"mu[111]",1.4712721419647,2.35444665844163,1.85570401510637,1.00011943773487
"mu[112]",1.47155212224081,2.32990451873181,1.84621698149312,1.00013595440168
"mu[113]",1.47214569919908,2.3459538445573,1.85255994529139,1.00012469424911
"mu[114]",1.36880375935888,2.0257245973197,1.65095018847372,1.00100209208774
"mu[115]",1.37730848092838,2.03425040501389,1.65812932828478,1.00096326175841
"mu[116]",1.39576470145398,2.05044074672893,1.67525082687831,1.00086630760316
"mu[117]",1.37284536857078,2.03045597083551,1.65450099437421,1.00098304805834
"mu[118]",1.37507066785842,2.03389369206094,1.65616955130639,1.00097398835227
"mu[119]",1.3690879278943,2.02595879728276,1.65124095237473,1.00100054510937
"mu[120]",1.36209040218226,2.02147576786809,1.64500314143531,1.00103321443559
"mu[121]",1.4956702639208,2.15802826765029,1.78306578304275,1.00043324067391
"mu[122]",1.50050815480101,2.24622046761457,1.82648161255915,1.00040194470729
"mu[123]",1.49847288797626,2.20971126212007,1.8105371576941,1.00041044267233
"mu[124]",1.49853199682348,2.20454941073314,1.80845023863279,1.00041178461896
"mu[125]",1.50019895131416,2.22613494577015,1.81837034287956,1.0004058980966
"mu[126]",1.49908139915754,2.21383251031765,1.81207739085998,1.00040948868087
"mu[127]",1.50000125958098,2.2255296213174,1.8180382518682,1.00040607567256
"mu[128]",1.50108399805937,2.23740428626618,1.82310407517557,1.00040350355604
"mu[129]",1.50054179508964,2.23494491931823,1.82218535654054,1.00040394871884
"mu[130]",1.49996729305674,2.22805686829068,1.81925639974117,1.00040543057334
"mu[131]",1.49818633696775,2.20188133023603,1.80706112897756,1.00041271004137
"mu[132]",1.39316316561534,1.98714929060724,1.64998998215332,1.000722686251
"mu[133]",1.40764701989413,1.9967942307795,1.66079340404234,1.00069324268123
"mu[134]",1.39633726969815,1.98858006391575,1.65229833502611,1.0007164437926
"mu[135]",1.4063864647914,1.99646313030188,1.66002058414054,1.00069536495527
"mu[136]",1.39918121639177,1.98921105843962,1.65370732713024,1.00071261850704
"mu[137]",1.42581729491244,2.0130118020616,1.67647013450275,1.00065005352166
"mu[138]",1.4033485879709,1.99410329277585,1.65749990848204,1.0007022733327
"mu[139]",1.41124956766923,1.99898245791951,1.66386950775141,1.00068477995565
"mu[140]",1.14817023845565,1.82345737914234,1.43927763121498,1.00583075338525
"mu[141]",1.14211405640556,1.83775940695423,1.44432502006221,1.00576829295309
"mu[142]",1.14819778400328,1.81501098665082,1.43738554396988,1.0058511073736
"mu[143]",1.14845854505381,1.81074084347132,1.43628070557868,1.00586209190548
"mu[144]",1.1444586999225,1.83128978724155,1.44202307764757,1.0057981166768
"mu[145]",1.14434079745897,1.83151290848465,1.4421226216944,1.0057968706329
"mu[146]",1.14962919084381,1.80281740942284,1.43413110442457,1.00588137201862
"mu[147]",1.10893645401161,1.6596531835966,1.37595583938757,1.00415549738228
"mu[148]",1.11233269129579,1.66380223537317,1.37782095724176,1.0042915331701
"mu[149]",1.10499189594993,1.65770484142729,1.37410335331513,1.00401735121568
"mu[150]",1.10787060925923,1.65866443335666,1.37519639185439,1.00409919789698
"mu[151]",1.11058228869066,1.6621166323119,1.37677934706558,1.00421597069479
"mu[152]",1.10596015427931,1.65831050895618,1.37439683090541,1.00403941634057
"mu[153]",1.10865861922847,1.65921043170578,1.3756155614964,1.00413033246607
"mu[154]",1.22316674567786,1.74832842681797,1.48157826770738,1.00208578756957
"mu[155]",1.21888391194336,1.74333243047405,1.47739332739955,1.00212447819355
"mu[156]",1.21874674911906,1.7435301727433,1.4773153707354,1.00212517232921
"mu[157]",1.21804642437624,1.74202390508607,1.47651298492355,1.00213225794468
"mu[158]",1.21996986050147,1.7431323001221,1.4780095283461,1.00211895619944
"mu[159]",1.22169342984112,1.74454473607542,1.4793454194964,1.00210677334488
"mu[160]",1.27217791759436,1.91320389781066,1.56720132178586,1.0012141355453
"mu[161]",1.21402490857009,1.7397424518827,1.47295567005924,1.0021623352503
"mu[162]",1.27354352927445,1.90965537297315,1.56602603085872,1.0012223765626
"mu[163]",1.27279573236847,1.91510367400762,1.56800375378994,1.00120859285337
"mu[164]",1.27121561984167,1.9217155610765,1.57108800270757,1.00118791549559
"mu[165]",1.27284019043459,1.91470160830277,1.56791455069032,1.00120920566228
"mu[166]",1.27422581934387,1.9037744498542,1.56346839002535,1.00124081945811
"mu[167]",1.27038649005498,1.94409327323822,1.58048785165031,1.00113082375925
"mu[168]",1.51301984533195,2.11109007255547,1.78417189830069,1.00005976324053
"mu[169]",1.51453326057018,2.13021321090955,1.79346247863776,1.00008479339792
"mu[170]",1.51312581508522,2.11216085541987,1.78466431349421,1.0000611059089
"mu[171]",1.50707684361928,2.07077717274818,1.76357100507062,1.00000267248649
"mu[172]",1.51138015888617,2.09429271621889,1.775896205122,1.0000369912207
"mu[173]",1.51746359563859,2.16283387827482,1.80793211843384,1.00012220114465
"mu[174]",1.51360494790694,2.11799442386782,1.78703066078649,1.00006753513514
"mu[175]",1.51038511964515,2.0891273454756,1.77247803636071,1.000027499029
"mu[176]",1.51776847365048,2.17221881012245,1.81205426130448,1.00013244283905
"mu[177]",1.40843322431327,1.88158230025735,1.61881903419785,0.99994951116318
"mu[178]",1.40151031715624,1.87740838581418,1.61344580531376,0.999969231582016
"mu[179]",1.41020972792452,1.88298494776111,1.62075849927967,0.999942703628021
"mu[180]",1.38429946373569,1.87280956874897,1.60141350378674,1.00001733312579
"mu[181]",1.41272724597139,1.88337961591401,1.6222269611037,0.999937665605539
"mu[182]",1.4146797520043,1.88476311754484,1.62389742367251,0.999932060344589
"mu[183]",1.40482486146916,1.8789629426262,1.61623254199711,0.999958851147624
"mu[184]",1.3950933694902,1.87477621983103,1.60850404740845,0.99998838622721
"mu[185]",1.39481835601904,1.87465110981837,1.60822234341771,0.999989505008989
"mu[186]",1.39561465346226,1.87469709948445,1.60889151060875,0.999986851968325
"mu[187]",1.40369284408283,1.87826258591809,1.61493274743729,0.999963653025589
"mu[188]",1.24503772057299,1.77410409910135,1.48693352534516,1.00513121880875
"mu[189]",1.23997839271988,1.79174853606425,1.49360430192994,1.0050519979942
"mu[190]",1.24288709015347,1.78639417218102,1.49153079631731,1.00507979009421
"mu[191]",1.24267605668908,1.78433566089666,1.49066545078398,1.00509059551458
"mu[192]",1.23977013247186,1.79695920509587,1.49539559612019,1.00502600001668
"mu[193]",1.24536303546241,1.76484776108037,1.48306037753209,1.005161686675
"mu[194]",1.24385599260015,1.78167837734904,1.48960991307577,1.00510309979049
"mu[195]",1.23864800652695,1.80377412079129,1.49743695409234,1.0049943564545
"mu[196]",1.23973204125239,1.79613356210451,1.49515314410885,1.00502961980783
"mu[197]",1.24272073992052,1.78562155290481,1.4910178115822,1.00508625452347
"mu[198]",1.24503772057299,1.77410409910135,1.48693352534516,1.00513121880875
"mu[199]",1.22109172231099,1.67377033352912,1.43980209400607,1.00417448148739
"mu[200]",1.19529858993249,1.66200184466773,1.42678460371233,1.00339528497057
"mu[201]",1.20346571954863,1.66470018287895,1.43089998500167,1.00365381175484
"mu[202]",1.18410572197858,1.65889112735026,1.42108642082721,1.00303072346424
"mu[203]",1.1928263663457,1.66174799637917,1.42509392807388,1.00328746822643
"mu[204]",1.18405293973918,1.65889079498901,1.42106188724732,1.00302915284739
"mu[205]",1.19892489308677,1.66314543124779,1.42822568007047,1.00348658479239
"mu[206]",1.3842293626443,2.12969325122405,1.7188216786074,1.00076315319372
"mu[207]",1.38232207247158,2.15239344924556,1.72848156906618,1.00079911205697
"mu[208]",1.38319655051205,2.1489210506939,1.72716748163108,1.00079448884353
"mu[209]",1.38299722787778,2.17430206232929,1.73659798275202,1.00082585961094
"mu[210]",1.38442223072301,2.13582642772801,1.7209302590196,1.00077139649501
"mu[211]",1.38317249255184,2.17082114722185,1.73554570038017,1.00082256406996
"mu[212]",1.38265322915365,2.16219647480232,1.73231788457908,1.00081213793363
"mu[213]",1.33891767197772,1.94565929789131,1.61429262870817,1.00012316873943
"mu[214]",1.31192808710364,1.92081269589913,1.58858269627322,0.9999688675097
"mu[215]",1.33099795559759,1.93856703349203,1.60514403916243,1.00006385939225
"mu[216]",1.33629631170491,1.9429486749206,1.6099830345507,1.00009473888548
"mu[217]",1.31590006469448,1.92383274766131,1.59298202082513,0.999992273182505
"mu[218]",1.31662966397651,1.92452749061599,1.59337168810129,0.999994414781439
"mu[219]",1.34750884164708,1.95158308668572,1.62341615456775,1.00018560727843
"mu[220]",1.33793214280495,2.04376664796266,1.66223355767056,1.00031454260671
"mu[221]",1.34136306338237,1.99518771588195,1.64233712199044,1.00016699742381
"mu[222]",1.33998678599161,2.02042549470924,1.65170097526448,1.00023563770088
"mu[223]",1.33802063147159,2.02972597876893,1.65648819736751,1.00027139520812
"mu[224]",1.33801955709357,2.02975760372263,1.65650504068338,1.0002715214557
"mu[225]",1.34128483949364,1.97829514718043,1.63576645824807,1.00012062138755
"mu[226]",1.33820442034879,2.02565674124349,1.65432931346932,1.0002552353954
"mu[227]",1.27847503428812,1.8220095427229,1.53707044423155,1.00014231222447
"mu[228]",1.27473551720337,1.81993969000701,1.53402165334551,1.00017344863856
"mu[229]",1.29303878107734,1.83594982171545,1.54957488589905,1.00003203267945
"mu[230]",1.28217555752558,1.82581063329897,1.54133253104342,1.00010142192033
"mu[231]",1.28298664641137,1.82614245085471,1.54169128974673,1.00009812840306
"mu[232]",1.27370690202549,1.81739825318378,1.53220100220363,1.00019273826705
"mu[233]",1.29159089393506,1.83366977148576,1.54875406167174,1.00003833237082
"alpha[1]",2.11209281876829,10.2179267357588,5.34176945784699,1.00052018832817
"alpha[2]",2.13941374798946,10.305056418426,5.39658571097122,1.00053207612619
"alpha[3]",2.12502040141776,10.2538688445475,5.37494090462201,1.00052732679124
"alpha[4]",2.13323644850584,10.2885409926036,5.38618470457275,1.00052978547343
"alpha[5]",2.14116108131217,10.3082544332281,5.40154655926778,1.00053317396135
"alpha[6]",2.14746771128574,10.3324765227153,5.41341288596715,1.00053581325793
"alpha[7]",2.12861678942994,10.2710340757861,5.37986219621534,1.0005284006266
"alpha[8]",2.15252550142235,10.366706138175,5.42764370384319,1.00053900194374
"alpha[9]",2.15271853522121,10.3623831768149,5.43279007384253,1.00054016106407
"alpha[10]",1.80519814854873,9.36202549088273,4.75315313330043,1.00044610918705
"alpha[11]",1.75733864240846,9.34252895893639,4.68134855637341,1.00044652303879
"alpha[12]",1.7614497821095,9.34778406526092,4.68383736103661,1.0004464700059
"alpha[13]",1.78148460283321,9.36004208177915,4.71029876678845,1.00044607740311
"alpha[14]",1.77617567736683,9.35978236386367,4.70480697288292,1.00044613308067
"alpha[15]",4.51748190084677,22.487057651631,12.0777536225413,1.00264206438855
"alpha[16]",4.64318246386236,23.5369789275801,12.547075814477,1.00276245011114
"alpha[17]",4.61960824825284,23.3683906003705,12.4580845464488,1.00274149573755
"alpha[18]",4.5732901176993,22.9488471905173,12.2845483324541,1.00269813262989
"alpha[19]",4.58936158482351,23.0908707966937,12.3445653925695,1.00271350690802
"alpha[20]",4.57281828045553,22.946075583331,12.2827894596831,1.00269767601186
"alpha[21]",4.64318246386236,23.5369789275801,12.547075814477,1.00276245011114
"alpha[22]",4.55163591272214,22.8170979224875,12.2040124927843,1.00267686959899
"alpha[23]",3.88923481273928,19.016854709677,10.1564573574139,1.00190294556778
"alpha[24]",3.87188270652722,18.9504407399799,10.1190415919023,1.00188543993413
"alpha[25]",3.86621281602086,18.9415231009008,10.1092165367557,1.00188083174089
"alpha[26]",3.96824220206577,19.3052633231034,10.3556071171653,1.00199482423135
"alpha[27]",3.94171977070053,19.2179125825909,10.286890338567,1.00196338634194
"alpha[28]",3.82020479827898,18.7963212988035,10.0113375970039,1.0018346857036
"alpha[29]",3.82470267618672,18.8181743602627,10.0218809739317,1.00183967613798
"alpha[30]",3.79784938864936,18.7672297805888,9.98188198035385,1.00182072050487
"alpha[31]",1.1828191725157,5.50253261989368,2.88370823587073,1.00391332492985
"alpha[32]",1.18736594988315,5.57146349412142,2.91185916476795,1.00396461196114
"alpha[33]",1.19070849179953,5.60309677739356,2.92551815301769,1.00398775871842
"alpha[34]",1.19158237927211,5.58202103018701,2.91823988649102,1.00397556499599
"alpha[35]",1.20057637001494,5.66883522036461,2.95927894101829,1.00404019323747
"alpha[36]",1.19383979398646,5.6258190953533,2.93663732938308,1.00400577405717
"alpha[37]",1.18405837101826,5.5307837863567,2.89457137485296,1.00393369168285
"alpha[38]",0.976592842478394,4.66442403625443,2.43030073529941,1.00244116260775
"alpha[39]",1.00090794696584,4.70179292256191,2.46855893827883,1.00260381567033
"alpha[40]",0.94571283139897,4.62284470889377,2.39038226076057,1.00226777254679
"alpha[41]",0.959695171414125,4.64292986277533,2.40855937951948,1.00234710734122
"alpha[42]",1.01303119210622,4.73243248753282,2.49075989543178,1.00269615544719
"alpha[43]",0.969890055399608,4.66078916069358,2.42005311761462,1.00239695666577
"alpha[44]",1.02178346193765,4.75545120083864,2.50434740238064,1.0027518121081
"alpha[45]",1.77312424365007,10.2491428566017,4.9899894013704,1.00090131873331
"alpha[46]",1.7557539477645,10.1803567517314,4.95679055689903,1.00092608193596
"alpha[47]",1.76593159010755,10.1813357842021,4.97604769580829,1.00091164440899
"alpha[48]",1.77721773443101,10.260934942091,4.99823328986143,1.00089526284449
"alpha[49]",1.76498833020519,10.1778061619326,4.97426156484114,1.00091297494954
"alpha[50]",1.74453152838149,10.1095002348761,4.92713808320042,1.00094871356457
"alpha[51]",1.75949316475731,10.1806481442673,4.96386170143292,1.00092075685382
"alpha[52]",1.44079439771262,9.22359710527761,4.31880625848004,1.00152741958217
"alpha[53]",1.4536195048014,9.22612813760219,4.34117696483297,1.00150207553421
"alpha[54]",1.4513870564337,9.22790556226135,4.33726750052302,1.00150648103585
"alpha[55]",1.44421074199186,9.21024298887177,4.32471376318174,1.00152069507155
"alpha[56]",1.42986954724292,9.19866429205023,4.29985330187658,1.00154914879939
"alpha[57]",4.30877801348129,18.8482191124567,10.1205822716866,1.00022382847538
"alpha[58]",4.31677948915477,19.0395150204259,10.1890315219524,1.00022566744658
"alpha[59]",4.28937592412213,18.6788298575318,10.0674332533897,1.00022277119998
"alpha[60]",4.3096481622254,18.8596696782136,10.1260127078408,1.0002239551815
"alpha[61]",4.18609422575044,18.1798658521948,9.85122195994048,1.00022225089079
"alpha[62]",4.27882245166797,18.598491144132,10.0287592509388,1.00022221806085
"alpha[63]",4.24530267828474,18.4140366528241,9.95103180205069,1.00022169175673
"alpha[64]",4.29198752454394,18.6945583457401,10.0746133552483,1.00022289427496
"alpha[65]",4.28276484205231,18.6252210589545,10.0432616092093,1.0002224035357
"alpha[66]",3.76389799714933,16.1682312773424,8.79378598392088,1.00034880896643
"alpha[67]",3.70878970694739,15.9093782419473,8.66722147754195,1.00038261623188
"alpha[68]",3.72651163294736,15.9987094953434,8.70790337840321,1.00037126040106
"alpha[69]",3.69266987713907,15.8599675441482,8.64288541502812,1.00038963152438
"alpha[70]",3.61006324919387,15.6276914844476,8.51510297552649,1.00042919471563
"alpha[71]",3.63713902439346,15.7077391159889,8.55548530489031,1.00041619749751
"alpha[72]",3.63673894066786,15.7059521894964,8.55467433405888,1.00041645402863
"alpha[73]",3.73035309675134,16.0239978089979,8.71695991225828,1.00036879557448
"alpha[74]",3.63645890825284,15.7036913453267,8.55410673540056,1.00041663368428
"alpha[75]",2.8698166631657,15.127162418618,7.75349413214049,1.00011591656052
"alpha[76]",2.89072871268668,15.5279030580083,7.90813888559488,1.00012180313582
"alpha[77]",2.8677251259021,15.0329476164313,7.70547059750904,1.00011396919306
"alpha[78]",2.86352996172545,14.9857546327265,7.68726897081973,1.00011321828105
"alpha[79]",2.8699045702426,15.066434862175,7.71988723710677,1.00011455907756
"alpha[80]",2.85835133556633,14.8926287653927,7.64284358405588,1.00011135849793
"alpha[81]",2.85583467233131,14.7726971144246,7.59130480722046,1.00010915813887
"alpha[82]",2.50703226713624,12.5810559054748,6.56366300156787,1.0000751236617
"alpha[83]",2.43044723272409,12.2700419412375,6.39917588578839,1.0000771168404
"alpha[84]",2.47640869256029,12.4362638831993,6.48714272723381,1.00007557162967
"alpha[85]",2.40790153853516,12.189022478532,6.36294377472505,1.00007810600724
"alpha[86]",2.44367500937989,12.3067562002715,6.42232397659018,1.00007659583717
"alpha[87]",2.43565290326204,12.283778960423,6.4079892585785,1.00007690848241
"alpha[88]",2.44397559964996,12.3144249727557,6.4271140032779,1.00007649851763
"alpha[89]",0.949069853733157,3.67210974455947,2.05228042022614,0.999828575297049
"alpha[90]",0.945740405993927,3.61771729275314,2.03377279173727,0.999829191717445
"alpha[91]",0.937484186498418,3.50117162277307,1.9943830772867,0.999831044024235
"alpha[92]",0.939453896532542,3.53730962412712,2.00821915420605,0.999830298557699
"alpha[93]",0.946183299488381,3.62417261867363,2.03598341024043,0.99982911057803
"alpha[94]",0.943611354200801,3.60472767868859,2.02929540847712,0.999829362749646
"alpha[95]",0.94906939569483,3.65041435919062,2.04416425461429,0.999828828471548
"alpha[96]",0.949303160450787,3.6612260537532,2.04911851998465,0.999828670895249
"alpha[97]",0.949427673863805,3.654375031442,2.04641401000065,0.999828755715089
"alpha[98]",0.939450384595552,3.53662671401518,2.00778121770904,0.99983032046499
"alpha[99]",0.941302408060365,3.57813798893506,2.02297168981317,0.999829620178591
"alpha[100]",0.763963760955547,2.78404697979145,1.59967665545963,0.999972527402862
"alpha[101]",0.77060293928083,2.79353527768716,1.60858277754161,0.999964957401301
"alpha[102]",0.797860323992739,2.85599175885479,1.65149418197607,0.999932323372543
"alpha[103]",0.763949027820954,2.78395062529834,1.5992100132142,0.999972931822976
"alpha[104]",0.772335720117901,2.79870745691948,1.61129307091798,0.999962709388729
"alpha[105]",0.76654298021904,2.78776983027177,1.60321660745805,0.999969484784703
"alpha[106]",0.761931871920817,2.7805033827314,1.59618193548583,0.999975575093887
"alpha[107]",1.55222748551276,7.39892716751682,3.84286177399684,1.00001795092319
"alpha[108]",1.56570678509824,7.53155352934454,3.89146307353031,1.00001794678553
"alpha[109]",1.55508057844186,7.43710302421977,3.86372107948742,1.0000178650205
"alpha[110]",1.56408086061699,7.55747347679017,3.90441105125944,1.00001805670464
"alpha[111]",1.56555199410296,7.58222627161051,3.91846975665825,1.00001822476282
"alpha[112]",1.55991065316064,7.47641390834503,3.87772492927877,1.00001787933707
"alpha[113]",1.56394247067431,7.5589004321524,3.90493035433736,1.00001806202381
"alpha[114]",1.24880272883989,5.88896805977746,3.10997055785263,1.00017942815068
"alpha[115]",1.26169652328357,5.9282323199089,3.13586026860033,1.00016606168476
"alpha[116]",1.29321019738768,6.00581462757376,3.19831116842636,1.00013665086136
"alpha[117]",1.25543098515652,5.91655913690325,3.12275378374271,1.00017274159158
"alpha[118]",1.25889899047363,5.92049618083406,3.12877549961338,1.00016965048186
"alpha[119]",1.24927315423758,5.89172149488098,3.11101572887476,1.00017887508231
"alpha[120]",1.23811500208421,5.85502108859347,3.08865626421666,1.00019095488836
"alpha[121]",1.89223737601246,6.95143464399162,3.97262996429402,0.999951501388119
"alpha[122]",1.97223023674064,7.37766464703265,4.16715132797893,0.999972325269109
"alpha[123]",1.94487106238732,7.2078273804406,4.09485594892663,0.999963188691963
"alpha[124]",1.94204531916285,7.19143406903913,4.08546732227067,0.999962107413099
"alpha[125]",1.96146548596669,7.28898859351025,4.13024828964757,0.999967492665887
"alpha[126]",1.9470356373082,7.22066064897639,4.10179609665809,0.999964004858841
"alpha[127]",1.9611599457016,7.28821243976955,4.12874292526367,0.999967302664258
"alpha[128]",1.96570560242248,7.33858126861517,4.15175340322064,0.999970269311756
"alpha[129]",1.96489145757315,7.32618724605734,4.14757281256067,0.999969720642622
"alpha[130]",1.96228275651065,7.2986128351861,4.13426689615402,0.99996800274421
"alpha[131]",1.94008260730972,7.17328392069322,4.07922745772062,0.999961403701275
"alpha[132]",1.546890691922,6.13393780921788,3.42156266473858,1.00000991745314
"alpha[133]",1.57656158016881,6.17125936698827,3.46380179551976,0.999996800881763
"alpha[134]",1.55141883581233,6.1338111686653,3.43055119371949,1.00000698975849
"alpha[135]",1.57564799562219,6.16591185870926,3.46076573365429,0.999997689447249
"alpha[136]",1.55526549696172,6.13716196744956,3.43604747252408,1.00000523596164
"alpha[137]",1.62921345777755,6.24065542552985,3.52587190942628,0.999980455660542
"alpha[138]",1.56851213645025,6.15583647058769,3.45087866715709,1.00000064117261
"alpha[139]",1.59086751088549,6.17782330328062,3.47590858980303,0.999993340700162
"alpha[140]",2.81680320053046,18.7576262932237,8.77381001116203,1.0023025477458
"alpha[141]",2.82643034980144,19.0196017197415,8.8325772893434,1.00230326124738
"alpha[142]",2.80766477020814,18.6885156949388,8.75196963278798,1.00230187172001
"alpha[143]",2.80480849861977,18.6128153501972,8.73926479054964,1.00230137078783
"alpha[144]",2.81783621788979,18.8859849616176,8.8056849708671,1.00230312901072
"alpha[145]",2.81895123916044,18.8916332810903,8.8068447597696,1.00230314135575
"alpha[146]",2.80537728932531,18.559458886912,8.71464879667411,1.00230016759086
"alpha[147]",2.47228948637392,17.5627991115131,8.10624331388621,1.00213231010679
"alpha[148]",2.49194209547108,17.5918940742201,8.12379127123842,1.00214211694656
"alpha[149]",2.43922763234235,17.565530611509,8.08896281150496,1.00212227495435
"alpha[150]",2.46451303353079,17.5633714086036,8.09914092622848,1.00212823150545
"alpha[151]",2.4826118560334,17.5623587555147,8.11397291905771,1.00213667694661
"alpha[152]",2.4460010832974,17.553638596942,8.09169047868416,1.00212388426506
"alpha[153]",2.47034526400745,17.5634732943066,8.1030579318719,1.00213048874683
"alpha[154]",2.29855302616472,12.6130434158172,6.39056051279028,1.00102880617613
"alpha[155]",2.27579040542285,12.5881065273479,6.35741716323099,1.00101617104083
"alpha[156]",2.27503453859474,12.5891465123861,6.35680191116101,1.00101593793724
"alpha[157]",2.2701668379578,12.5903096858839,6.35047385207848,1.0010135435951
"alpha[158]",2.2799677693916,12.5895079677047,6.36228312107965,1.00101801654854
"alpha[159]",2.28225764540072,12.5907196420499,6.37284905658336,1.00102203540096
"alpha[160]",2.62071252390167,13.9761552815655,7.11678058297852,1.00131110237251
"alpha[161]",2.26056015283654,12.5331626226876,6.32251910027752,1.00100303881694
"alpha[162]",2.61620825125663,13.9427892672984,7.10620486655452,1.00130730883894
"alpha[163]",2.62074221305501,13.9924390629858,7.12401072513335,1.00131368535556
"alpha[164]",2.63144736020757,14.0138614149574,7.15187279756107,1.0013235578927
"alpha[165]",2.6202465293162,13.9878121320055,7.12320659679626,1.00131339850317
"alpha[166]",2.61028803354766,13.8532276259698,7.08324774499928,1.00129901255044
"alpha[167]",2.65830734518267,14.168247449449,7.23749252275221,1.00135304990823
"alpha[168]",3.53091683358979,14.0868297500667,7.85263393879722,1.00046816881429
"alpha[169]",3.54811814227319,14.2623156700395,7.93782627590428,1.00046827896026
"alpha[170]",3.53271984364957,14.0974333518284,7.85713286501674,1.00046817106532
"alpha[171]",3.47933500817928,13.622555404158,7.6660531789895,1.00046851487051
"alpha[172]",3.51036597250034,13.8857895140037,7.77729751573608,1.00046819881819
"alpha[173]",3.59225042705146,14.572211031018,8.07181491679973,1.0004686888337
"alpha[174]",3.53459258678992,14.1455137690906,7.87877846156666,1.00046818774411
"alpha[175]",3.50442089356829,13.8165406670207,7.74633147194996,1.00046825163429
"alpha[176]",3.60126885464646,14.6941097043984,8.11027804362589,1.00046884691614
"alpha[177]",3.01451557564946,11.1818211209237,6.44328283297045,1.00052290178556
"alpha[178]",2.99060061411455,11.1149638742974,6.40079945811961,1.0005275809129
"alpha[179]",3.02344696061963,11.1933886513498,6.45866732163512,1.00052126985849
"alpha[180]",2.94250788631085,10.9752430604437,6.30640455900128,1.00053890948917
"alpha[181]",3.03160604252274,11.2144486509436,6.47033336292952,1.00052005424473
"alpha[182]",3.03957019783241,11.2275688598137,6.48362274501543,1.00051869228613
"alpha[183]",3.00267964944351,11.1560064109852,6.42280729954777,1.0005251251086
"alpha[184]",2.96723149211267,11.0513256746012,6.36190738474584,1.00053209064692
"alpha[185]",2.96600374836216,11.0482835579406,6.3596955347472,1.00053235371206
"alpha[186]",2.96892046971772,11.0561482624178,6.36495053551024,1.00053172987747
"alpha[187]",2.99795634116799,11.1242110250383,6.41253554022002,1.00052626274112
"alpha[188]",3.34107405582885,14.7658554064844,8.02155979574461,1.0007998645139
"alpha[189]",3.36567777604973,14.9139048086791,8.09150652889779,1.00080045703576
"alpha[190]",3.35807289231777,14.8743964584261,8.06966149041745,1.00080020299879
"alpha[191]",3.35487903580783,14.8642495939106,8.06057225690678,1.00080011552024
"alpha[192]",3.3723046374254,14.9655784859016,8.11045286480298,1.00080072656532
"alpha[193]",3.31285684231585,14.6670582243652,7.98139270845209,1.00079982270878
"alpha[194]",3.35097955834783,14.8330500870543,8.04950727761067,1.0008000236851
"alpha[195]",3.38147052635895,15.0059801367366,8.13212792056706,1.00080108966827
"alpha[196]",3.37141338895817,14.959047868004,8.10788444494698,1.00080068738669
"alpha[197]",3.35617986980451,14.8683899804922,8.06427135460234,1.00080014981768
"alpha[198]",3.34107405582885,14.7658554064844,8.02155979574461,1.0007998645139
"alpha[199]",3.01925769338719,14.0417445684137,7.55606847410542,1.00081374385256
"alpha[200]",2.94640842939883,14.0428377331678,7.43698714704813,1.00082191039865
"alpha[201]",2.97532440313546,14.0648177213356,7.47416013581775,1.00081921305339
"alpha[202]",2.884919033479,13.9349274742647,7.38625908336032,1.0008257607783
"alpha[203]",2.92941211969643,14.0374835395311,7.42184527277126,1.00082304118193
"alpha[204]",2.88464842048591,13.9347460677024,7.38604256250984,1.00082577756269
"alpha[205]",2.9548361737806,14.0347674912748,7.44995333887689,1.00082095626005
"alpha[206]",1.60403535881402,8.04309830386018,4.18302687041338,0.999959634787843
"alpha[207]",1.62052128158267,8.14488592656671,4.22975707636802,0.999967244922662
"alpha[208]",1.61557786211831,8.12491004490727,4.22337433744842,0.999966196339198
"alpha[209]",1.63431017903477,8.24497296166391,4.26935997866239,0.999973797261917
"alpha[210]",1.60816730146901,8.05517881751697,4.19318983140979,0.999961275294949
"alpha[211]",1.63254042266118,8.23710322877113,4.26420800726528,0.999972941169877
"alpha[212]",1.62890407765703,8.19619978958053,4.24843717865337,0.999970326752559
"alpha[213]",1.43438918154597,7.11646705312284,3.70521724222694,0.999910589956652
"alpha[214]",1.36944917866464,6.95613009637531,3.59546754542166,0.999914269199912
"alpha[215]",1.41430946793284,7.0687746395505,3.66581291084768,0.999910980129025
"alpha[216]",1.42628899226736,7.09423607988558,3.68660686286137,0.999910651415332
"alpha[217]",1.38284305342254,6.99652036460478,3.61402991560224,0.999913061012701
"alpha[218]",1.38475150743283,6.99561685790157,3.61567839275598,0.999912965838981
"alpha[219]",1.4576623293255,7.1793799404181,3.74489986119452,0.999911155362254
"alpha[220]",2.23955274220919,11.549652212763,5.88303325860177,1.00029830000239
"alpha[221]",2.18574236627163,11.2121924458244,5.7433429356375,1.00021739298813
"alpha[222]",2.21277821290954,11.3503057322378,5.80869717748245,1.00025381470778
"alpha[223]",2.22360262975222,11.456717628239,5.842375786496,1.00027359656601
"alpha[224]",2.22364327553736,11.4570035291317,5.84249459952633,1.00027366748235
"alpha[225]",2.17149922657422,11.1129751234283,5.69789536104482,1.00019376256157
"alpha[226]",2.21859556204549,11.414311647273,5.82716547590172,1.00026458251852
"alpha[227]",1.88892569088827,9.83370211320291,5.05614108953119,1.00008185359299
"alpha[228]",1.87890940162972,9.84532746943374,5.03754346917593,1.00008626581605
"alpha[229]",1.92859117739793,9.95556436583306,5.13319198156324,1.00006859460931
"alpha[230]",1.90225438723097,9.86294853031397,5.0822639006342,1.00007645228411
"alpha[231]",1.90326890877239,9.8667984880835,5.08446936937504,1.00007603886355
"alpha[232]",1.87114120546285,9.82753514237647,5.02647284200382,1.00008911585917
"alpha[233]",1.92706912030971,9.94453862307976,5.12809606064733,1.0000692221774
"beta[1]",1.19458266850832,6.06322089072448,3.13389106479192,1.00042201507039
"beta[2]",1.20204665869165,6.09263306315125,3.14923090971392,1.0004296645733
"beta[3]",1.19916960565429,6.07715550466069,3.14319240545453,1.00042663290589
"beta[4]",1.20216849750165,6.08416401869635,3.14633222442301,1.00042820602454
"beta[5]",1.20140105005074,6.09531301028638,3.15061151390338,1.00043036134111
"beta[6]",1.20354479192071,6.10057582148909,3.15390883368404,1.00043203080594
"beta[7]",1.20102600964109,6.07912713205749,3.14456747279413,1.00042732097264
"beta[8]",1.20506597214289,6.10582024998728,3.15785378659891,1.00043403795866
"beta[9]",1.20595686768291,6.11179430591018,3.15927791432124,1.00043476511951
"beta[10]",1.10186179380986,5.83619597081382,2.95795385083501,1.00035011443023
"beta[11]",1.08852195933138,5.80939193735129,2.93483087056971,1.00034334441028
"beta[12]",1.08903187803816,5.81058934912998,2.9356394766346,1.00034356907387
"beta[13]",1.0937155835267,5.81772360041056,2.94420458576019,1.00034600295644
"beta[14]",1.09271344786639,5.81643968467872,2.94243178136672,1.00034549110192
"beta[15]",2.43861991173914,11.9789472076942,6.47430827394617,1.00256965157839
"beta[16]",2.47334096879468,12.2451315253686,6.59583315476339,1.00264359609985
"beta[17]",2.46577888119464,12.2006355673481,6.57304652074135,1.00263015153118
"beta[18]",2.4508267206589,12.0835276168083,6.52827003741735,1.00260316614292
"beta[19]",2.45596853284054,12.1170425854016,6.5438074833377,1.00261261500842
"beta[20]",2.45070538423929,12.0828869822834,6.52781386343772,1.00260288736559
"beta[21]",2.47334096879468,12.2451315253686,6.59583315476339,1.00264359609985
"beta[22]",2.44558228536086,12.0460163010152,6.50733377529871,1.00259029163269
"beta[23]",2.22645512749589,11.0102966633321,5.93742311104966,1.002180679943
"beta[24]",2.21988483735069,10.9892719993653,5.9262485969901,1.00217162508348
"beta[25]",2.21818738184027,10.9871701017764,5.92330916049781,1.00216923770846
"beta[26]",2.25862642452225,11.119422218906,5.99639041528464,1.00222789653784
"beta[27]",2.24936855348244,11.0790152814086,5.97613977845037,1.00221179056413
"beta[28]",2.20293261969955,10.9528355827998,5.89390892372211,1.00214523520355
"beta[29]",2.2060530867074,10.9625918411677,5.89708616202793,1.00214783984539
"beta[30]",2.19587679775243,10.9320782818203,5.88501922590989,1.00213793401372
"beta[31]",0.640156458648895,2.94124996330586,1.55781380824041,1.00360198884156
"beta[32]",0.643494841935442,2.95142110674245,1.56510964546713,1.00364101537458
"beta[33]",0.645130028569119,2.95885386296273,1.56862877493813,1.00365946900717
"beta[34]",0.644248702367654,2.95331004294639,1.56675526920993,1.00364967481655
"beta[35]",0.646806822096441,2.97522228931161,1.5772695632948,1.00370375079467
"beta[36]",0.646478792020578,2.96191143589685,1.57148360922325,1.00367426127239
"beta[37]",0.64158313998498,2.94413722792225,1.56063610113759,1.00361720839047
"beta[38]",0.584102745123514,2.69350900582846,1.43120783993874,1.00277407854972
"beta[39]",0.588878575859074,2.71233090379687,1.44263907367192,1.00285900696341
"beta[40]",0.576270003872942,2.66954444276973,1.41911031424114,1.00268252436528
"beta[41]",0.579677626921942,2.68009666356591,1.42464098444135,1.00272458342079
"beta[42]",0.592477781390186,2.71964782909551,1.44920169352919,1.00290701170234
"beta[43]",0.581892510175677,2.68719402273752,1.42811909229362,1.0027508599732
"beta[44]",0.5940758669187,2.72203429134281,1.4531931078556,1.00293592591439
"beta[45]",0.994413240048469,6.34334898183687,2.96817769872581,1.0015348131619
"beta[46]",0.990164185088434,6.31449499614416,2.95887903807123,1.00155034054126
"beta[47]",0.991860041502801,6.33122676007491,2.9642800086134,1.00154130433715
"beta[48]",0.99525598109075,6.35221316738189,2.97047755304631,1.00153099475793
"beta[49]",0.991633003230386,6.32967068367317,2.96377990391118,1.00154213902181
"beta[50]",0.987891156546526,6.29528687050568,2.95052294464187,1.00156441608311
"beta[51]",0.99071006551594,6.32062389367623,2.96086458836887,1.00154701296824
"beta[52]",0.895868356583487,6.00448760116102,2.76686419979256,1.00190393949257
"beta[53]",0.899972647803101,6.02609536894034,2.77409507735804,1.00188944515768
"beta[54]",0.899181501837621,6.01994028873134,2.77283446775741,1.00189196516877
"beta[55]",0.896930717918301,6.00716935323004,2.76877779994262,1.00190009434892
"beta[56]",0.892446038109172,5.99058011899279,2.76070462766898,1.0019163620964
"beta[57]",2.50716271708925,11.4168540236166,6.11299366446795,1.00011280453671
"beta[58]",2.51747679138509,11.4837980731554,6.13285780310829,1.00011202271452
"beta[59]",2.49925007051251,11.3958221810492,6.09749389873318,1.00011354428013
"beta[60]",2.50796880248997,11.4171646464989,6.11457358688175,1.00011273556669
"beta[61]",2.47071553739034,11.259259464237,6.03374076861344,1.0001178316472
"beta[62]",2.49091886619175,11.3821104697709,6.08617333651004,1.00011415780196
"beta[63]",2.48170248780223,11.3141906793669,6.06331250640702,1.0001155890443
"beta[64]",2.50032149872545,11.3983602610164,6.09959172296338,1.00011343741472
"beta[65]",2.49112852895031,11.3872603328643,6.09042261352874,1.00011392019654
"beta[66]",2.34094755411064,10.6407946622274,5.70399707797166,1.00017691894351
"beta[67]",2.31311379506462,10.5585639423693,5.66229183531736,1.0001893621225
"beta[68]",2.32124300382394,10.5864668266224,5.67575478111161,1.00018521380527
"beta[69]",2.3071260275243,10.5426050809267,5.65421182474155,1.00019191247444
"beta[70]",2.28862861238392,10.4566772849054,5.61145510878975,1.0002061724681
"beta[71]",2.2919478636964,10.4836231808626,5.62502794117998,1.00020150575788
"beta[72]",2.29168056257001,10.4822760470048,5.62475592364824,1.0002015980018
"beta[73]",2.32160110682334,10.5924125077619,5.67874440718175,1.00018430969721
"beta[74]",2.29164266202459,10.481770074837,5.62456552500362,1.00020166259911
"beta[75]",1.63384546539123,8.70652657839893,4.48844235427418,1.00009384329268
"beta[76]",1.64255900916157,8.80359232655143,4.53113360865728,1.00009532521578
"beta[77]",1.62854244990388,8.68107387676742,4.47504991306574,1.00009340397882
"beta[78]",1.62681699034239,8.66805078585622,4.46995693678875,1.00009324051598
"beta[79]",1.63008585615279,8.68888131589843,4.47907714817388,1.00009353466575
"beta[80]",1.6227310121466,8.62568162526846,4.45748660332312,1.00009284913699
"beta[81]",1.61836475933855,8.59605290155159,4.44294821229286,1.00009240966624
"beta[82]",1.51472765077938,8.03526032376009,4.13528713805487,1.00009014635746
"beta[83]",1.49010602338733,7.95508886153369,4.08248663552353,1.00009179662238
"beta[84]",1.50418776670301,8.00541257402688,4.11086072214495,1.00009081107869
"beta[85]",1.48382064745628,7.94077591255313,4.07070635353532,1.00009227670458
"beta[86]",1.49401071753848,7.96648702536822,4.08998410260896,1.00009151309474
"beta[87]",1.4916300099376,7.95716735723701,4.08534384058271,1.00009168657608
"beta[88]",1.49485954047449,7.96864539987779,4.09153277163892,1.00009145662954
"beta[89]",0.504154615168797,1.79227929637251,1.0426904529302,1.00006203984003
"beta[90]",0.501901929425287,1.78570768860106,1.03818929135863,1.00006603165883
"beta[91]",0.498757962020377,1.76947897066471,1.02850493398877,1.00007490269124
"beta[92]",0.499543121374039,1.77441762814682,1.03192308983376,1.00007172661572
"beta[93]",0.502173251863195,1.78659473689498,1.03872855829048,1.00006554910839
"beta[94]",0.501745062261214,1.78274146338799,1.03709569562372,1.00006701387633
"beta[95]",0.503179958630341,1.78989761055971,1.04072036597149,1.00006377698577
"beta[96]",0.50379190329382,1.79161086566219,1.04192365013721,1.00006271413827
"beta[97]",0.503458023049232,1.79083064230342,1.0412670572148,1.00006329338221
"beta[98]",0.499529544380207,1.77426223006184,1.03181517362974,1.00007182612943
"beta[99]",0.500981551500299,1.77924428843224,1.03554800855929,1.00006841232047
"beta[100]",0.448476636891927,1.59546112212726,0.922389410786701,1.00020377982099
"beta[101]",0.450090729028438,1.59740411792393,0.924993161292128,1.00019978724657
"beta[102]",0.456971049636202,1.6196465170579,0.937386301536679,1.00018143040634
"beta[103]",0.448352435515964,1.59547274019686,0.922252680149242,1.00020399080993
"beta[104]",0.450650944292295,1.59791892764822,0.92578334129475,1.00019858504919
"beta[105]",0.449093897742731,1.59633205711717,0.923425658232921,1.0002021851008
"beta[106]",0.447827847966156,1.59498505164699,0.921364682057274,1.00020536431503
"beta[107]",0.837777734066902,3.98062828009507,2.10197492374183,0.999916074143714
"beta[108]",0.839370348541345,4.00821864167428,2.1146043718665,0.999915156534225
"beta[109]",0.838360929131326,3.99323887907044,2.10741078492639,0.999915648673085
"beta[110]",0.840352116605052,4.01347119657252,2.11794794817153,0.999914954699837
"beta[111]",0.84062286963652,4.02168629854585,2.12156844111142,0.999914755037779
"beta[112]",0.837954474873135,4.00047682489206,2.11104711697629,0.999915389925135
"beta[113]",0.840360297824282,4.01377623942988,2.11808186568866,0.999914946966483
"beta[114]",0.751449488772791,3.59086222705077,1.89395274658436,0.999977373086041
"beta[115]",0.753504722793202,3.60630633669746,1.90195283272709,0.999973059188062
"beta[116]",0.765467194657897,3.63704415700738,1.92102646320924,0.999963492685539
"beta[117]",0.752603212342771,3.60016363141276,1.89790977085368,0.999975216782071
"beta[118]",0.752780811561883,3.6030849395713,1.8997690933122,0.999974218842599
"beta[119]",0.751608761614582,3.59094675664468,1.89427678747746,0.999977194839932
"beta[120]",0.7466483873043,3.5804586593361,1.88732456636489,0.999981084651127
"beta[121]",1.03521073540633,3.95843271496518,2.24403024006889,1.00012481037433
"beta[122]",1.06130719224164,4.04000605437812,2.29646172240233,1.00012940241741
"beta[123]",1.0526427125947,4.01087419617893,2.27721309050453,1.0001275475567
"beta[124]",1.05179599672543,4.00742221652386,2.27469311435325,1.00012731827745
"beta[125]",1.05639157819285,4.02659325428946,2.28667053489916,1.00012843665185
"beta[126]",1.0532201468984,4.01341966271703,2.27907285098489,1.00012771885895
"beta[127]",1.05631926875965,4.02583604630445,2.28626962141272,1.00012839806858
"beta[128]",1.05946391426141,4.03385687638083,2.29238491357696,1.000128994895
"beta[129]",1.05894736145467,4.0324930060124,2.29127592619399,1.00012888535808
"beta[130]",1.05658443918803,4.02798533520415,2.28774020128489,1.00012853997255
"beta[131]",1.05075877767258,4.00512254749575,2.27301567509369,1.0001271674893
"beta[132]",0.939876417410196,3.70980508818574,2.08294623213069,1.00012380036387
"beta[133]",0.948055243615566,3.71981321494789,2.09604495172977,1.00012290904342
"beta[134]",0.941834153504285,3.70903744804183,2.08574534366167,1.0001235927129
"beta[135]",0.94775175272882,3.71925201806668,2.09510806682322,1.00012296606492
"beta[136]",0.941667194641164,3.70807128941025,2.08745380220919,1.00012347059848
"beta[137]",0.961873697919789,3.74132648755719,2.11504549871339,1.00012196939296
"beta[138]",0.945647369265335,3.71735903005023,2.09205212944838,1.00012315920201
"beta[139]",0.949379435431118,3.72216521841137,2.09977389782345,1.00012269219879
"beta[140]",1.75785575139071,14.5316889511827,6.30711414467302,1.0028966703475
"beta[141]",1.76575180345617,14.5597756977679,6.32622532258031,1.0029001905726
"beta[142]",1.7566295265914,14.4754357911779,6.29995226853904,1.00289521241154
"beta[143]",1.75724889215475,14.4769521948169,6.29577085384197,1.00289432539634
"beta[144]",1.76367732419298,14.5466373092286,6.31750832156493,1.00289865082149
"beta[145]",1.76379759720757,14.5453572069105,6.31788523964536,1.00289871966648
"beta[146]",1.75580572640109,14.4904456748309,6.28763667135089,1.00289252308444
"beta[147]",1.54246845748826,13.99601238474,6.06842970422504,1.00279789080418
"beta[148]",1.54749405753974,14.000884496059,6.07541947728832,1.00280253433217
"beta[149]",1.53461584249169,13.9746075003076,6.06149063974719,1.00279315528333
"beta[150]",1.54193745213605,13.9899530757027,6.0655845446673,1.00279596440838
"beta[151]",1.54305571947879,14.0105497599978,6.07151549333036,1.00279995633115
"beta[152]",1.53683359457938,13.9802994930534,6.06258972359367,1.00279391377856
"beta[153]",1.54242206351305,13.9916892065081,6.067154832474,1.00279703022795
"beta[154]",1.46685069120708,8.96456919875266,4.38511368597573,1.0016385185925
"beta[155]",1.46053795041664,8.96946359293865,4.3735271828599,1.00162864443588
"beta[156]",1.46042016086933,8.96859855965726,4.37331135389172,1.0016284598965
"beta[157]",1.45922201075123,8.95969357340168,4.37108989488642,1.00162655921717
"beta[158]",1.46146882364982,8.97287818084792,4.37523318652231,1.00163010233879
"beta[159]",1.46348579478103,8.96996124576,4.37893173864502,1.00163325827052
"beta[160]",1.57877934914245,9.40825746572144,4.62219949649526,1.00182373587466
"beta[161]",1.45396158440657,8.95213133772589,4.36124139547328,1.00161810519976
"beta[162]",1.57964056271785,9.39855228112784,4.61894533884825,1.00182143988764
"beta[163]",1.57897464884513,9.41855525782072,4.62442126885616,1.00182529916941
"beta[164]",1.58460215351954,9.45449580295587,4.63296085638541,1.00183127533906
"beta[165]",1.57895294767405,9.41797212673498,4.62417428385877,1.00182512555669
"beta[166]",1.57730608559228,9.37813316310069,4.61186366038944,1.00181641766025
"beta[167]",1.59567980641792,9.51354788550139,4.65898610399638,1.00184916752156
"beta[168]",1.99853763569047,7.86315300991529,4.4152699649702,1.00045678920391
"beta[169]",2.00534240545818,7.90217822347416,4.43839867354758,1.00045614781118
"beta[170]",1.99940839278526,7.86473209148061,4.41649586280378,1.00045675336885
"beta[171]",1.9792178130553,7.75220053661071,4.36397870725825,1.00045848473718
"beta[172]",1.99385634736643,7.82419051062647,4.39466644109088,1.00045742342516
"beta[173]",2.01894062163914,7.96390293905218,4.47441735702573,1.00045528789028
"beta[174]",2.00304418375883,7.87075647026094,4.42238696649043,1.00045658407233
"beta[175]",1.98945378630103,7.80653502384678,4.38615604583411,1.00045770343339
"beta[176]",2.02234474389576,7.99208365328284,4.48467773228592,1.00045507206462
"beta[177]",1.82575501206781,7.03281402513756,4.00334895447993,1.00048512720833
"beta[178]",1.81991125751463,7.01675340482729,3.98995415282943,1.00048675538822
"beta[179]",1.82933166212716,7.04131622642566,4.0081836553626,1.0004845528881
"beta[180]",1.81012665045144,6.97446947046939,3.95995690077885,1.00049060296924
"beta[181]",1.83159297805095,7.04543099045929,4.01184418662909,1.00048412271528
"beta[182]",1.83458982677092,7.05180549544553,4.01600820387495,1.00048363823623
"beta[183]",1.82098612254353,7.02479833349386,3.99690122148585,1.00048590413069
"beta[184]",1.81876135231558,6.99731114176489,3.97763442158205,1.00048830152271
"beta[185]",1.81869566688553,6.99584327218183,3.97693212213699,1.00048839108151
"beta[186]",1.81885167391605,6.99774398839035,3.97860038028836,1.00048817859285
"beta[187]",1.82025638045709,7.01810794129766,3.9936609778907,1.0004862993369
"beta[188]",2.04661173720524,10.4959855322658,5.48263858850418,1.00141632033987
"beta[189]",2.05229376533108,10.5559158968598,5.50512932212418,1.00141909546872
"beta[190]",2.04983700564161,10.5459520561731,5.49813719063258,1.00141825528152
"beta[191]",2.04887669676235,10.5403107811175,5.49521946064827,1.0014178987183
"beta[192]",2.05433809098469,10.5695147066474,5.51117068193802,1.00141980537083
"beta[193]",2.04001139165764,10.4626166425762,5.46958558996107,1.00141461094299
"beta[194]",2.04779160013438,10.5334699674087,5.49166071426364,1.00141745901555
"beta[195]",2.0568708636517,10.5721774879864,5.5180563941113,1.0014205966415
"beta[196]",2.0540717598821,10.5714558580253,5.51035293533944,1.00141971014163
"beta[197]",2.04926787594736,10.5416395658828,5.49640751017405,1.00141804433143
"beta[198]",2.04661173720524,10.4959855322658,5.48263858850418,1.00141632033987
"beta[199]",1.96216931231067,10.2166830732778,5.32411494154373,1.00138994231665
"beta[200]",1.93640940447868,10.1440106744679,5.28047324133657,1.00138023732816
"beta[201]",1.94521407526851,10.1855283935591,5.29426249267282,1.00138343164422
"beta[202]",1.92468696752624,10.0900662361303,5.26139304704209,1.00137561541173
"beta[203]",1.93164004218066,10.1211753223918,5.27481052506422,1.00137889034425
"beta[204]",1.92469260320977,10.0897948935115,5.26131092938089,1.00137559500381
"beta[205]",1.93943213266021,10.1572435054327,5.28530095845229,1.00138136942518
"beta[206]",0.924780917681659,4.75724694786615,2.45859401561665,0.999899652615483
"beta[207]",0.929018132169799,4.79092932696888,2.47165776480972,0.999898775911446
"beta[208]",0.928148365260641,4.78703742573539,2.46988088111913,0.999898886089761
"beta[209]",0.933685956916219,4.82502627445726,2.48263088213967,0.999898157103084
"beta[210]",0.925544892443468,4.76153535716691,2.46144595879579,0.999899447932953
"beta[211]",0.93291006977506,4.82141026327009,2.48120840102653,0.999898231415684
"beta[212]",0.931097422040555,4.80820535164767,2.47684470742062,0.999898470292998
"beta[213]",0.868434177890358,4.50511205721804,2.31696348148018,0.999920737023336
"beta[214]",0.848880473124462,4.44760952789581,2.28205405206907,0.999929765131463
"beta[215]",0.860719259594364,4.47641990773064,2.30454464113778,0.999923754792332
"beta[216]",0.865648093697379,4.4910751554146,2.31111383607197,0.999922132297005
"beta[217]",0.851790508127289,4.45330001919288,2.2880295658137,0.999928098477473
"beta[218]",0.852160061652083,4.45266940224493,2.28855880282828,0.999927953323375
"beta[219]",0.874130325619873,4.52558355433253,2.32934465709066,0.999917935092797
"beta[220]",1.30734827250876,7.0189572594605,3.57801547446648,1.00021562590315
"beta[221]",1.28774070010894,6.95353845786033,3.53740776982247,1.00018855957342
"beta[222]",1.29580062172874,6.98393900941411,3.55652007060884,1.00020091157666
"beta[223]",1.30001267501966,7.00594326631572,3.56629037880285,1.00020749428615
"beta[224]",1.30002700225676,7.00611457968191,3.56632475364273,1.00020751775914
"beta[225]",1.27848022293779,6.92474236352956,3.52399542391941,1.00018031998247
"beta[226]",1.29667472352004,6.99217343581027,3.56188434684807,1.00020450370374
"beta[227]",1.19095112649435,6.61931976421609,3.3224348304374,1.00010607876406
"beta[228]",1.18679657647108,6.60903391748766,3.31620610152556,1.00010543746688
"beta[229]",1.20382243319567,6.64371564732348,3.34798042291119,1.00010981801515
"beta[230]",1.19464809314532,6.62446994582838,3.33114215826412,1.00010715381775
"beta[231]",1.19446015239102,6.62700314308111,3.33187508250014,1.0001072537673
"beta[232]",1.18447330426265,6.60263913993126,3.31248643123074,1.00010510555741
"beta[233]",1.20269846748976,6.64456797333565,3.34630360474588,1.00010951836359
"draws1[1]",0.482574089900699,3.67402252960634,1.7213223199263,0.999952406707787
"draws1[2]",0.507953084991842,3.70118144874323,1.72813677725091,0.999930713540582
"draws1[3]",0.479618286643285,3.73321615113948,1.73541135379459,0.999837031660638
"draws1[4]",0.49754360167265,3.76296524882324,1.7325036578835,0.999891585062248
"draws1[5]",0.489563616725254,3.69444743412559,1.72663455606998,0.999967330552797
"draws1[6]",0.500040523483969,3.69892216683633,1.73248932003739,0.99986475722867
"draws1[7]",0.49198285955887,3.6564895286319,1.71042124143481,0.999960175256708
"draws1[8]",0.492809949038262,3.69510417664392,1.7424234470622,0.999813383206984
"draws1[9]",0.521694661164931,3.78611785671639,1.74276785086406,0.99986949004247
"draws1[10]",0.409684258519499,3.55131874164996,1.61605542187981,0.999877482471167
"draws1[11]",0.38162992497507,3.5811523642586,1.60051629823859,0.999887878256994
"draws1[12]",0.392724656727299,3.6031660381861,1.61623232821047,1.00011285806149
"draws1[13]",0.390750119717013,3.52816518666795,1.59508007269319,0.999877902831823
"draws1[14]",0.384049525631727,3.61636967182808,1.60917361995547,0.999909036905192
"draws1[15]",0.867466928105848,3.24224694843455,1.87490444849921,1.00006642994797
"draws1[16]",0.872494860005792,3.29999875213423,1.9084576560108,1.00007028921185
"draws1[17]",0.895164531198776,3.2656630306654,1.90031916838659,0.999805771729803
"draws1[18]",0.887223207900487,3.19361899797153,1.87513339846407,0.999822489982946
"draws1[19]",0.859007026537481,3.26674415575674,1.88896845621824,0.999906420038012
"draws1[20]",0.888153509036871,3.23662237690631,1.88293674088067,0.999956032388519
"draws1[21]",0.898225883696267,3.22440043542124,1.89977157954215,0.999828397600926
"draws1[22]",0.875045444453299,3.20081806885045,1.87890720877185,0.999895256960226
"draws1[23]",0.733031902727176,2.99881550974428,1.70513618389975,0.99987693425539
"draws1[24]",0.731897442572447,3.02690533582591,1.71059251978859,0.999873661730393
"draws1[25]",0.725710913699759,3.07242161818655,1.70203756054539,1.00021228296238
"draws1[26]",0.742038589487989,3.0152752276512,1.72718606487462,1.00013922792518
"draws1[27]",0.724596438510994,3.02455254683475,1.71807770978569,0.999849193600778
"draws1[28]",0.73123907104292,3.04134999093717,1.69034037882768,1.00038231931116
"draws1[29]",0.702197275440361,3.03740329316483,1.69897866297222,0.99991510173355
"draws1[30]",0.709647146888155,3.03829101483676,1.68838042208912,0.999849619225078
"draws1[31]",0.264707279684718,4.81527736867653,1.85900154727949,0.999865532039646
"draws1[32]",0.263230832647521,4.90442659491717,1.8843561171352,0.99981597293796
"draws1[33]",0.276769778375349,4.89466245525462,1.87935119869327,0.999880647375913
"draws1[34]",0.297548722549021,4.93679737949164,1.89907653986507,0.999810695506831
"draws1[35]",0.302746006239558,5.06568479490434,1.8971249781942,0.999832129694627
"draws1[36]",0.276709628499185,4.92070465629422,1.89234300277978,0.999916969203703
"draws1[37]",0.279596772210473,4.91417673608791,1.8637896523619,0.999987739311871
"draws1[38]",0.198862591084999,4.69394018463447,1.71368181603639,1.00020346918973
"draws1[39]",0.197634119899464,4.71330915322657,1.71001682864497,0.999873217695058
"draws1[40]",0.178711835103436,4.64272614036312,1.6826655954426,0.999863161663082
"draws1[41]",0.173739816891458,4.63824061776186,1.69266982522075,1.00013833216823
"draws1[42]",0.218143928245565,4.72613911977616,1.73829793608654,1.00003747921808
"draws1[43]",0.177015584364357,4.57895299344743,1.67513185666241,1.00000221651642
"draws1[44]",0.212851218774848,4.69817284001531,1.72306826371726,0.999915388744245
"draws1[45]",0.436811634973796,3.78732336718183,1.71436229706672,1.00000384758741
"draws1[46]",0.444509704333554,3.84413703522993,1.70824060019521,1.00032873408388
"draws1[47]",0.420960766820523,3.85215608217641,1.71572130962085,0.999849079360345
"draws1[48]",0.431357251993307,3.70420356977197,1.69853953720358,1.00006172639445
"draws1[49]",0.43608827010925,3.79113051351961,1.71786319807046,0.999864256933444
"draws1[50]",0.428988965131671,3.83853618444453,1.6947333656305,0.999925892487172
"draws1[51]",0.426365821425001,3.78859051439968,1.69905123945863,1.00040710089424
"draws1[52]",0.339525157908668,3.67608627031149,1.56127813849274,1.00001483019035
"draws1[53]",0.353484287128586,3.72703069529187,1.59858433425609,1.00007108377925
"draws1[54]",0.347955724995166,3.59600672336425,1.58251770119454,0.999990481480775
"draws1[55]",0.344818182861977,3.58725626838011,1.5694271358592,0.999845826623115
"draws1[56]",0.332644465788026,3.67784755963169,1.5858878933472,0.999946587718238
"draws1[57]",0.703442732856658,2.99142238149625,1.66775354311501,0.999853072265027
"draws1[58]",0.7378393309515,3.01041450544343,1.67344533225917,0.999902084966379
"draws1[59]",0.720483479969862,3.02888278826893,1.66753829718467,0.999976277028844
"draws1[60]",0.709856982682525,2.97989308064853,1.66807902647564,0.999809690515729
"draws1[61]",0.714230521643282,2.91847757061905,1.63718661049861,1.00075268653515
"draws1[62]",0.690968202735326,2.97152490280693,1.65553154613051,0.999985590882466
"draws1[63]",0.706548567433884,2.91356657850664,1.64177228883738,1.00025772681649
"draws1[64]",0.708465490716132,3.01266921143255,1.66758241858364,0.999911132103332
"draws1[65]",0.716383618637944,3.02864644415409,1.66571517968224,1.00023050067754
"draws1[66]",0.631512338354963,2.85697255920627,1.55274045353776,0.999890115108239
"draws1[67]",0.612149094070288,2.88481509073499,1.54328505187837,0.999995371640082
"draws1[68]",0.627703762540011,2.87558518617216,1.54381434192469,0.999823977381353
"draws1[69]",0.632370685973985,2.87411478369711,1.54258257613059,0.99982876257948
"draws1[70]",0.615655367255181,2.88272771147157,1.53313645949025,1.00030878296474
"draws1[71]",0.587511114867431,2.80921592025213,1.52646401842189,1.00007841987869
"draws1[72]",0.627058443822469,2.83054221374257,1.5217427924919,0.99990664781597
"draws1[73]",0.64441364958728,2.86749055006465,1.55455139751246,0.999980325814466
"draws1[74]",0.610552884505859,2.78530255795174,1.51803692009717,1.0000533145961
"draws1[75]",0.61978274804808,3.38294790967017,1.73628064034573,1.00002019636054
"draws1[76]",0.640979704684606,3.37912377448308,1.75017349511407,0.999939508407625
"draws1[77]",0.630778029679786,3.3721773955212,1.73364136496549,0.99983003339848
"draws1[78]",0.615354005869678,3.33583754415272,1.73175081101341,1.00009260010791
"draws1[79]",0.60575307654208,3.35266185114077,1.72627866409942,1.00012048640909
"draws1[80]",0.606828921759972,3.34234770175199,1.71908992871789,1.00037223710602
"draws1[81]",0.609203220307032,3.35377482743639,1.71151426680845,1.00015102413736
"draws1[82]",0.528347427985125,3.20241252239614,1.60357699365548,0.99996814365646
"draws1[83]",0.512023563338398,3.19025356515513,1.5706830695636,0.999987322009658
"draws1[84]",0.524653002285091,3.23103799566047,1.59311041511549,0.999916085182521
"draws1[85]",0.499765353760569,3.15181025292536,1.55779138361968,0.999858977522493
"draws1[86]",0.530748481892904,3.18844516941236,1.58506796350549,1.0000031436865
"draws1[87]",0.513658331146734,3.16846517863078,1.57801632576439,0.999960225071582
"draws1[88]",0.512395142588669,3.21074413327595,1.57742560863982,1.00033663540406
"draws1[89]",0.187211020466386,5.59977232117661,1.96160399781583,1.00001432741929
"draws1[90]",0.170062786500184,5.7282516321839,1.96949264671008,0.999862593189811
"draws1[91]",0.160687432125673,5.69999088581123,1.9362260388757,1.00005080200375
"draws1[92]",0.17205928032955,5.83014834922214,1.97601918437337,0.999915403155974
"draws1[93]",0.166523992913218,5.62709719984978,1.95220519059939,1.00010199551329
"draws1[94]",0.17185883080679,5.66683145025301,1.94408017227061,0.999840573892432
"draws1[95]",0.167186832179229,5.62705668113503,1.96390551342233,0.999828324213749
"draws1[96]",0.188192065277909,5.78339289938021,1.98436070857429,1.00014344456942
"draws1[97]",0.160936413369307,5.7158555384367,1.95088757665801,0.999923669887176
"draws1[98]",0.178209471831908,5.65617023627894,1.96829643681623,0.999839927184229
"draws1[99]",0.177631601406334,5.67749064273549,1.96763292653418,0.999873934201882
"draws1[100]",0.106130902157036,5.57020537977379,1.76913382592765,0.999958674757738
"draws1[101]",0.0967676911503426,5.48650964893343,1.71666591899055,0.999893828523578
"draws1[102]",0.109776105275892,5.58909054361343,1.77280744722746,1.00015619265736
"draws1[103]",0.0945858650260394,5.66133180648999,1.73949435282263,0.999964408044341
"draws1[104]",0.096665653521236,5.56310901115472,1.73637698629321,0.999864062860704
"draws1[105]",0.102343154925803,5.60192728851326,1.76347642236421,1.00003338560056
"draws1[106]",0.0881619185141535,5.44472045293761,1.72882065774862,1.00016474040002
"draws1[107]",0.368070971972861,4.39099888842719,1.84970545701929,0.999921219243563
"draws1[108]",0.397803872924422,4.38930615461965,1.85144298872378,0.999843321379461
"draws1[109]",0.363814241893473,4.40752196923295,1.83667045773998,1.00032462448158
"draws1[110]",0.390212589954024,4.35631658695725,1.85175595071701,0.999874105149077
"draws1[111]",0.396669239191248,4.25399669959236,1.84459985370428,0.9999267355419
"draws1[112]",0.393464626553642,4.39745768238568,1.85814530034948,1.00009291784691
"draws1[113]",0.391590945683558,4.36328945378181,1.85108722807243,0.999918186037873
"draws1[114]",0.262789704239796,4.19022546818901,1.65845289020648,1.00018390684224
"draws1[115]",0.28031112982667,4.23859410143714,1.65509029586466,0.999866602281508
"draws1[116]",0.276457072193554,4.20852665226834,1.68890475317597,0.999958898975938
"draws1[117]",0.260836697839871,4.16375160047331,1.65288738679843,0.999969697531207
"draws1[118]",0.291174532943384,4.23200545732131,1.67208216148969,0.999824130765055
"draws1[119]",0.277200281524194,4.1305124346624,1.64643651833169,0.999921435328379
"draws1[120]",0.257120518522085,4.10678391409238,1.64467611223186,1.00018590643779
"draws1[121]",0.40571617166435,4.16910729986196,1.78911279020075,0.999839469560879
"draws1[122]",0.43320705440127,4.20707962678608,1.84038920542774,0.999991472806095
"draws1[123]",0.419674242525754,4.19101688124727,1.80546553508542,1.00019943367723
"draws1[124]",0.439334959301912,4.1209000478199,1.81126150879303,1.00014304736009
"draws1[125]",0.418901894127853,4.1580640960998,1.81168784486757,0.999936989633323
"draws1[126]",0.442414439122684,4.14602832140971,1.81976195994867,1.00006039126104
"draws1[127]",0.434697493371076,4.10869129027108,1.81759728853514,0.999840163229261
"draws1[128]",0.419294697849829,4.1607438161287,1.82998805267342,1.00014160656636
"draws1[129]",0.426912317279936,4.15687293170109,1.82928057810746,1.00021445456927
"draws1[130]",0.435182481808724,4.17466226793591,1.83156792306245,0.999975210103352
"draws1[131]",0.426888376136171,4.08472875671416,1.80368736379136,0.999805857546018
"draws1[132]",0.32451377310982,4.09372481703718,1.66146225570992,1.0003665678631
"draws1[133]",0.328866921081078,3.97634154130324,1.65430730728048,0.999920961664542
"draws1[134]",0.316237130542568,3.91932750685591,1.63532721831386,0.999958773889029
"draws1[135]",0.324467037598817,4.00951465177138,1.66456421379124,0.999984254396361
"draws1[136]",0.331140817172861,4.01336054698815,1.6559744821304,0.999913456167451
"draws1[137]",0.352994812809792,4.06100867018968,1.69831126530146,1.00006901239654
"draws1[138]",0.321729574831748,4.0051130250277,1.66849126052691,1.00026866916685
"draws1[139]",0.307342632516449,3.91067939319671,1.64553944847396,0.999988357517552
"draws1[140]",0.560487913412772,2.88205279585429,1.43402784738362,0.999971879944223
"draws1[141]",0.559969792567516,2.86087709972043,1.44235009052425,1.00018403148659
"draws1[142]",0.557536707143425,2.89232535475716,1.44342290644296,1.00094628391654
"draws1[143]",0.538083499510873,2.80507556140951,1.43035450831925,1.0008291613123
"draws1[144]",0.538708791819881,2.85088084402647,1.44705861110776,1.00039985047705
"draws1[145]",0.563571966715789,2.88226684673924,1.45193479501462,1.00088980587495
"draws1[146]",0.551500320265664,2.86617776592377,1.43858963986133,1.00021399671615
"draws1[147]",0.496152332172266,2.7924503171511,1.38653018980896,1.00044590790206
"draws1[148]",0.487516644564044,2.76843575991106,1.37648801795009,1.00020978454546
"draws1[149]",0.487699293205103,2.76120190623198,1.38202208085657,1.00038957363062
"draws1[150]",0.49332134725669,2.73244942376796,1.36881077209793,0.999857293300949
"draws1[151]",0.504317177896282,2.67956043359205,1.36910019275707,1.00032362378085
"draws1[152]",0.514752242482194,2.80106917066956,1.37494391616902,1.00024908123199
"draws1[153]",0.484739221034982,2.74933496379475,1.37567137475898,1.00032042117643
"draws1[154]",0.487322386074647,3.01556825714416,1.48075696146786,0.999925797534167
"draws1[155]",0.474758698495097,3.07708101231667,1.48178388487055,0.999889546742113
"draws1[156]",0.460646304563669,3.06529685084657,1.47226283528847,1.00014743804411
"draws1[157]",0.481502585284799,3.05918759693798,1.47874403190598,1.00000737290987
"draws1[158]",0.476959933926424,3.03847052063581,1.4736731196623,1.00010422111005
"draws1[159]",0.462934714026463,3.09270955814354,1.4778170192944,0.999940529269222
"draws1[160]",0.526137579043668,3.14768392195912,1.56645754509077,1.00002122515832
"draws1[161]",0.475480223673771,3.12999202373571,1.47511495945831,0.99991683395172
"draws1[162]",0.546282840125375,3.20319266541424,1.57007742827361,0.999955747939334
"draws1[163]",0.55487621997758,3.14089191623391,1.56674252989398,0.999985331590087
"draws1[164]",0.548026409077022,3.17417834900263,1.56654549649965,1.00018529436575
"draws1[165]",0.550485244738697,3.13124842182361,1.56104635852163,1.0000730730578
"draws1[166]",0.542258099228714,3.20894261025226,1.57262591789026,1.00001168770205
"draws1[167]",0.551892234107353,3.17695810431943,1.58343118433252,0.999959933164435
"draws1[168]",0.673112759488993,3.3991091576095,1.78019440057181,1.00094501675981
"draws1[169]",0.677805125598505,3.43218873228953,1.80088872023546,0.999819306779095
"draws1[170]",0.688157221526088,3.42214633115135,1.79643122492123,1.00000693151953
"draws1[171]",0.665135303039802,3.3328971398837,1.7468630837038,0.999836901704261
"draws1[172]",0.67069053766007,3.36930418939004,1.77915183293909,0.999959490137801
"draws1[173]",0.695626163284161,3.45439118205674,1.82315356373544,1.00009943221152
"draws1[174]",0.682830129145216,3.43774151151117,1.79991701733403,0.99993957087573
"draws1[175]",0.677961910613735,3.35512541841349,1.76514043231254,1.00014677130271
"draws1[176]",0.703337121357636,3.42814118044344,1.82225410948016,0.999894660634869
"draws1[177]",0.555836839693162,3.20122412971505,1.61913150885807,0.999875728990421
"draws1[178]",0.530292678916438,3.1677557160836,1.60960594651784,0.999956749200138
"draws1[179]",0.542734400168204,3.19758787236526,1.62167811633812,0.999959970079993
"draws1[180]",0.543576309626752,3.1947933695652,1.60098044690178,0.999993356043361
"draws1[181]",0.568897345332759,3.25618543071294,1.64105813655818,0.999896761943167
"draws1[182]",0.565765463838483,3.23105019292693,1.62688862389386,0.999827404866608
"draws1[183]",0.551245130147458,3.20457408106145,1.60462129277041,0.999835395545168
"draws1[184]",0.557150454436221,3.17125679131616,1.60560415998141,0.999990443602382
"draws1[185]",0.547168909618063,3.20379333632077,1.60188446075674,0.999915132945793
"draws1[186]",0.535729736163678,3.2153772770992,1.60498810553392,0.999822091713981
"draws1[187]",0.547977665176186,3.27244729607448,1.61391685280177,1.00015177793801
"draws1[188]",0.586626246317825,2.8524380618947,1.49093906261027,0.999976338686201
"draws1[189]",0.566298537680824,2.89219635497968,1.49682648626489,1.00020783541864
"draws1[190]",0.57427787917966,2.87351460328927,1.48921608251399,1.00070980328791
"draws1[191]",0.567554643585559,2.87774215159722,1.48963700774992,1.00031422056578
"draws1[192]",0.590828559639618,2.85681623100565,1.48836675367316,1.00062036749687
"draws1[193]",0.586341245461466,2.87017755570815,1.48240500128587,0.999938837129249
"draws1[194]",0.588568159567367,2.8877414585893,1.4874678531821,0.999983463486076
"draws1[195]",0.588421454324786,2.88515214555653,1.5011885814174,1.00031040973229
"draws1[196]",0.562749739947287,2.88445085120773,1.49361181874337,1.00065063896465
"draws1[197]",0.589166391686375,2.86851775880668,1.49175742975407,1.00000560924996
"draws1[198]",0.583142475924804,2.8647666700989,1.48767397134462,1.00096023977579
"draws1[199]",0.5551041922913,2.81997275044332,1.44986026757401,0.999976516557507
"draws1[200]",0.522674190910354,2.81348292879389,1.42940720802653,1.00015682898
"draws1[201]",0.535035440555428,2.77629539312501,1.43036908108321,0.999908553874163
"draws1[202]",0.515794586043312,2.77630785589173,1.41560251705516,1.00001994733994
"draws1[203]",0.528781394610424,2.82114645865025,1.43110524478864,1.00037557841928
"draws1[204]",0.512737405527493,2.81329495771866,1.42062276213169,1.00003035445214
"draws1[205]",0.517505529949476,2.80840128759267,1.42938001443428,1.0002578523529
"draws1[206]",0.377711427547604,3.96278242058805,1.70994585065463,0.999870198381896
"draws1[207]",0.383115964065092,4.01651414963185,1.74423976481201,0.999861743840586
"draws1[208]",0.379868051957702,4.04324556669319,1.74703244654032,0.999846644481476
"draws1[209]",0.381411071694004,3.99090751533764,1.73172481595292,0.999841230479022
"draws1[210]",0.386155647347396,4.01480781114895,1.70818822576621,0.999886349600728
"draws1[211]",0.394444158969358,4.05934053256555,1.73960766417295,1.00041184541486
"draws1[212]",0.392022900483298,4.00353460867174,1.72419264174129,1.00004832145931
"draws1[213]",0.316927876860842,3.86267530344211,1.61408543242449,1.0000880990862
"draws1[214]",0.291747269447575,3.86102570571657,1.58144791862769,0.999896968000029
"draws1[215]",0.317907335344755,3.87748806290171,1.60710219746203,1.00005515150674
"draws1[216]",0.327747777834075,3.89281509481884,1.61917191546341,0.999982462126451
"draws1[217]",0.295605964726353,3.85631188510525,1.58522571790009,0.999933803454907
"draws1[218]",0.308840295701284,3.89391740336289,1.60049173917476,0.999833890598611
"draws1[219]",0.322480406104379,3.88747311615373,1.61837881831091,1.00006670170452
"draws1[220]",0.503690062556042,3.44994577818875,1.66061860019729,1.00020081021577
"draws1[221]",0.483683169860588,3.46858656490636,1.64003682994193,0.999974692349178
"draws1[222]",0.505209686492,3.528695208065,1.65702585829699,1.00021075887875
"draws1[223]",0.498113367584382,3.44796946543391,1.6494563558221,1.00002731792431
"draws1[224]",0.49442018317494,3.45916001661034,1.66042234888173,1.00021430705639
"draws1[225]",0.506125766998252,3.47224940057875,1.63814197780259,0.999935368494594
"draws1[226]",0.492262373435103,3.42456659354069,1.64741772223278,1.00002183221811
"draws1[227]",0.393032624607046,3.3712750004845,1.54394633087928,0.999817221612962
"draws1[228]",0.417481004024349,3.32394156249663,1.5370985150622,0.999893918238504
"draws1[229]",0.428052883301259,3.37844854557849,1.56259144748739,1.0003377551826
"draws1[230]",0.404466250746328,3.37588429978724,1.53278639567031,0.999997803997957
"draws1[231]",0.403843787510898,3.40087430295867,1.53611987906773,1.00012832967301
"draws1[232]",0.395185790844881,3.33311171377513,1.52403027762976,1.00011017274787
"draws1[233]",0.423190617564126,3.38010518979726,1.54911431878669,0.999810082521736
"trait[1]",0.413156055541113,1.02297951789739,0.681845529102285,0.999902687910766
"trait[2]",0.527594598655318,1.06801593684356,0.7640613853388,1.00043290066263
"trait[3]",0.470099857903918,1.2444180791014,0.771468081239762,0.999848530918832
"trait[4]",0.363036603136112,0.997352525880265,0.64894201496084,1.00055108414287
"trait[5]",0.386735752659992,0.840636685015245,0.605577335737095,1.00170654067745
"trait[6]",0.402500931092774,0.94191553856052,0.648053434881334,0.999837915898101
"trait[7]",0.4959246675578,1.30036098483791,0.801828528403566,1.00078144136759
"trait[8]",0.435986417471415,1.09759101407713,0.718880370625703,1.00055573726606
"trait[9]",0.47054166944607,1.09175841150439,0.730142033272462,1.00009762046038
"trait[10]",0.170841501364837,0.760515251003767,0.466590940162947,1.00335808645265
"trait[11]",0.269070961662857,0.825686854810439,0.552977091247871,1.00235046891273
"trait[12]",0.442447699629811,0.946916313508511,0.673237481933376,1.00000153103676
"trait[13]",0.256466478110563,0.769188762383536,0.51234509254942,1.00245580238314
"trait[14]",0.382188821984836,1.0081475260375,0.663632754588222,1.00031606355033
"trait[15]",0.346528996059645,0.913487135812154,0.617310849026962,1.00006508554556
"lp__",-157.553922922661,-110.435409129484,-135.78402124845,1.01838427010324
