"","pop","LD1","LD2","LD3","LD4","LD5","LD6","LD7","LD8","LD9","LD10","LD11","LD12","LD13","LD14","LD15","LD16","abbv","col","orig","annual_AI_CGIAR","legend.order"
"1","Andrus",-0.603076671320364,-0.114582085561339,-0.590494609810507,-0.866515076276723,0.513407829781861,1.90036012500314,-0.564142071043939,-0.515526781129393,-0.459570935682625,-0.416392322120828,-0.700307524017144,-0.474113896518359,-0.432993311267805,0.047511999002638,-0.247404852165982,-0.763536484019041,"A","#859D59","#A6CEE3",0.3418,"E"
"2","Andrus",-0.881283377827917,1.13576914605029,0.320454441328353,0.421698931697407,-0.780520902300083,-0.499987746465002,-0.227009070598874,0.317408069423252,0.120208363308749,-0.581294426084022,-0.344612238776667,0.323232556444792,-0.226560397720349,0.799068803812167,0.686391562353111,0.303932608260422,"A","#859D59","#A6CEE3",0.3418,"E"
"3","Andrus",-0.375807713317272,-0.375749054596331,0.095592203564702,0.189272401115485,0.0414858578936772,-0.857258046732107,-1.11250991790704,0.350874685248236,0.311726335295424,-2.04603411881315,-0.544755818249781,0.0544532600388867,-1.62063503863805,1.42706624520352,-0.32626255810539,-0.782446488157916,"A","#859D59","#A6CEE3",0.3418,"E"
"4","Andrus",-1.92214309927955,-0.539312347402617,0.374325650460794,-0.752823453555891,0.0497440719142952,0.466474340857452,0.865496348517683,1.76245181602352,0.579080787334304,-1.97974571993461,0.175039697678832,0.142931935607136,0.388721606705454,-0.30975926135986,-0.185582854279247,0.516324716089103,"A","#859D59","#A6CEE3",0.3418,"E"
"5","Andrus",-2.31111213338678,0.161767765491577,0.885477256552914,-1.43215837791744,-0.761679492780951,-0.179413215327445,-0.57141410122986,-0.0751866543405295,1.43536105598353,-2.99268458435222,-3.64974596549682,-3.09748893200389,2.37796890399671,1.66670239203129,1.94452071015467,-0.952199680664531,"A","#859D59","#A6CEE3",0.3418,"E"
"6","Andrus",-2.0618080358993,-0.0149044375190709,-1.80438607692439,-1.41356836997055,0.684425784918393,1.12072414619369,-1.14623481370674,-0.468517780258611,0.0461620588259862,-1.73042212003786,-1.16357996406095,-1.51446802109689,-0.745345809351254,0.249542878509566,-0.966961422191566,0.183302341924544,"A","#859D59","#A6CEE3",0.3418,"E"
"7","Andrus",-1.74551369236481,0.195490563155254,-0.981946091529839,-1.91651064956449,1.62546210054372,-0.907014344947045,-0.595165957679585,0.96648069224363,0.770785462014874,-2.8225308421403,-1.17456805167168,-2.02534352828797,3.06617709772967,-0.270835030978807,-0.132604829535442,0.921035105677111,"A","#859D59","#A6CEE3",0.3418,"E"
"8","Andrus",-2.72896348589194,-0.474154360778063,-0.0408096771784465,-0.340945773070025,0.566475712260746,0.154946092914646,-0.914398406461872,0.0138304988073804,1.42084079973807,-2.3260794117677,-2.21179518791182,-1.59119134642542,-1.36059614550796,3.0904382771378,-1.40770683423327,0.214455212481989,"A","#859D59","#A6CEE3",0.3418,"E"
"9","Andrus",-1.83139999883728,0.177688836281906,-0.314857518908049,0.264973529425146,0.363053019499137,0.130326386975867,0.430937166696653,0.950480025643922,2.00295108218953,-0.513081101981049,0.0185615204688171,-0.752141371646097,0.913138162605697,-0.359811956059704,0.818112190308924,-0.592140200879426,"A","#859D59","#A6CEE3",0.3418,"E"
"10","Andrus",-0.686154609026792,1.03958207584305,-0.621432450919927,-0.349585648810249,0.202906317875522,-1.2127679629235,-2.01028207218152,1.4714839267768,1.57298207230306,0.183749257928142,-1.11270230329155,-0.305500012378764,0.780844748466316,2.06628647862106,1.49083996811767,-1.41437897772456,"A","#859D59","#A6CEE3",0.3418,"E"
"11","Andrus",-2.76951750981426,-0.608776736693118,0.607609350299815,-0.230586151454406,-0.536111883149107,0.438931976888178,1.3024725662412,1.19519157077348,1.81402196542721,-2.17701131662115,-3.29030348733005,-2.79986000425025,0.169500323207336,0.145647134870234,-2.60010159561964,-1.55590276937691,"A","#859D59","#A6CEE3",0.3418,"E"
"12","Andrus",-0.887193432176931,1.72723971624167,0.261308973096904,-2.25860560377068,1.34092103792996,-0.611822399106875,-1.32164187201098,1.66354121855516,0.395280767241508,-4.10204846427653,-3.12647355196786,-4.19855875146365,1.43442837381935,1.8997168995684,0.362122927418359,0.129851973209854,"A","#859D59","#A6CEE3",0.3418,"E"
"13","Andrus",-2.32121080878384,-0.43281136911563,0.415692623723727,-0.448822614106344,0.531602704385621,-0.743397973755275,-1.97430009454343,0.141768588005108,-0.344235439565224,-1.45295818758416,-1.39682428310932,-1.53527065822566,-0.145005709895574,-1.45934774808739,-1.39731166517396,-0.757041459863198,"A","#859D59","#A6CEE3",0.3418,"E"
"14","Andrus",-1.02460528995329,1.14844011345828,1.23681135685174,-1.89403509872545,-1.72615358696913,0.113113529691208,0.333862739795941,-0.621694063313213,-0.547172718063541,-0.303462567032394,-1.10675154549433,-0.654449402858899,1.03951179177773,-0.306920643397362,1.89075027679336,1.8179801482757,"A","#859D59","#A6CEE3",0.3418,"E"
"15","Andrus",-3.78924165394181,0.431170799468757,1.16969944039054,-2.83673971554347,-0.170548080520671,0.312765829423202,0.00659018306806394,0.876632968416165,1.30045292842707,-3.12130807393805,-1.31238822752364,-2.08073108592357,-0.0633940086117389,0.59177690586287,-0.476325059927463,-0.547738247142792,"A","#859D59","#A6CEE3",0.3418,"E"
"16","Andrus",-1.52925315885146,1.82470184558044,0.744132967484434,1.3795954765563,0.217935312082023,-0.328621290049915,0.441495166637835,0.367820386991312,2.72793482613063,-2.0118515986529,-2.48911827363293,-1.72706424005845,1.03280519042492,-0.261527994727092,0.444147455824459,-0.978199677103588,"A","#859D59","#A6CEE3",0.3418,"E"
"17","Andrus",-1.79651394865357,0.582008838455081,0.800458136482188,-0.748563139931569,-0.716645992166073,0.0750836497381073,-0.331912682020502,1.63029410187795,0.23134298271043,-3.98758275087423,-3.21596200022679,-3.60520826446637,1.86443329537785,3.68894612796261,1.71482872952733,-1.6434926564526,"A","#859D59","#A6CEE3",0.3418,"E"
"18","Beech Trail",-1.95123070772618,1.54484676550092,1.43718603554153,0.28187341107317,-1.03028165203396,0.577901247645404,1.26032158106576,-0.418364226409027,-0.165759799390004,0.164116756917869,-0.165908453012045,0.809579397998052,-1.13713012404777,0.0096090011369924,0.560694085626455,0.611423210948003,"BT","#6BAD9E","#4992C2",0.3596,"I"
"19","Beech Trail",-1.99680244078374,1.22105969794437,2.18226359535378,0.137914082652439,-1.07553646133618,1.67072679777185,1.57436179371751,-1.49198893981504,0.831773005515869,-1.33818106200258,0.0764521084787972,-0.355525529865215,-0.40531653691606,1.29058805006992,1.73359004222351,0.00324803863103416,"BT","#6BAD9E","#4992C2",0.3596,"I"
"20","Beech Trail",0.115703217743538,2.63746401820434,1.09513844074518,0.919471934692758,-0.71754520865797,0.52159770083785,0.54182904737681,-0.377583070015647,2.02109667650136,-2.18599588084492,-0.585472293347721,1.53096190964702,-0.61010277328928,0.280092385644762,0.202210049277274,-0.663142432256717,"BT","#6BAD9E","#4992C2",0.3596,"I"
"21","Beech Trail",-1.5953019215489,1.4798483123317,1.52034543254667,1.04332605860731,0.889957489295566,-0.876528090695195,0.617995140703006,-0.750650209681541,0.677413078881048,-1.09432500505938,0.519132707400585,1.36888223036926,-0.281898263920032,0.882720165065321,-0.0230020561051826,-0.217954618688625,"BT","#6BAD9E","#4992C2",0.3596,"I"
"22","Beech Trail",-2.30121826211194,1.21783899363772,0.461632796762044,-0.434690942664229,-1.19934999973183,0.722294289176139,2.04575225277526,-0.148462933159668,-0.179132974909736,-3.62786467343772,2.07332689357424,2.96644360633785,-2.00650882879137,2.44891884546327,-1.54385601672364,-2.15919269598938,"BT","#6BAD9E","#4992C2",0.3596,"I"
"23","Beech Trail",0.144500715596543,1.77231645673671,0.453069541368668,-0.954277610198546,-1.41494835177698,-0.643256167640289,2.25658857425759,-0.663702892274365,-0.896770287618822,0.0974702179394155,0.95234099426978,0.297710265736923,-1.5198905443506,1.24959776213011,2.07457754166872,-0.766901946222566,"BT","#6BAD9E","#4992C2",0.3596,"I"
"24","Beech Trail",-0.0813686121295068,1.24200153005783,0.830749475389041,0.222911419722519,0.0901101683508639,0.0641268194046635,0.854243405923944,-0.0203185678170332,-0.612809425163638,-0.114599912404778,-0.196611424489277,0.082427077263213,-0.249642255285584,0.609842308554845,0.594277323360532,0.617286630766873,"BT","#6BAD9E","#4992C2",0.3596,"I"
"25","Beech Trail",0.303881187537634,0.971040291411123,0.4773781932879,-0.406318804089918,-3.43558489159226,-1.01270804241843,2.4223486234127,-0.065602447844265,-0.0675794365391364,-1.64031843690953,0.851520668299344,1.27190463663018,-2.58368656211124,0.249725277284827,0.824395600379558,-0.884500485540246,"BT","#6BAD9E","#4992C2",0.3596,"I"
"26","Beech Trail",-1.55442450079853,1.17039281061544,1.3251846765495,1.04676094538037,-1.16403944733738,-0.467190196082439,1.40138491243721,2.89558573903203,1.90723362072907,0.827247216337655,1.66657464287103,0.4487713520146,-1.64377134157317,0.0864962552031165,1.64825877728716,-0.94324136748469,"BT","#6BAD9E","#4992C2",0.3596,"I"
"27","Beech Trail",0.0661909402921883,2.971649472115,1.58422499816345,-0.884941301551623,-0.921317551511208,1.06412816032641,4.47128367060365,0.46095382485693,1.30942496345233,-2.39147669897084,1.17836460368363,2.19799766058196,-1.65250951146864,0.124564211928129,2.55071248581728,-0.358009583483725,"BT","#6BAD9E","#4992C2",0.3596,"I"
"28","Beech Trail",-0.989129705886336,0.497903152061459,-0.217665348056968,0.777493201996129,-0.167193000317065,-0.294002723488155,0.584439786700009,-0.208601425348659,-0.265465834535334,-0.665108143847333,1.02718606260097,-0.225906651338226,-0.986645896384986,0.579262432214922,0.469158072870815,-0.679125845084039,"BT","#6BAD9E","#4992C2",0.3596,"I"
"29","Beech Trail",-0.174407548679458,0.826089003271201,0.477692850372996,-0.0963623181068761,-0.680064572740628,-0.193543130810013,1.16882689290859,1.13062708744994,0.743948026852192,-0.598665436260994,0.176014037335265,0.121792227702984,-0.065555972339249,0.386562249643829,-0.0188729047916261,-0.428790297970305,"BT","#6BAD9E","#4992C2",0.3596,"I"
"30","Beech Trail",-1.22556881116509,1.56838200489155,0.309376520296697,-0.868090850958938,0.273631875815726,-0.115461924944746,3.7452247733668,0.357399377563739,0.965770096342581,-3.06857386582138,0.625501019061681,4.3700827327168,-1.55253137994256,1.25257944876851,2.14176558262012,0.308573730852597,"BT","#6BAD9E","#4992C2",0.3596,"I"
"31","Beech Trail",-1.54394358191658,1.27212124032903,-0.324318245519745,-1.10233245790684,-2.30587465939885,-0.986407692071678,3.11430734880882,-0.258465487126809,0.422644662684612,-3.14780291585928,-0.990674636239903,3.43744881412511,-1.1272825483546,0.064649733906584,1.51919023882805,-0.345424129155637,"BT","#6BAD9E","#4992C2",0.3596,"I"
"32","Beech Trail",0.588420369152753,1.32540299565997,-0.370922426891295,-1.10017969566264,0.785031953997985,0.698791730206336,1.02608697466514,-0.228844335388838,1.25749247488152,-1.63011837174866,0.579800912618177,0.363492780907313,-1.4497104725298,-0.393666030868309,1.03298705717288,0.724706895821068,"BT","#6BAD9E","#4992C2",0.3596,"I"
"33","Beech Trail",0.0383279908492587,1.02509967784547,0.085586060613533,-0.327181793998031,-1.54790385748655,-0.246094393855472,2.74425681921421,0.656105259986527,-0.237334757679022,-0.909573145753137,0.942911038884582,2.19100926106407,-0.0484509921817826,-0.0956902714095811,1.79160268041208,-1.17895378101023,"BT","#6BAD9E","#4992C2",0.3596,"I"
"34","Beech Trail",-1.46025250302595,1.6598079627646,1.53607396564752,0.358909572753847,0.314806058424918,0.973164083945403,1.31058681155768,0.339520957434722,1.45361823963964,-2.60059730171222,0.795109812623854,1.06866761829133,-0.701463854657366,-0.376204853851576,-0.788560742123657,1.70152362141199,"BT","#6BAD9E","#4992C2",0.3596,"I"
"35","Buffalo Gap",-1.44024488071774,0.181386648771707,1.17291471601714,4.37358583469642,0.906087728894149,5.18647609265757,-0.958780900014014,1.50232267159813,0.577958660346915,0.728752015863006,-0.146843842746294,0.55981039916473,-0.98466697822264,1.04726217295372,-0.970686937146986,0.742107939896698,"BG","#CBB0CE","#569EA4",0.3744,"O"
"36","Buffalo Gap",-2.74673693453749,1.18973344968941,0.0560070367392233,4.04510194018436,1.65001604657065,6.73859417010632,-2.90986171280039,0.665713887952221,0.0533488463027157,-2.51252078630489,0.575880644534714,2.01890705808401,-2.15858506091959,-0.120560263638903,1.01449960172686,-0.867396604357128,"BG","#CBB0CE","#569EA4",0.3744,"O"
"37","Buffalo Gap",-0.164727683491227,0.170624360560799,-0.11940751928175,1.13025612767614,0.446656678400497,1.05539586083326,-0.0591118460642843,-0.271104688096933,0.227413116994413,0.468399648812394,0.128364003618132,0.132045018037169,-0.368912857002676,0.146869982959243,-0.0903327202092417,0.134482848653031,"BG","#CBB0CE","#569EA4",0.3744,"O"
"38","Buffalo Gap",-0.930525212275313,-0.599107196415386,-0.402492971662647,1.80901492976756,1.57756611717602,3.44435895870236,-0.13654905899402,0.526516222215223,0.0826954434375449,0.0711842822023296,-0.920027293294712,-0.613882582307313,0.635513587650843,0.648558031723344,-0.0946000069542593,0.300188815664693,"BG","#CBB0CE","#569EA4",0.3744,"O"
"39","Buffalo Gap",-0.681948828486648,1.23292350793354,1.65270035050067,4.80788630357663,0.384150042807992,5.73504992380741,-3.44020565835346,0.550266007943058,-0.13704514233659,0.502531271976925,1.1119425071573,-0.24937888482971,0.544455624610347,0.0187237901383003,-0.441254567944851,1.32404700202815,"BG","#CBB0CE","#569EA4",0.3744,"O"
"40","Buffalo Gap",-0.26457322831001,0.716967282592628,1.69425937538209,3.46123013320259,2.97295908475451,3.91475535148162,-2.773733490686,-0.174276053283013,-0.89464314140801,0.241275467979363,-0.782012720441091,-1.61043376121349,0.951160680520058,-0.0997959392090131,0.398920141013148,0.862233835267299,"BG","#CBB0CE","#569EA4",0.3744,"O"
"41","Buffalo Gap",-1.99273955155216,0.40161813720112,1.90672023398159,2.28332228381762,0.746909723857245,3.7916221363773,-3.00341905445416,0.37043317924955,-0.296357748148038,1.51828372369332,0.168620252381356,-1.47128802319406,0.519322727167253,-0.586530114192468,0.516778666896993,-0.0993475074585778,"BG","#CBB0CE","#569EA4",0.3744,"O"
"42","Buffalo Gap",-0.545351563188709,-0.190346630388036,-0.726634196633572,6.62061585370344,1.37358000904448,3.94665644299702,-1.96722140990857,-0.217523188904414,-1.94577870579972,-0.0710776213629035,-2.27344029416954,2.24961381077777,1.01443254321212,0.406319396266579,0.925391261072073,0.0786779325011201,"BG","#CBB0CE","#569EA4",0.3744,"O"
"43","Buffalo Gap",-1.02526283867727,-0.512765953037692,1.73668592250947,2.11934085720586,1.69271214143727,4.1749617954691,-1.37384368355745,-1.17263314021079,-0.360576565513722,-0.0375995544492086,-0.506821591417849,1.02450007098439,0.593403297684914,0.133264188472987,0.0239672376020507,-0.159654042118349,"BG","#CBB0CE","#569EA4",0.3744,"O"
"44","Buffalo Gap",-2.35523498402796,0.818131159880642,3.1644398637321,3.89661715999272,0.820678132135284,5.47808837231256,-1.03447592676318,-1.71087366809692,0.8590803955983,2.2345943865882,1.15721348365383,-0.0259203582370526,0.20090325466701,-1.10538714054209,2.75704770093659,-0.168482606639915,"BG","#CBB0CE","#569EA4",0.3744,"O"
"45","Buffalo Gap",-0.691688916443447,0.822913604414985,0.225644068801472,1.8690568227954,2.37746159297662,3.04036936397629,-0.808823960772654,0.327270704233153,0.0731867668158963,0.111804195684603,-1.54380659666834,-0.343880814079653,-0.190375206601456,0.679993115074947,0.750544937383343,-0.74847917498142,"BG","#CBB0CE","#569EA4",0.3744,"O"
"46","Buffalo Gap",-0.844379563652143,0.44031064309979,0.213869850106619,4.97558242083572,2.26866450494689,7.24995544035361,-2.37642448977869,-0.483419510435675,-2.29293666624064,0.278335525795036,-0.211829124915603,1.19534504690315,-1.20883633326161,-1.87533489422339,0.352664627921172,0.360178776249097,"BG","#CBB0CE","#569EA4",0.3744,"O"
"47","Buffalo Gap",-1.10359287345378,1.0456658778737,0.471233957345185,1.86797282662348,0.0724010758733493,1.09769490578223,-1.99573757843402,-0.325576048622406,-0.304638494513331,0.672150403424469,0.345747061924607,0.109764339236138,-0.172303676761301,-0.413098080638229,-0.414827512864857,-0.111071074584463,"BG","#CBB0CE","#569EA4",0.3744,"O"
"48","Buffalo Gap",-0.621075354626801,0.593130911736248,-0.0867988075474847,0.643986117506621,0.318279158752999,2.57948708613285,-2.03355030920178,0.963613144203003,-2.07094269624779,-1.90619132191953,-0.958753751808139,0.599296151093516,-0.720129467791112,-0.288415991716749,1.02485310918289,-0.466615743609196,"BG","#CBB0CE","#569EA4",0.3744,"O"
"49","Buffalo Gap",-1.29288934409507,0.243514283386898,2.22642993323668,3.48101576317275,1.93528483293257,4.87308737381122,-2.5254285411045,-0.778383174728993,-0.600178620593281,0.0648937069361598,-0.201147351969711,1.17071294326441,-1.92356907011606,1.3872229183415,0.434861313021419,-0.123098875636073,"BG","#CBB0CE","#569EA4",0.3744,"O"
"50","Buffalo Gap",-1.20003775539118,0.077618432674046,-0.513350528732679,1.90250820774283,0.778598535384349,1.36315949178703,-0.390864240055377,-0.676425005318171,0.436172972751819,-0.634149795388493,0.732704234427738,-1.19539684653671,0.0932361154836747,-0.722559623821413,0.521930250200606,-0.219414257906105,"BG","#CBB0CE","#569EA4",0.3744,"O"
"51","Cedar Point",0.0242515883874602,-0.315455854130286,0.833606088325162,0.861804838085313,0.61666588284909,-0.669148756478242,0.075297754268763,0.194100444216697,0.252960634465516,-0.807129030521152,-0.15495593613863,-0.672899282949616,-0.505530439597548,-0.0845009115483386,-0.930309551531885,-0.426591941149448,"CP","#A889C1","#AADB84",0.3905,"P"
"52","Cedar Point",-1.77659097801598,0.0793084994166176,1.37780529769847,0.813816170550755,4.72382056891716,-2.29870946771787,0.917123360180464,0.253335682204928,-0.800640398435804,-0.304617610037568,-0.489971763387918,-0.254619284013944,-3.9291998621852,-2.1912041224107,-1.26510482780558,1.43272588556872,"CP","#A889C1","#AADB84",0.3905,"P"
"53","Cedar Point",-1.70061068446478,0.409309892404179,-0.0514803578499494,1.751571923119,1.22667495402755,-0.328398896946239,1.31810446622373,-0.713454927855536,0.0451361150448846,-0.828087694386188,1.32335947624224,-1.84537550197139,-1.88143060262051,-0.39099633451643,-1.32912802661822,-0.760966419992303,"CP","#A889C1","#AADB84",0.3905,"P"
"54","Cedar Point",0.356304236211624,0.141673016865486,0.320250301046284,-0.48710289091671,0.238464660434904,-0.242229112425431,0.331326748716889,0.168069169221922,0.53286439846575,0.417648668319044,0.011966252056758,-0.372536226138044,-0.101854681618687,-0.150494609898015,0.127627021097486,-0.0430602949332037,"CP","#A889C1","#AADB84",0.3905,"P"
"55","Cedar Point",0.575206611020373,-0.977895780403255,-0.202869824224226,0.297929909007721,0.234144407685381,-1.65808507154878,0.19250297016741,-0.792418119208837,-0.031890445338903,0.223393190636519,-0.615853068956159,-0.442790627444408,-0.465824780376174,-1.18324072808274,-0.200828379506273,0.663514204249716,"CP","#A889C1","#AADB84",0.3905,"P"
"56","Cedar Point",-1.07927936214978,0.276966198183049,0.56994246135736,-0.622819368698811,0.837117834462368,0.500151869620288,-0.79382784237927,-0.722252651655142,-0.968304074398643,0.996760466257853,0.827405087558143,-0.91079944980016,-0.544516788506451,-0.340305474542319,-1.33332665876124,-0.277740872025901,"CP","#A889C1","#AADB84",0.3905,"P"
"57","Cedar Point",0.321237133181712,-0.239280821158287,-0.666751414636507,1.04228557066555,1.09635262839445,0.667995786669352,1.13200925756739,0.205780727383524,0.670237041848043,-1.02944855160598,-1.09740816965958,-0.372419243149992,-1.81233166631181,-0.573592437206179,-0.480632391924727,-0.87364727159092,"CP","#A889C1","#AADB84",0.3905,"P"
"58","Cedar Point",-0.561448021303812,1.23868651251281,1.98753784799216,-0.753616998169198,1.48380462806327,0.0641648369374596,-0.840841515494121,1.11820708888984,0.576786470185364,-1.68555592364714,-1.84121803364117,-0.255374056197954,-0.923948934953324,-2.30696715069408,-1.18902477602621,2.48040427564336,"CP","#A889C1","#AADB84",0.3905,"P"
"59","Cedar Point",-0.927928802741689,0.369268456933814,1.48955511115293,0.127341197374041,2.84975513249287,-0.698264565729627,1.27821626663941,-0.319231725814938,0.452014707596509,-0.816253851878983,-0.411886410818349,0.421154729694012,-1.34167067349163,-2.15631305321513,0.356508659186335,-0.387395611883022,"CP","#A889C1","#AADB84",0.3905,"P"
"60","Cedar Point",1.38402451250895,1.2018064464989,1.15800631727535,1.95369206011999,0.669929907689641,-1.06165406465031,1.88149704622238,-0.0231626304311237,0.203802719831194,0.764302627767237,0.583381872047749,-1.94896200034021,-2.49328265834452,-0.138694396315862,-1.90342557940056,0.837988390183217,"CP","#A889C1","#AADB84",0.3905,"P"
"61","Cedar Point",-0.45684736983165,0.904882898103036,1.53520069112046,-0.277307232988028,0.851837742650394,1.02005219548797,0.294995738205658,-0.908335761282645,-0.621606626334248,0.527228225757893,-1.19978086789378,-1.2423682148056,-1.1622248822159,0.19833110930799,-2.02207274934493,-0.184811009705554,"CP","#A889C1","#AADB84",0.3905,"P"
"62","Cedar Point",-1.60143154046649,-0.187602404828065,2.66584280378651,-1.11905834903749,3.30832099586818,-1.17281258108759,-0.147386050709336,0.698956453456315,0.0545082763410435,0.767444843306719,-1.05399252731053,0.192197229696112,-1.81327429500892,0.335172436482322,0.930765960165472,0.24273708916944,"CP","#A889C1","#AADB84",0.3905,"P"
"63","Cedar Point",0.29717720246704,0.546344300034343,1.80738783936473,-0.712145711618134,2.6731108783336,-0.0404960767627636,-0.557523398167146,-0.641655284043082,0.0720451810606444,0.583221708853953,-1.27385468840059,-0.827947922041168,-1.9842415635271,-1.14048272227994,-1.96861975199688,-1.25661934988975,"CP","#A889C1","#AADB84",0.3905,"P"
"64","Cedar Point",-2.06597591566244,1.16274135681262,1.07542130309768,-0.0229947773502562,3.03041335528792,0.669533143235546,-0.401165187743408,-1.19388412219695,2.31318660804455,-1.50942033126997,-1.86149683307926,-1.75494036640325,-4.09467636295349,-0.435303718538313,-1.88032788386716,-1.5762693970978,"CP","#A889C1","#AADB84",0.3905,"P"
"65","Cedar Point",-0.201102914378636,-0.62487167227834,0.379638263643593,0.505335200165682,0.306144159701043,0.264779075076193,-0.564223482518385,0.58397195047737,0.489978428574416,-1.03438245800364,0.369780895029005,0.265169456260717,-0.238019487159085,-0.214331169036001,-0.278185022000629,-0.289021832065133,"CP","#A889C1","#AADB84",0.3905,"P"
"66","Cedar Point",1.71574235138746,-0.42241442773944,2.08825219402456,-0.100190590201255,1.58471098000741,-3.10117436624201,1.23425246504413,-2.35673300394463,-0.486475290645809,1.92603609672998,-1.49193115780036,-0.484164024306421,-4.86014680434987,-2.30138870696576,-3.64265371915034,-2.15711624369775,"CP","#A889C1","#AADB84",0.3905,"P"
"67","Cibola",5.58298620671102,-10.9182662374892,2.71008186822487,0.620509804474739,-1.39973770851786,0.270934251719464,0.0721523524499628,0.226366907856154,0.637375321490409,0.378522959218018,-0.0466044961091456,-1.1575726269922,-0.357121744042718,0.00210184077817589,-0.173745726994661,0.122136452822879,"CIB","#F88A89","#52AF43",0.2417,"B"
"68","Cibola",6.57419339106266,-8.97062827778955,1.66444057269126,1.55780565553122,-0.443506621450448,1.17956369951934,0.602954697143717,0.0147797618348465,-0.346591563182113,-0.735863478008445,0.17611015751585,0.30085120652542,-0.190611217126194,-0.451719813299507,0.282002757502791,0.367228195378378,"CIB","#F88A89","#52AF43",0.2417,"B"
"69","Cibola",1.43101553488415,-3.19088172467968,-0.699827294357672,0.630724318168719,1.23884443719923,0.521889189736185,0.111615816810233,-1.39513162699691,-0.892433856834489,0.123754923128644,-0.71570071524431,0.394551518067856,0.00765754673325279,-0.0995553160984728,0.314781435085705,0.633890975794114,"CIB","#F88A89","#52AF43",0.2417,"B"
"70","Cibola",5.96741607536007,-9.48150146300653,1.64321581767022,0.899844331163062,-0.916156156136458,0.385089232947661,0.393291672480009,0.476802273147878,-0.419348610202981,0.00929009174723883,-0.204464443467231,-0.484236756979371,-0.0349313233027668,-0.0842688446535601,-0.459866171170826,-0.429580192212584,"CIB","#F88A89","#52AF43",0.2417,"B"
"71","Cibola",5.93763181628048,-10.2326973101909,2.15514253392097,0.580883720631486,-1.19023089514588,0.0243362879718199,0.523473764224834,0.641700207808276,0.208581161002195,0.00112456254554737,0.685306424871238,-0.2030194420677,0.00787519308112379,0.0903540931925962,-0.229473829013079,0.388692813969286,"CIB","#F88A89","#52AF43",0.2417,"B"
"72","Cibola",6.17099873884332,-10.3316341137199,2.09894880365134,0.0758325341128301,-1.76813117244318,-0.440336795875976,-0.0189005189477833,0.335002541934428,1.44318599950091,0.661995770940276,-0.491729393825714,-0.16114064100741,0.325445124052096,0.82161443184053,0.497220048787361,-0.463886703158848,"CIB","#F88A89","#52AF43",0.2417,"B"
"73","Cibola",6.1874620500861,-11.3875144936596,2.73410118912379,1.29208120361189,-2.03850444928731,-0.191599848789057,0.331290998921891,0.569916070732095,0.283397744900047,0.044888517695962,0.510423079498744,-0.434285642244944,0.233973775808107,1.00244515476577,0.708563089534594,0.713445446411374,"CIB","#F88A89","#52AF43",0.2417,"B"
"74","Cibola",6.26524564984036,-10.560625511941,1.88627445332442,0.224087188939807,-1.41496664021859,0.276000577498379,0.452341786707339,0.155278069187819,-0.0364553839965723,0.326934281116131,0.431984571602748,0.179189003946866,0.280461528995413,0.846688652690751,0.220575354697477,-0.123680569799972,"CIB","#F88A89","#52AF43",0.2417,"B"
"75","Cibola",6.0926597092869,-10.2811426106361,1.70154906737213,0.612859686838794,-1.3360757570785,-0.148558572403896,0.0995612583615124,0.0659089774194815,-0.753700412178437,-0.136286453126127,-0.623389725298796,0.46602659269441,-0.100015195133372,-0.550220205977646,-0.0290076251437152,0.633008575400448,"CIB","#F88A89","#52AF43",0.2417,"B"
"76","Cibola",5.5989573121581,-10.1279073800636,1.85180677489261,0.130591184923045,-0.880158525654509,0.000756546736314458,0.399161614943397,-0.0534031107497029,0.627395754060152,-0.313448393836565,0.174318794887097,0.0751716863879805,-0.056148090892718,0.714689283852997,0.309590015341559,-0.0491725294802387,"CIB","#F88A89","#52AF43",0.2417,"B"
"77","Cibola",6.07541114807727,-10.6495863696626,2.11890714118755,0.425995677626251,-1.25882604608694,0.322070033077031,0.193778415116519,0.00596124326438421,0.329099159352452,-0.26476592879956,-0.16560786904592,-0.15531075766509,-0.469174030950407,0.178188442486783,-0.162737520137241,0.270819893208512,"CIB","#F88A89","#52AF43",0.2417,"B"
"78","Cibola",5.70698180720773,-10.1017579309121,2.33775314121351,0.177374911672636,-1.27111136036508,0.410826339561788,0.0481806285390368,0.279744032379312,0.563577031164771,0.191646344016451,0.259130995995905,-0.0712031814607215,-0.956441212818827,-0.453983047593744,0.62287959939271,-0.0130458338985613,"CIB","#F88A89","#52AF43",0.2417,"B"
"79","Cibola",5.68275726511761,-10.7351149662107,1.55792717852395,-0.733286397093183,-1.0818326587012,-1.53562933414052,-0.531181284552128,0.0349709800527416,0.60900023454413,0.483073361670142,-0.607309956396716,-0.187663272301665,-0.0568514008661644,0.879396947123609,-0.875493534564902,-0.433363913550237,"CIB","#F88A89","#52AF43",0.2417,"B"
"80","Cibola",6.01827879588921,-10.3728145542102,2.13963939829756,0.513092019076113,-1.54080335533967,-0.542704546419888,-0.58716864505303,0.296069387159328,0.302891672022921,-0.481112261910248,0.560995759434338,-0.0943150229124379,-0.150782691950218,0.841263958321281,-1.11863557917603,-0.577833496846004,"CIB","#F88A89","#52AF43",0.2417,"B"
"81","Cibola",5.21430117337728,-5.06976815878491,0.0320277420414151,0.545317811858124,0.130489436104604,0.0706596939485587,0.231870469382269,1.02230825402284,-0.133444561384398,0.405618005008186,0.783429579332499,0.616154020656582,0.851897910666684,-0.971569835690727,-0.169819500965483,-0.48282691782396,"CIB","#F88A89","#52AF43",0.2417,"B"
"82","Cibola",6.12081284696009,-10.1335953721619,1.58219340292199,0.985217182032334,-1.11959617811345,-0.135988315816134,-0.0519548391641509,0.00171323484769603,0.108637841821817,-0.245707708112706,-0.120633139337229,-0.240294288594025,0.458807802882227,-0.220510905425196,0.207449668074123,1.27464877069361,"CIB","#F88A89","#52AF43",0.2417,"B"
"83","Cibola",3.08779718991447,-3.87598472019342,0.798289841359721,-0.0070677360860236,0.112892525254915,0.395706081435242,0.0572204832174233,0.191634329607246,0.126427136849589,0.0261783749739871,1.09786933840993,0.148927763035121,-0.901594064379216,0.164556188666915,0.378582664710905,-1.43840137665633,"CIB","#F88A89","#52AF43",0.2417,"B"
"84","Comanche",-0.741117323221394,2.39942051124108,1.635422951363,3.04277824450916,-2.45495983088239,-1.06995383527684,0.543100047644175,-0.506014258816655,0.437334780419221,0.309847163766455,-1.69909502515539,-0.337158392965127,0.460801915869314,1.06816277191195,-0.992629476675374,0.890126581079254,"CO","#E19B78","#8A9D5B",0.2339,"C"
"85","Comanche",-0.988326100780657,2.46305151003224,1.50517174201795,4.30274795556037,-4.10822124120741,-2.53932836605385,0.743634201553434,-2.34785627290359,-0.595531252007224,1.51598789335932,-1.45409145042335,0.336793907566491,2.35990069662657,0.895225574193006,0.429463841769459,-0.732900133501121,"CO","#E19B78","#8A9D5B",0.2339,"C"
"86","Comanche",0.39147334722828,1.71524620574314,0.946022854023449,5.31570220579905,-4.07198643826539,-3.103502358242,1.11285347101377,-2.62749310470273,-0.262912562724117,-0.86115227017796,-0.569374871702808,0.362077066371295,-2.58955348276801,-0.452826166430244,-0.228266944486802,-0.937169715293886,"CO","#E19B78","#8A9D5B",0.2339,"C"
"87","Comanche",-1.24817804780337,0.970779516627025,-0.563660052587937,2.74003664052664,-1.82643920647987,-0.621212666610529,0.408253081398163,-0.343458445661082,-0.0290676562592129,0.0343389479548934,0.275402883843004,-0.870853760373499,1.0329506400656,-1.17059598199384,0.0852432285072904,-0.501813398217219,"CO","#E19B78","#8A9D5B",0.2339,"C"
"88","Comanche",-1.62708160250584,2.70771429065853,1.09689124248984,5.61237124455514,-4.99226227437374,-3.06009921650021,0.109563941181196,-4.62182221353282,-1.61532335321257,0.965704087554179,-1.99396576001476,-0.160616124843779,0.0625852549802121,-0.172358693560227,-0.22076705851835,0.970319020054691,"CO","#E19B78","#8A9D5B",0.2339,"C"
"89","Comanche",-1.68496011848029,2.23411445317507,1.52514165670722,3.27843956608058,-2.06992874643116,-3.69416147175287,0.234415774922025,-2.27196743319279,-1.68362124009263,1.67391083520428,0.477230801911083,-0.501500072067046,0.371018954855992,0.085369436264301,-0.441142359697646,1.16571509474313,"CO","#E19B78","#8A9D5B",0.2339,"C"
"90","Comanche",-0.76479210466023,2.34174856435467,1.45682346018335,3.66507131551029,-2.63767225171129,-0.660245503840816,1.07858817902536,-2.64788800480516,-0.823193391002099,-0.968297305150504,-1.99085556596713,-1.20760390723322,-0.0394589651396413,0.255995798865624,0.738426985454043,-0.48250487191643,"CO","#E19B78","#8A9D5B",0.2339,"C"
"91","Comanche",0.14087547801976,3.5695703014865,1.61318830833173,4.20198924313086,-4.95703092541364,-3.4832133052084,0.828105254769089,-3.43206272004036,-0.69906586566109,1.32965660192865,-1.06619040325113,-0.158884953215171,-0.652003180555482,-0.340829106637052,0.298987353805495,0.500854099434204,"CO","#E19B78","#8A9D5B",0.2339,"C"
"92","Comanche",-1.16880259926424,0.98272303428108,-0.139412335858615,5.32288788300499,-2.13603102432118,-0.531165704668403,1.41647670897996,-1.57666443928805,-1.7288225190772,-1.59368509986215,0.160036088283758,-0.987006170552379,2.44881373705952,-0.233503215666167,-1.02349268080111,-0.170142195158469,"CO","#E19B78","#8A9D5B",0.2339,"C"
"93","Comanche",0.44452769646643,0.533026267700453,0.0607610182022074,0.25100287500742,-1.63463695598229,-0.51990284626968,0.634236227324045,-1.18557982974102,-0.313516723252477,0.0409821529753937,0.379773519953599,-0.177847713790202,-1.40760726469141,-0.0967957729641427,-0.851826649266668,-0.0658293280465304,"CO","#E19B78","#8A9D5B",0.2339,"C"
"94","Comanche",-0.784466621715198,2.5637833985689,2.01147448225533,5.40346207331724,-4.21990590369227,-1.18815263673394,0.0811784461130549,-1.98793566009502,-0.852095360040843,0.743050987551329,-2.10737808712849,-0.467123492657224,0.614109852855415,0.871414886398045,1.89735952176232,1.16664922735549,"CO","#E19B78","#8A9D5B",0.2339,"C"
"95","Comanche",-0.571899505531978,1.46264076426382,1.11716172580236,3.81555477220691,-3.1711584055495,0.00190301072929311,-0.031236837515731,0.224417304439737,-1.90330925416999,0.781965228657786,-1.75226762636402,0.249323216830708,1.58106652219798,-1.0161274834978,0.908699421452097,-3.01251982645265,"CO","#E19B78","#8A9D5B",0.2339,"C"
"96","Comanche",-2.15158854965195,0.652266128067811,0.760470618041376,4.32717315571734,-2.26285075636623,-0.0987555031213539,-0.288204103135558,-1.37603567454711,-0.464999602351187,0.940593028023404,0.0814963738201011,0.260767142025097,0.0220955893948886,0.345653171700469,-0.54462406902958,1.6587795050064,"CO","#E19B78","#8A9D5B",0.2339,"C"
"97","Comanche",0.862380568232569,2.05353049027329,0.971501454961003,2.04683800385462,-1.11584885000634,-0.211756873108806,-1.85277149576012,-0.0366003540772274,0.596593204678052,-0.081656529178469,0.266324362588535,1.32381024846458,-0.583102280653711,0.123560423660471,0.0649615201118975,-0.947929442260143,"CO","#E19B78","#8A9D5B",0.2339,"C"
"98","Comanche",-0.672793018721196,1.93600063657753,0.466952726617525,4.56358663280948,-3.34907466066685,-2.5350110339751,-0.911663399402299,-3.03085912766873,-1.06708503104982,0.500839725768377,-1.44752337945783,0.0133847053731884,0.056143630560675,-0.318085802686993,0.063888809268449,0.623395680095237,"CO","#E19B78","#8A9D5B",0.2339,"C"
"99","Comanche",-1.02873970708869,1.2398306874698,0.347217680482355,5.94852240724746,-3.51961033251667,-2.25158696136839,-0.798096654988903,-3.66645246598663,-3.04238771628286,0.658072376287124,-0.963713926448935,-0.421103484404146,-0.396834939359518,-1.14459510132367,0.521554286846991,0.519659335192709,"CO","#E19B78","#8A9D5B",0.2339,"C"
"100","Comanche",-1.09531282576964,0.886887173671501,1.27030898908764,1.90126676594035,-0.806900247005823,0.133422516541512,0.316553169591566,-0.993339464541664,-0.0647996769328666,0.533754210040225,-0.241085192675524,-0.433095213092827,-0.119309923454759,0.0923828842453185,-0.441704326231818,-0.21461954726937,"CO","#E19B78","#8A9D5B",0.2339,"C"
"101","Davidson Mesa",-1.35218489039089,-0.310732629316429,0.787116700695008,-3.62576339352414,-0.595442116311345,1.65487526559152,0.677859174563269,-2.81027507416928,0.919352613703751,1.75965281991691,-0.7640022967618,-0.999299125509714,1.06894426465872,-0.789745840234926,0.287738336436203,-0.777446016377368,"DM","#217b7e","#F88A89",0.376,"J"
"102","Davidson Mesa",-2.59432448290495,2.0369839943783,1.11528208217665,-2.81851414914543,-1.14401355675803,1.91386058753427,3.16791381505945,-1.65844271541041,3.11591411023547,2.21568361559561,-0.502111577096918,-0.977185409595221,-0.386338018314442,-0.987454775687618,-1.48149236356831,-0.483945180464136,"DM","#217b7e","#F88A89",0.376,"J"
"103","Davidson Mesa",-0.689092995713595,0.871260789817001,0.787007272082196,-2.03876748379293,0.241385823787266,0.772050510425398,2.46080960774973,-0.911680047049975,2.63124764652957,1.07380788442881,1.06169106330383,-0.648112871000344,1.11103313773885,0.516352862737451,0.359679395149532,1.04817433235429,"DM","#217b7e","#F88A89",0.376,"J"
"104","Davidson Mesa",-2.15673936093602,0.578879525411344,0.584283538294324,-2.45115961480038,0.231378685349715,1.54381402307109,0.535406296321977,-1.0169853291462,0.494318242050287,1.29625892070281,1.07854957440482,-0.74979155021605,0.212447275619111,0.40091131298089,2.07815167789686,-1.46545888684208,"DM","#217b7e","#F88A89",0.376,"J"
"105","Davidson Mesa",-1.42367639994669,0.278014423359201,0.949481315860681,-0.896381714345076,-0.819235277378064,1.19331130588425,0.891742331058006,-0.230420259809375,0.176366329983704,1.06429699981419,0.109465964051099,-0.506440644801414,0.276059512151614,-0.34826748709534,-0.16075035704508,0.148956976029176,"DM","#217b7e","#F88A89",0.376,"J"
"106","Davidson Mesa",-1.12422963534362,1.10101335170806,1.19071091640334,-1.42185392983956,-0.951966236810334,1.8022476998343,1.61360245133441,-1.59100312562849,2.06088192513268,2.38086817504357,1.4275476091119,1.13351509606795,-0.788964275670291,1.78332363081547,0.580649018016795,-0.709897061121161,"DM","#217b7e","#F88A89",0.376,"J"
"107","Davidson Mesa",-0.136102207216666,-0.399857359022991,2.00179910577821,-0.53059693873934,0.387215819364837,0.981567145800458,0.0457747598601977,-1.76701202560006,0.812795851447155,0.450679063366097,-0.0435907772653597,-0.555189209449054,-0.0874832238078644,-1.02728897704039,-0.30953638833878,0.175408896442243,"DM","#217b7e","#F88A89",0.376,"J"
"108","Davidson Mesa",-0.669958335630197,1.48397087318572,-0.58951749921359,-2.46232100992162,-0.269264774761627,0.699513738894623,0.783808316118568,-0.896227784522724,2.00667652502077,1.01008409089925,0.694716283514829,-2.07718594348778,-1.95042024773798,-0.559310124215434,2.39535865140985,0.92271744747853,"DM","#217b7e","#F88A89",0.376,"J"
"109","Davidson Mesa",-0.51795608329633,0.720357352022175,1.27168779818885,-2.75759689478124,-0.100905908667478,2.18877457249785,2.80206060770658,-1.96938935659372,1.59773307927167,2.88077293857015,1.42884725534777,-0.935769455340225,-1.83012280281445,-0.00417703602981134,2.49683590082978,-1.3082338895729,"DM","#217b7e","#F88A89",0.376,"J"
"110","Davidson Mesa",-1.57034238028301,0.168311257975351,0.473914318714957,-1.69966278920032,0.988007024078235,0.408420556956701,0.674230070703743,-0.131572551845705,0.682759591404251,2.44545926044831,0.502824204957278,-0.515018176580245,1.12354475800636,0.404907982205973,0.702938354020714,1.17238791985622,"DM","#217b7e","#F88A89",0.376,"J"
"111","Davidson Mesa",-1.61693754012222,0.615685514992722,1.29527245807129,-1.37882379002538,-1.37430634811011,2.22707454939317,1.84035288997676,-1.77501868032286,4.39290865585667,1.31854740189805,-0.263638625769016,-0.561305553108502,1.2004317113724,0.0214691522274008,-1.53756693193978,0.591535428074475,"DM","#217b7e","#F88A89",0.376,"J"
"112","Davidson Mesa",-0.422109358198562,1.12494697078678,0.909434738004547,-0.358016310998399,-0.230439152064073,0.134223836920974,0.055306603931799,-1.34584186877254,-0.083011813194865,1.97133181639913,1.35612048724216,-0.417627102187216,-0.23916725402797,0.0520496600517019,-0.339253841270603,0.117616429571067,"DM","#217b7e","#F88A89",0.376,"J"
"113","Davidson Mesa",-0.0705411431903222,0.695331145624465,-0.860827679151916,-2.80023074095013,-0.262968963259275,1.05946640695952,1.1686808780922,-2.28097406541722,4.82748811124631,2.79497228362399,-0.99984766726734,-1.24925407792138,-0.689533396255001,-0.381830346387247,0.201066418530386,-1.19575150561816,"DM","#217b7e","#F88A89",0.376,"J"
"114","Davidson Mesa",-1.43202567688733,1.56765061180918,1.49770664037601,-1.02210806711783,-0.52131993338588,4.17594055692629,3.19538254787622,-2.17627862456792,3.01621839315451,4.0762021577045,0.235215090038934,-1.59681229257434,2.09732045809234,0.87423301623252,1.47160883665155,-2.34029022004036,"DM","#217b7e","#F88A89",0.376,"J"
"115","Davidson Mesa",-2.34302345794696,-0.732300628608017,-0.15057067141481,-1.82992401211517,-0.240701008032943,1.08585450069378,0.55568857841638,-1.77722429085298,2.16338680686973,2.46352133586176,-1.17061488192151,-1.74440000682128,0.160865779978519,-1.123446856288,-0.660539981980415,0.887286713913043,"DM","#217b7e","#F88A89",0.376,"J"
"116","Davidson Mesa",-0.892488112759896,2.028419549565,2.38218084228477,-2.19025868153018,0.273790119225301,0.594015446176848,1.47684549108614,-1.74971637607582,1.05630362231133,-0.143135455108958,-0.21030677940329,-0.783036825869507,2.15870313490097,-0.385943411105609,-0.372817169134628,-0.419037310175303,"DM","#217b7e","#F88A89",0.376,"J"
"117","Davidson Mesa",-1.06521149393457,0.990132883022718,0.0586580427512269,-2.60128413426822,0.359757742750219,1.13755535014887,2.26628043241783,-0.232701409196908,1.88122975750868,3.35011956544682,1.0173591210971,-2.45049837106489,1.11878555152765,-0.127881253716425,-0.203723621712663,1.76276835764494,"DM","#217b7e","#F88A89",0.376,"J"
"118","Heil Valley",-2.48943303648989,1.25370049268689,-0.810317006006743,-2.26536214291739,-1.64901756308078,-0.280231231976887,1.71738591249268,-0.351367962776934,-2.12212280373397,-0.500635953893156,0.443296937280244,-0.223812106093965,0.624984832967543,-0.414332756637856,0.634459519559956,0.0611832361821762,"HV","#426081","#E73233",0.3804,"L"
"119","Heil Valley",-2.08976031286708,-0.961312345911606,-0.737337022125462,-4.71463721153978,-0.35594807381189,1.30968231987241,0.109815887095558,0.295474386965415,-5.82333380289344,-0.42836405930718,0.478880572221037,-2.92515347181555,-1.99448925545953,-0.592772374614118,1.7227640241327,-0.664091671327529,"HV","#426081","#E73233",0.3804,"L"
"120","Heil Valley",-1.62099034233255,-1.13881574185187,-1.50695913574954,-2.12108142884893,-0.0556656072093202,2.48055165694664,0.0652677863351546,-0.589148551512707,-2.52484739764066,-0.202519535721614,0.69415926301955,-0.0542418756652226,-0.462439797410687,-0.580035344508686,-0.061006028904356,-0.693092350416339,"HV","#426081","#E73233",0.3804,"L"
"121","Heil Valley",-1.18479243985104,-0.155365498914807,-0.601751298144277,-3.0649026454075,-1.00670385980895,0.0203582689193973,0.751041416996382,-0.0558323369623353,-4.04722409718045,-2.45571434329112,1.44824515457324,-2.36921641236347,-0.544274997956505,3.49633908627114,0.618616215428892,1.38192592046826,"HV","#426081","#E73233",0.3804,"L"
"122","Heil Valley",-3.47197623423048,-1.09534839100066,-2.67128603869315,-3.69586239191906,-1.24902065796138,0.222497734385842,0.0323159723616768,-1.68573805831809,-4.1383873033219,0.00481027057406054,0.488907435936399,-1.15122887969595,-0.182469261606106,-0.237565124838032,1.39255659087082,-0.20345326790974,"HV","#426081","#E73233",0.3804,"L"
"123","Heil Valley",-3.30631260962076,-0.143909013818519,-2.21038770887569,-4.78572530989043,-1.96390608223732,0.778213040825543,-0.494619550621149,-0.237092655494734,-5.23784919514443,-1.54931342840834,1.31374291430824,-1.61584825070472,-1.67056880204231,-0.400911802814505,0.971146245547991,-1.21614391064221,"HV","#426081","#E73233",0.3804,"L"
"124","Heil Valley",-2.32846342671724,-0.661966383492893,-0.00582396611740905,-3.98087631470017,-1.96565871201717,1.37641294138653,-1.49889701977204,-1.28136107924275,-3.33016721447958,-1.14532980854838,0.637154313587655,-1.99983042103423,-1.44515679833725,-0.319932603432779,-0.375181566422487,0.667364738332403,"HV","#426081","#E73233",0.3804,"L"
"125","Heil Valley",-0.422595293998431,0.0380882220239294,0.224968603506809,-2.36631792212501,-0.70701266196226,1.67502755474167,1.64631514625408,-1.50719778256352,-1.81995323212051,-2.14477730217629,2.08682153318441,-1.58078895556052,-1.21781453450728,-0.501996437847386,0.128799442611771,-0.94548319987435,"HV","#426081","#E73233",0.3804,"L"
"126","Heil Valley",-3.48050525869683,-1.35024577780358,0.447515332741189,-4.21002107429259,-1.26206968074719,0.420371994673516,-2.79827000567689,0.278524949649962,-1.18972598891557,0.287567073376716,0.328636011256396,0.0651080919398031,-0.497881227911072,-0.251080387435516,0.894424943276098,-0.860734445405853,"HV","#426081","#E73233",0.3804,"L"
"127","Heil Valley",-1.64709113529369,-0.118779281053228,-2.2925029133642,-2.66590329253912,-0.455842272250963,0.436445518206084,-1.01529637320297,0.381057485354946,-2.22657365645599,0.727702020555051,0.598735100734691,-1.37785057818711,0.375990533315819,-0.300489004503998,0.0782699779007705,-0.879282869437471,"HV","#426081","#E73233",0.3804,"L"
"128","Heil Valley",-1.73588193970993,0.187077222802326,-0.131373218151169,-4.73350513989487,0.546061315406957,-0.0188152616706745,-2.28333778213999,-1.5164077648346,-3.06221514587194,0.741506832370876,0.50625860880431,-1.09451416146072,0.41796092798349,-1.04234321475411,1.08749895684454,0.418546914061099,"HV","#426081","#E73233",0.3804,"L"
"129","Heil Valley",-0.33852103072143,-0.647564857913682,-0.0272081010446933,-4.90476481297288,-1.39862340017143,1.191630922364,1.88600568977642,-2.05378390706796,-5.55370307226076,0.702118037271806,2.07322592856482,0.0227035390715634,0.994988818765088,-1.17076455093915,-0.393908118951191,0.883026988699794,"HV","#426081","#E73233",0.3804,"L"
"130","Heil Valley",-0.450586601227077,-0.134480906455077,-0.980409050624888,-2.01283796743029,0.669883568463754,-0.920316089490494,-0.0340262576134579,0.795712995995436,0.366354922024911,-0.649597940737743,0.625422976037572,-0.401285913255484,0.432067009051956,1.11709920071071,-0.261684837982519,0.596681402294779,"HV","#426081","#E73233",0.3804,"L"
"131","Heil Valley",-1.57022255718027,0.340745733385359,0.293074742260586,-5.26338066787688,-3.37319287698256,0.623079057268922,0.109493204124766,-0.364445385258203,-3.7603842090237,0.229008457567955,0.555082372235295,0.303894461614482,2.17082488456848,-3.33629371987299,-0.885814590153473,0.31885739352067,"HV","#426081","#E73233",0.3804,"L"
"132","Heil Valley",0.0380724844301596,-0.795467665677645,-0.0982282282568051,-2.78160086810409,-0.802130356456056,0.317864252969696,0.276677524895391,0.319118603318282,-0.500426138647255,1.13994996582804,-0.562035640239306,0.328383064472453,0.0681762296237921,-0.770182791309818,0.484238619661487,0.570780630529096,"HV","#426081","#E73233",0.3804,"L"
"133","Kelsall",-1.23225963576927,-0.133171324415998,0.509974715114772,-3.60041282910927,0.474980307583568,0.0100400138515461,0.496100328319638,1.52698438705815,-1.98403100294745,3.45756556892559,-5.37653686211483,4.43573243716629,0.36738122299585,1.72426563419948,-1.15292505536985,-1.74825822925241,"K","#72ADD1","#F06C45",0.3806,"M"
"134","Kelsall",-1.31240843990105,0.974908079190933,-0.423124128129505,-1.52447291939492,-1.22325003224506,0.814654144990535,-1.02174469793272,0.487474473976732,-1.12442788061369,3.51814451930345,-4.78889087223064,3.98574670875168,-0.775049068091556,0.02555958295016,-1.6918548732047,0.213462766541168,"K","#72ADD1","#F06C45",0.3806,"M"
"135","Kelsall",-1.38670183813196,0.534421133161704,0.0188742068649067,-4.19675566851263,-0.0504676056550391,0.169801864970917,-0.208063386232437,2.2118726039346,-1.43620509422602,4.91026549246551,-4.77482445960981,3.75026603374704,0.0586289015250355,1.77317933548236,-0.21892745197415,-0.531450561287828,"K","#72ADD1","#F06C45",0.3806,"M"
"136","Kelsall",-2.0907437852512,-0.263057589025517,1.04537117148341,-3.26448130519343,0.227069454126353,0.244219553097153,-0.164345540945781,1.2986085546523,-2.94206823292096,2.71769101058346,-2.66410197341504,1.34954248031581,0.593347659554634,1.76696885559834,-1.95119346711548,-0.619673975331186,"K","#72ADD1","#F06C45",0.3806,"M"
"137","Kelsall",-2.30182694342681,-0.397238475083556,-0.0138337894965948,-2.21827781459826,1.26710187827309,0.253633785634071,0.711591423150982,2.94200817808667,-1.08849212527702,3.14796057365363,-3.07137164583124,3.60545810902947,-0.182072453839414,1.16786355434468,-0.0809433912023348,1.1109653137132,"K","#72ADD1","#F06C45",0.3806,"M"
"138","Kelsall",-2.14948558626093,-0.708722283947702,-0.0238870118771124,-2.19026768837369,-0.479217488939554,-0.512430342666046,-0.957765867697214,0.148432176620624,-0.428641080093877,0.468604671393389,-0.610532826758921,-0.329525813313624,0.346763444956319,-0.847769547945608,-0.440662062318546,0.204898557403426,"K","#72ADD1","#F06C45",0.3806,"M"
"139","Kelsall",-0.276912780028722,0.124764848499136,-0.0437675612360589,-1.046612624122,0.510225951332776,-0.607854578745622,-0.26959723446177,0.353139627910878,0.152023156001394,0.176872745993398,-1.0851240541856,1.22178371788513,0.112761283866757,-0.122928743831792,0.857108919029356,-0.173293516352528,"K","#72ADD1","#F06C45",0.3806,"M"
"140","Kelsall",-1.60597697543624,-0.862637001422755,2.01181454035101,-2.52943621579635,1.32982037651648,0.388268340063155,1.08374864550882,1.54268580939831,-0.616609887931656,1.80546719385152,-2.77083213087575,0.462304326579869,-0.123344552505156,0.955537553987045,-1.20879148085755,-0.158819060600754,"K","#72ADD1","#F06C45",0.3806,"M"
"141","Kelsall",-1.10131521646317,-0.922705481722329,-0.0416112097766381,-1.21159283920864,0.616832308359269,-0.213820380795461,-0.34695473715674,0.431988136982265,-0.271891608891155,0.387265898439536,-2.02151446292894,0.527950155829021,-0.485046596136861,-0.67631283292389,0.662505132914766,0.541087247819442,"K","#72ADD1","#F06C45",0.3806,"M"
"142","Kelsall",-1.80252547241824,0.729906523553471,-0.155104365516938,-3.2038368624827,-0.995769960073232,0.201579909757437,-0.232518619398935,1.68753993412725,-1.46510972956198,0.961155618511518,-0.238245196403905,1.14102868643397,1.33495288201553,1.89105846357905,1.27290654097265,-1.11667967088445,"K","#72ADD1","#F06C45",0.3806,"M"
"143","Kelsall",-0.816647556670655,0.0115687245694252,0.842970923729104,-1.46798331052634,-0.290296290554932,0.088800281555501,1.18043942113282,-0.199489177712951,-0.100157462430587,0.633342600785554,0.17301366486972,-0.0888778991121945,0.646023173461967,0.242305937836924,-0.169884187086207,-0.154108157748411,"K","#72ADD1","#F06C45",0.3806,"M"
"144","Kelsall",-0.751916725687146,-0.0787318756027111,0.0644526882285408,-1.95776946008062,0.281557486567809,-0.5193992380671,-0.807921164218267,-0.488240076976195,-0.918851518363838,0.0459072122420085,-0.243494731813602,0.332716797290639,-0.616603488720041,-0.60350375971231,0.596762639503867,-0.171408576781149,"K","#72ADD1","#F06C45",0.3806,"M"
"145","Kelsall",-0.599094931415865,0.548644290746496,1.40571962798234,-4.79270012515596,-0.983291712732726,-0.208355180701882,1.40473306181383,0.664206020921131,-0.90245893938623,1.68377622156367,-1.76339162829951,0.400618065840762,-1.14591162842283,0.453413075808216,0.11173965495982,-1.33790815205895,"K","#72ADD1","#F06C45",0.3806,"M"
"146","Konza",0.120089363598358,0.0599528413749846,0.828005899466739,0.374410602281835,2.11390643497675,-0.268225203095165,1.79971620865913,-0.0247064567386215,-0.140053928689231,0.55930967808611,-0.0816977222911446,-0.0327482789122337,-0.77387710179105,-0.229953079556653,-0.0970323382171021,2.54582313957678,"KNZ","#795199","#FDB35A",0.7597,"Q"
"147","Konza",-1.51484246334496,-0.712759468340664,1.37191137599354,0.636614048444602,1.85395378510526,-1.00278369843284,0.350105254999836,-0.161887871941092,-1.50471167417933,-0.14048599466483,-0.76427831429155,-0.208154918470411,0.0679079285426852,-0.294925161077407,0.928071759748529,-0.0604266898665962,"KNZ","#795199","#FDB35A",0.7597,"Q"
"148","Konza",-1.39208618342164,-1.94404428016174,0.946638674877791,1.68464623225892,4.97281063304364,-0.972710570551646,1.58440580145675,-2.48574094059214,-2.00682780825525,0.0490523639123287,-0.0580638199264485,0.291732253065591,-0.403811423878925,0.525703080602688,-0.872556826958826,0.250466564304713,"KNZ","#795199","#FDB35A",0.7597,"Q"
"149","Konza",-0.58496315183736,-0.286685799842272,0.941559843224596,0.143423688390357,0.714076894081384,-0.234149311719853,1.32330976744102,0.293841351724634,0.134927598962744,-0.834400015025966,-1.30419283770809,-0.379537922693501,0.600422982825679,0.157056702428717,0.382774655096315,0.106592748613553,"KNZ","#795199","#FDB35A",0.7597,"Q"
"150","Konza",-0.539178207757347,-2.47853755301138,1.72218157723776,-0.362793338207246,5.97563221739319,-2.36808771190004,-0.191619201888857,-0.636041212204639,-1.86834120130081,-0.172907708246972,1.42138335685183,0.897836434387376,2.48570977506892,0.490550737085819,0.0731946198014717,-1.23111673155437,"KNZ","#795199","#FDB35A",0.7597,"Q"
"151","Konza",-1.0151554183264,-1.42204174632823,0.129111973421908,0.515599758330636,1.70459293284641,-0.680083155809337,-0.389581038405371,-0.402459379637374,-0.322496400527564,0.106362180716458,0.732020018103855,-0.00273474875426072,-0.102191129972149,-0.429140369109034,-0.141312370615669,-0.39449584488086,"KNZ","#795199","#FDB35A",0.7597,"Q"
"152","Konza",0.539058230416549,0.718827916944473,1.32716739234261,2.20683615037122,6.69261024929372,-0.584786908402183,0.361133184121153,-1.55894874988482,-0.175129312644034,0.989087972288954,1.61127459577032,0.244660116551904,1.45223501600941,-0.841770354014561,2.0754558407997,0.653989891003849,"KNZ","#795199","#FDB35A",0.7597,"Q"
"153","Konza",-0.392692157868892,-1.3729582406909,1.06305078575936,1.36235206213582,7.26662285939719,-2.91985700235179,2.7245723984638,-2.36628147478947,-2.13808651759182,1.33289355010106,1.13326375288449,0.159705609643759,1.44438092000263,-0.0324453982921155,0.829364720580907,-1.99952676232626,"KNZ","#795199","#FDB35A",0.7597,"Q"
"154","Konza",0.436258413931603,-0.349226010663693,-0.408307479247047,1.73576066369902,2.9431601069722,-0.509099550148625,-0.110380171948019,0.054633743178748,0.281536517997609,-1.04622238176443,0.575595811570691,0.0527557640728076,0.122918417362687,-0.13323655865276,-0.0511389711427682,-0.371742130119137,"KNZ","#795199","#FDB35A",0.7597,"Q"
"155","Konza",-0.460095803125205,-0.247198342430002,-0.191765646296485,1.13707383192295,2.43104576628922,-1.16913054074729,0.944236622208033,-0.70410090487729,-1.09212290721632,0.534672335894656,0.652854305190207,-1.03797016740953,1.30878378816031,-0.832793970971116,-0.174958206182798,2.27966228294141,"KNZ","#795199","#FDB35A",0.7597,"Q"
"156","Konza",-0.002007142278851,-1.17103217376215,1.58422451132721,2.51417802976495,7.23949448781095,-1.77255690565017,2.41543779039651,-1.61830800938328,-2.36962394659825,-0.257742600453941,1.29124607933816,0.834321847193093,3.40491265386804,1.45020838503436,1.24476630538199,-0.086169197366231,"KNZ","#795199","#FDB35A",0.7597,"Q"
"157","Konza",0.682243790817378,0.721199645285281,0.579143766552383,0.795945542251559,5.86357119962965,-3.51643120327086,1.73744276496015,-0.911351823521499,-1.08852378446589,0.152892546594988,0.739489445665735,-0.124355242356152,1.02852719912777,2.33104040611949,-1.00817880448323,0.188717191218465,"KNZ","#795199","#FDB35A",0.7597,"Q"
"158","Konza",-1.36941015444107,-0.414135707474696,-1.98757050115313,2.83275014511967,2.73078820802361,-1.57808595364185,0.81659883413249,-0.838420393157939,0.0427756976378682,0.258587775248569,-0.659521483303291,0.581333912564033,0.535978424138028,1.19570007193729,0.42159359503861,0.752788478010495,"KNZ","#795199","#FDB35A",0.7597,"Q"
"159","Konza",-0.396678438047566,0.332492209963792,1.41017757534131,1.80963469905431,5.2294929757644,-0.255287887205308,1.98472891513237,-1.76148433823605,-1.43265716896241,1.20073632608165,2.02735872247037,-2.02915061158006,1.98728796494393,0.741238614477491,-0.160315718795468,-0.776076088651452,"KNZ","#795199","#FDB35A",0.7597,"Q"
"160","Konza",-0.010628495087384,-1.23570099861027,0.963290597793359,1.13079698792821,6.64324847009295,-2.87408373271239,2.37611800856723,-2.49561173364661,-1.1443349098319,-0.897541913377871,0.0884539179916285,0.633424375987351,1.18145679508139,1.47789027707469,0.664773434865971,-1.32484193644739,"KNZ","#795199","#FDB35A",0.7597,"Q"
"161","Konza",1.12994220108733,-0.177373270530257,1.25778885049189,1.90052813073049,5.55907775211698,-3.87617338808736,1.59088636621379,-0.0772991835472948,-0.827727440221712,-1.16113022397281,-0.297529872951154,1.45986777831266,-1.84650201535214,0.391693420813866,-0.765486771334012,-2.01504558905141,"KNZ","#795199","#FDB35A",0.7597,"Q"
"162","Rabbit Mountain",-1.82092820287229,-1.55884946121322,-0.631350191854477,-0.477507603948575,-0.42231326666334,-1.16735275640488,-0.126750924616997,-0.875273517539435,1.52749849920926,-2.08293387494302,0.559496070477336,3.17272427712531,3.82796613213256,-6.04141789269121,-2.07358598993974,-4.7979354824268,"RM","#A2D48E","#FE870D",0.3548,"H"
"163","Rabbit Mountain",0.508263975528919,-1.82229016449474,0.569175501088785,-0.196912520635525,-0.443302645014296,0.885627023796856,-0.732991910013955,-0.407134211168634,0.563563636847269,-0.248724363307907,0.656528863428625,-0.220349320135597,0.780589864566353,-1.20648279196045,-0.637543795916099,-0.354831898328746,"RM","#A2D48E","#FE870D",0.3548,"H"
"164","Rabbit Mountain",-4.3676513270266,-0.446873176685649,-0.674432111820376,-0.598267131406414,-0.146959651226827,0.453509474867598,-1.16212145582221,-0.0716395300681141,0.90414718113173,-0.656776323942233,-0.715327876169624,1.03615618809493,-0.276637579948082,-0.731405139375322,0.00945167228352958,-0.0270708759975836,"RM","#A2D48E","#FE870D",0.3548,"H"
"165","Rabbit Mountain",-0.591466134429428,-0.432902852133013,0.119803425186923,-0.396369057404207,0.0705873526600744,-0.754294506104203,0.255956786500853,0.183968834295245,0.523917399202337,-0.84828748217433,-0.619433051820918,0.202856274234816,-0.0305943115279346,-0.746542378219441,-0.383048890010767,0.255623260171114,"RM","#A2D48E","#FE870D",0.3548,"H"
"166","Rabbit Mountain",-0.770056553186062,0.296803894869718,-0.558997023333617,0.0629563576050455,0.158888067708272,-0.100834811132523,0.279729877748926,0.286928464513455,0.127646888725645,-0.454250175482196,-0.11411313677983,0.143797032271866,-0.367555500492752,0.305232416452864,0.0700813762154031,-0.381862393651227,"RM","#A2D48E","#FE870D",0.3548,"H"
"167","Rabbit Mountain",0.648386375155733,-1.81087817462799,-1.26317217734028,-0.243978493429448,-0.34454830353768,0.813863292910306,-1.01048016466369,-0.663404794684565,1.63526325222797,0.234205959127467,-0.0820409216615477,1.07485521512646,1.71695998379368,-1.03042865322677,0.575875345513284,-0.820251143281036,"RM","#A2D48E","#FE870D",0.3548,"H"
"168","Rabbit Mountain",-2.08454756707256,0.0872948053305727,-0.978075692398063,-1.32846254649849,0.208106406791167,-1.84956708311141,-1.91373834060864,0.115516451675924,1.46407984019968,-0.0991224926705761,1.80138703182939,1.25109990483616,2.38472051721144,-2.45008733297312,0.837137876064117,-2.2857243391892,"RM","#A2D48E","#FE870D",0.3548,"H"
"169","Rabbit Mountain",-0.773710400049433,-0.566553423146989,-0.636106149318035,-1.51739353490688,0.430471175506285,0.265986921158412,-1.39454447076501,-1.56787266385507,0.953294562766212,0.584556392153426,0.0643711906467177,0.692229580062305,0.420199805699381,-1.6713071155396,-0.359679287128162,-1.17525740648069,"RM","#A2D48E","#FE870D",0.3548,"H"
"170","Rabbit Mountain",-1.71879547055673,0.252341016046553,0.196735788548052,-0.0728816916008491,-1.15105110842044,0.0904966673264,-0.256390168672248,-1.02303710681913,-0.349630804928183,-1.45006269330468,-0.257736437228255,0.153673538207264,-0.0503371163245238,-0.95943626529334,-0.922995642530056,-0.609985307376398,"RM","#A2D48E","#FE870D",0.3548,"H"
"171","Rabbit Mountain",-1.28860410831662,-1.18924792967454,-1.47634700094124,-0.863221054127158,-0.152610399464437,0.821775621611579,0.0135790251213903,0.602745478944274,-0.908416676375198,-1.04036150046058,-0.947592054577898,1.75570406923282,0.932877861265054,-0.707408227524234,-0.0366141180997862,0.291092670355407,"RM","#A2D48E","#FE870D",0.3548,"H"
"172","Rabbit Mountain",-1.12538203163431,0.678639905073119,0.773835162078182,-0.307405897713611,-0.443056943306186,-1.56953625838634,0.291815016240016,-1.00709049396081,0.262786731518774,-1.76266125965179,0.61069229133695,2.7841102822852,1.5610645059773,-2.24487544975645,1.05831532142032,-1.19433101554387,"RM","#A2D48E","#FE870D",0.3548,"H"
"173","Rabbit Mountain",0.301642722360483,-0.0708377708227572,-0.647750316926591,-0.57085814220213,-0.591847361046033,-0.968895231672724,-0.381591020928672,0.462019456420251,-0.43169008725146,-2.1403473144608,-1.06389428076939,1.6501509345639,0.976425230373415,-2.91679260090999,-0.718437047054286,-0.0184583920807954,"RM","#A2D48E","#FE870D",0.3548,"H"
"174","Rabbit Mountain",-1.50253909301173,-0.827334546893797,-0.750263133269997,0.624666763510416,-0.0235242351595946,-0.634705882357985,-1.03754230801687,1.06468748240818,2.98914752528328,-1.43728322089247,0.531130824709858,1.06045119280064,1.56189635082699,-2.88164650345611,0.708854442753746,-2.08750105117639,"RM","#A2D48E","#FE870D",0.3548,"H"
"175","Rabbit Mountain",1.87808296835425,-0.226708486997254,-5.15372050626113,-1.54684860026184,-0.433532539071314,0.204610575114427,-0.429632686177534,0.527652623778865,0.129978111980459,-1.96935002822915,0.828838810911525,0.027115418327943,0.6681269475743,-1.11798511640912,0.352970061447197,-0.613414016115875,"RM","#A2D48E","#FE870D",0.3548,"H"
"176","Rabbit Mountain",-0.483568919110393,-0.0898754921456945,-0.089588254478627,-1.05882537380147,-0.109789830386624,1.02228419508221,-1.02346260689232,0.542236871464168,0.533533594366994,0.562350062912235,0.120268939139271,0.905773209720581,0.794903412909383,-0.17277699623622,0.248614104029183,-0.176097856867399,"RM","#A2D48E","#FE870D",0.3548,"H"
"177","Rock Creek",-2.07300524089218,0.123983542942887,2.26510082880263,-0.482612214955024,-0.113599596846818,-2.50707660522791,-4.99494740992646,-0.634675087366174,0.495893376446715,-0.759355270678253,1.64810392886208,0.423390072300729,-0.0615163402543279,0.679905257639529,1.68132073195977,1.68992911073173,"RC","#399F2F","#E19B78",0.35,"F"
"178","Rock Creek",-3.03736350409576,0.0243546369003019,1.12197144062146,-0.11770472421017,-0.791067550502886,-1.48578263256384,-1.37974128756634,0.0796171502761089,-0.854029853170038,1.31679692409576,-2.49375445075382,-1.00347440304998,0.670004456575475,0.67015984727653,0.431439369038449,0.314910835909683,"RC","#399F2F","#E19B78",0.35,"F"
"179","Rock Creek",-3.65374333926887,0.367276355084334,1.57711529971221,-2.78009143515604,0.376942895126527,-2.58515766823431,-3.02613695345599,-1.53765420011828,3.49988281305427,0.614970647125691,1.33005175919452,1.66850273451105,-0.781370646658027,0.243022977146693,0.602012071559827,0.881282147361192,"RC","#399F2F","#E19B78",0.35,"F"
"180","Rock Creek",-0.594547959948501,0.410405789502912,1.43689895240998,-2.48008922129046,0.150755087376091,0.66749450333627,-2.48374323958757,-0.19904652326927,1.66803777086445,2.02661949657104,2.50322454299876,1.1156628924165,-0.774835256113059,-0.17969358701087,1.06631972958905,-0.426173400155877,"RC","#399F2F","#E19B78",0.35,"F"
"181","Rock Creek",-2.07251666679061,-0.564592445129207,2.81043545842923,-2.38144848401892,0.532950681547624,-3.35218698835079,-2.40524449104981,-1.95236139024391,1.98521381971833,0.481055998803728,1.60426127326303,-0.319641194994058,0.183184173018557,1.47471420184406,0.496244292686098,0.881939711179441,"RC","#399F2F","#E19B78",0.35,"F"
"182","Rock Creek",-1.6286364622877,-0.110359541960395,1.67930440897212,-2.90509145842276,-0.123516336122966,-1.79212425612486,-2.29486295547709,-2.31732866144457,-0.600208996278415,-0.522383717863261,1.39786780548753,0.406059742789274,-0.0807731075655474,-0.175609638260066,0.50502719799148,0.666832245817814,"RC","#399F2F","#E19B78",0.35,"F"
"183","Rock Creek",-0.547787360535518,0.411857195414918,0.510344805245703,0.294360366811199,0.0202051009532061,-1.41484399637224,-0.875508635334173,0.21160335432958,-0.609725965314264,0.15007906512863,0.847328107006015,0.119099688360008,-0.474684996655594,-0.0420738336873129,-0.663402723508068,-0.31987428280509,"RC","#399F2F","#E19B78",0.35,"F"
"184","Rock Creek",-0.886291514317341,0.466850129098839,1.87305503786745,-2.13621744793079,0.698159097971508,-0.909314871611207,-3.4377611984937,0.668578030998209,0.515067642182163,-0.22013470631952,-1.39896009196372,-1.86163112243189,-1.00592099149061,-0.482783878116993,0.856066142644539,1.30885511479306,"RC","#399F2F","#E19B78",0.35,"F"
"185","Rock Creek",-1.7669754377752,-0.945527063099154,-0.214622918564396,-0.592077703093332,1.94956968952483,-3.27802791647131,-2.22217396241602,-0.70403568362341,2.08162212206054,1.55236952009748,0.0492247735495982,0.726121653717376,0.726390432525335,-0.511781263973013,0.85884361336076,0.151577142478842,"RC","#399F2F","#E19B78",0.35,"F"
"186","Rock Creek",-2.39669600766113,0.698506381491725,2.25143354584948,-1.1834414987798,0.968139208490452,-3.53475814066017,-6.58716548143766,-0.669897839551292,1.87418261593896,0.402573273221107,1.60680177579719,0.764442994681277,0.494213498577055,0.323007740923352,-1.1501483559298,-1.04248487211605,"RC","#399F2F","#E19B78",0.35,"F"
"187","Rock Creek",-2.74315269998733,0.998758442425965,1.76336024536494,-3.09933478384017,-0.0473558810755372,-1.70999722866638,-4.44755092912785,-2.87044450665168,0.892937194886755,-1.12818426727807,1.0395387845376,0.984881126239893,1.36843233615823,1.66751930596932,-0.210662202214719,-0.52901132387358,"RC","#399F2F","#E19B78",0.35,"F"
"188","Rock Creek",-2.07679196679743,0.1312829740307,2.92780341498634,-2.62660108808206,-0.876729450587392,-3.6289729310294,-5.49879258101901,-2.83327653346542,2.09979414022152,0.758355586320926,1.96367071335504,1.41909606876473,-1.45480200847769,1.57297651529742,2.26797213533862,1.0227890929238,"RC","#399F2F","#E19B78",0.35,"F"
"189","Rock Creek",-2.32223121138126,0.554123577796096,1.75455644626301,-1.70906376537425,0.73569559447991,-2.72752982867474,-6.17951519924249,-2.10547362046304,0.32032154497283,0.0756091680788606,0.322477991518905,1.03902105970619,-1.51580025447947,0.524752299389715,-0.111903916945013,0.0484466638866289,"RC","#399F2F","#E19B78",0.35,"F"
"190","Rock Creek",-3.75936347359616,-0.195700607456204,2.21588735434488,-2.07896185032436,0.17167092541476,-1.95098486061162,-0.029718010793513,-0.561968381941851,-0.659253398532594,-0.274381287455524,-0.0634695302863751,-0.465202512144928,-1.48309335738158,-0.64295323295198,-1.09025356243922,-0.0515589399190083,"RC","#399F2F","#E19B78",0.35,"F"
"191","Rock Creek",-2.73888147948199,0.253029039299098,1.93764295013041,-1.55745269383568,0.615452670558285,-1.05016616815935,-5.16125800572067,0.277796680017577,1.60477745749476,-0.744181686823221,0.451258004826104,1.15142668971999,-1.40680117039404,0.480779332109938,-0.749204879990534,0.40546151439379,"RC","#399F2F","#E19B78",0.35,"F"
"192","Sevilleta",14.0216913541817,4.56861643657898,-2.12918920035735,-0.870019857486212,0.215969642699383,-0.430286819755144,-1.14902636385174,-0.430157343819659,0.0118701064654164,0.59744632950477,0.135092414465324,-0.169841081505801,0.390030374502769,-0.377433471872178,-0.240754717489725,0.361769175908302,"SEV","#E73233","#B294C7",0.1933,"A"
"193","Sevilleta",12.8406440399662,5.60368340283965,-0.97293127976269,-0.633738972908626,0.0209073449085588,-0.809547264986636,-2.03048383637947,-0.182180788470792,0.304392268604941,0.104027987100605,-0.413127145691696,-0.291333754796178,0.0575244278724465,0.354664415618117,-0.130383280179815,0.441059979706808,"SEV","#E73233","#B294C7",0.1933,"A"
"194","Sevilleta",10.0824018183499,0.919957212539049,-0.747535818737698,0.116028455620794,-0.821554875240446,0.931979395190893,-0.0179887930059405,-0.326328545520231,-0.715103984955196,0.0162690815171412,0.397760304305995,2.15939574454918,-0.263511192144873,-1.86009618328627,2.18798134695057,0.522314078179029,"SEV","#E73233","#B294C7",0.1933,"A"
"195","Sevilleta",14.1688538108341,4.94850443209795,-2.04624343262109,-0.645832372050025,0.448180957691938,0.796294732872202,-0.489392061281094,0.166768399231719,-0.597994156822942,-0.419817045839061,-0.147396984933653,0.294184173732383,0.704162002367142,-0.161495216431385,-0.339192886167971,-0.137473473585313,"SEV","#E73233","#B294C7",0.1933,"A"
"196","Sevilleta",13.0807659129698,4.07866232288144,-1.16389229111906,-0.138685361714528,-0.259476631049107,0.243057128239764,-0.244616967682432,1.04071073531392,-1.3303139983015,-0.249706113017215,1.01958676284235,0.167791251344069,0.127913773001416,0.287963045569809,2.26814201856799,0.201750859613452,"SEV","#E73233","#B294C7",0.1933,"A"
"197","Sevilleta",13.7710485684851,4.73157473159669,-1.76503121699546,-1.33513383567471,-0.207301851018143,-0.599913626554897,-0.930119347660724,-0.586258087439544,0.799170869980396,-0.121716663091954,-0.860208213669768,0.0297803923992871,-0.782068229189797,0.137444109736788,-0.180555595093898,-1.96821540401921,"SEV","#E73233","#B294C7",0.1933,"A"
"198","Sevilleta",13.0204141141549,5.54057504181135,-1.20967645514022,-1.60825044331617,1.00538765055327,-0.667459374928329,0.700726258271035,1.16540586418332,0.0795300450408578,-0.293064718337628,0.99822665865987,0.303912426462197,-0.211389625252571,-1.25769032792771,0.254825877837834,1.14118980779529,"SEV","#E73233","#B294C7",0.1933,"A"
"199","Sevilleta",14.2821177745742,4.58481555495922,-2.20316600728139,-0.262618015497646,0.283925063784244,-0.429448569628737,-1.08440086600195,-0.12410846190145,-0.163747540799848,-0.308517972917835,0.376071440382451,-0.636969245961477,0.168095120442358,0.373815489410564,0.573135633001233,0.63966745367814,"SEV","#E73233","#B294C7",0.1933,"A"
"200","Sevilleta",13.0164468110373,3.06403836674378,-0.584401519007526,-0.223541565276144,-0.484681175402635,-0.150521881876358,-1.31737132935908,0.319340201697523,0.42578454308791,0.285672640946044,0.096070069782457,0.0733618261218761,-0.20412646739297,0.615120149381924,0.495485645265994,-0.294058349463775,"SEV","#E73233","#B294C7",0.1933,"A"
"201","Sevilleta",13.2115868547226,4.16389804029744,-2.24296556640527,-0.732157642229514,0.0458662640922722,-0.236334883935875,-0.0629340264104151,0.189051952116358,-0.498277588736524,-0.659972913455314,-0.195293467583182,-0.331399518887293,1.41445395697009,0.670574592893752,-0.30145372011777,0.89637668496818,"SEV","#E73233","#B294C7",0.1933,"A"
"202","Sevilleta",9.50562328702634,1.60155228958068,-1.1010559397702,-0.214285621342454,1.00021859316824,-0.564197039676634,0.595764729451183,-1.55656595606079,-0.264400143918991,0.0520552409937233,0.464387549682792,1.35697753697397,-0.639027990828288,0.900847762967378,1.73798264117503,0.468278248543715,"SEV","#E73233","#B294C7",0.1933,"A"
"203","Sevilleta",15.3031071743581,5.61233869423596,-1.944580648692,-0.552901076321575,-0.438498545100776,0.535766345782436,-0.360288668374405,0.325799562942082,1.16820744235324,-0.683394262285872,-1.47479420690395,0.0381440153699214,0.795102369562812,-0.285673248143235,-0.587864837362116,-0.983832851267765,"SEV","#E73233","#B294C7",0.1933,"A"
"204","Sevilleta",9.76792601337586,2.87032779036685,-1.8832478424778,0.745102434460782,0.976405563021024,-0.412336601759832,0.970827251849167,0.191476471031767,0.334750770700799,1.94516821066855,0.100540571023722,-1.47170481905161,-0.118828778303594,-1.52882094767412,-1.28214358447765,-1.07586669724526,"SEV","#E73233","#B294C7",0.1933,"A"
"205","Sevilleta",13.2949892517556,3.97184261439671,-1.48947677819811,-0.595744572384639,0.20215321214478,0.649503949958718,0.635181240767153,-0.162007255754574,0.00744000315157709,0.316772888733888,-0.213427617862798,-1.18634479881307,0.748512351669971,1.63797722480897,-1.2104948924933,-0.831490929092925,"SEV","#E73233","#B294C7",0.1933,"A"
"206","Sevilleta",13.9164969467126,5.83164200654497,-2.58891894208603,-1.00426999520995,0.642815420128369,-0.338029301477718,-0.659558381023568,0.975608706189025,0.0103315961257374,0.521421273396682,0.00462002468436319,-0.706543180857296,-1.06787064793365,0.697393762949583,-0.72638853002972,0.356442274832632,"SEV","#E73233","#B294C7",0.1933,"A"
"207","Sevilleta",13.6037403064303,4.34813982870974,-3.03899433484431,-0.772942328696234,0.352635904262177,0.103404492372338,-0.845677365392931,-0.30192182035631,0.21521093839795,-0.495578593903086,-0.436434484446537,0.207292731746705,-0.0442044150544685,0.919593354865564,-0.646082700701507,0.467866997328607,"SEV","#E73233","#B294C7",0.1933,"A"
"208","Sevilleta",14.507368944262,3.9929492680002,-1.62863252353398,-1.11179902078564,-0.036921830846962,0.982215408705871,-0.992715383143273,0.5874331478183,0.0176297139661862,0.0393889970824515,0.491486743107693,-0.719721076149512,-0.138361360137247,-0.224468495020008,-1.45945168889115,0.277973117104717,"SEV","#E73233","#B294C7",0.1933,"A"
"209","SGS",-1.39752633686745,2.4249443242592,1.2992544128941,0.661793165370114,-0.78135224916547,-0.815626156003568,0.619606555308551,2.59467858403326,0.763648094918231,1.76623406131175,1.82944466786242,-0.0129041966567659,-0.171321418788245,-1.44112250620026,-1.40877269509227,-0.185976127891538,"SGS","#FDB35A","#70449D",0.3291,"D"
"210","SGS",-2.1639308983191,-0.170160424592945,0.833354819585168,0.946340498285965,-0.69307905852987,-2.21313041796139,-0.135720107172087,3.90682609615077,0.0387040123395257,-0.0137232267580599,1.49124458365747,-0.285711194257771,-0.11572651821961,-1.54042250845563,-0.732272411650739,2.61133097779719,"SGS","#FDB35A","#70449D",0.3291,"D"
"211","SGS",-2.83626462319197,2.25929733428876,1.9769763944937,1.16747886325218,-1.95702541142312,-2.1298322170691,-0.514442748517175,3.3780483289296,1.00282527401472,-0.831429953166896,1.34550213437446,-2.20270105999176,1.14514956428324,-0.0860384003063886,-0.131323885198386,-1.07235283190845,"SGS","#FDB35A","#70449D",0.3291,"D"
"212","SGS",-1.31157624574178,0.863571061181638,1.20149178953094,2.81817230640143,-0.487475568911371,-1.42980717208695,-0.631084543213628,4.39866734935766,-1.06247996671108,1.25581253752908,1.16571236495422,-0.975669665499526,1.04802039765917,-0.286654864958761,1.57184164622616,-0.312915969942227,"SGS","#FDB35A","#70449D",0.3291,"D"
"213","SGS",-1.09303329118566,-0.356296595758611,-0.170000705062393,0.967183158353443,-0.220044066808315,0.441026281876702,1.10832830090748,4.67008165040134,-1.15766294108195,1.42339100207311,1.67078841526229,-1.54357138871419,-0.544620269389844,-0.113114633071956,-0.142646836814931,-0.832107145242397,"SGS","#FDB35A","#70449D",0.3291,"D"
"214","SGS",-1.01336613349217,1.97422498828498,3.47792970598648,2.27705044971704,1.09991767713685,-1.11645245772054,0.114959901642459,1.15212401020821,0.341723697405569,-1.20769616087023,-0.574574777355019,-0.47820715867157,0.284620963711891,-0.580501110920763,-0.195703945184159,0.682696334249726,"SGS","#FDB35A","#70449D",0.3291,"D"
"215","SGS",-0.852005503645354,1.68024491223907,2.37350985036078,1.15856146800588,0.443139848982093,1.12899357093866,0.870389206050513,2.49892386200874,0.325611742033915,0.685327567267943,2.71781597480121,-1.32808744230012,0.658964826040825,0.378922437914242,-1.77634820073248,-0.305193992943326,"SGS","#FDB35A","#70449D",0.3291,"D"
"216","SGS",-1.63124164943659,0.673561325270993,0.44879181002955,1.48005407964038,-0.770879065156277,-0.318369453605736,0.718029105097392,2.82642530530111,-0.627485421930019,0.149775483948244,-1.6150276573847,2.19311432865494,0.674716490036678,1.62468609605459,-0.748378366541555,-0.180125459067501,"SGS","#FDB35A","#70449D",0.3291,"D"
"217","SGS",-1.33256399782965,2.16075249105344,1.69134536254672,1.79173752154457,-0.651805256188439,-1.41284988276157,0.675273852760184,4.85723050305209,-0.197127200631687,1.57658783020976,0.370345184747953,0.126193742134672,1.38930937768678,0.184152730391145,0.474950100301467,0.462842830881206,"SGS","#FDB35A","#70449D",0.3291,"D"
"218","SGS",-2.78633910152615,0.60727623427887,1.09889404876113,0.148579725260527,-0.711160262569723,-0.570092657657913,-1.48327461238973,2.42917654004509,-0.775560947418869,0.500388836171094,-0.371525102309512,-0.385069392040889,-0.28393886563388,1.1409990884012,1.75349789492223,0.369937310177311,"SGS","#FDB35A","#70449D",0.3291,"D"
"219","SGS",-0.663266237255001,1.0346783221626,0.433675840844585,1.27730444272181,0.221312352746499,1.16434574131997,-0.000696285397293703,2.54138241448348,-0.0113282111773621,0.462045736331818,0.430961440699574,0.77670243448259,1.71880667927918,-0.582318069086788,-0.424893039377214,-0.345037181770444,"SGS","#FDB35A","#70449D",0.3291,"D"
"220","SGS",-1.62012307605777,1.67812679755968,2.28592136915015,1.38315862851247,-1.36263371812618,-0.0883557720596009,1.69853347153701,3.75093499147195,2.24345268636448,0.665776980777276,2.04842301870639,1.15780353227674,-1.9108843362369,0.140879491897139,1.99280925825567,-1.05370854050124,"SGS","#FDB35A","#70449D",0.3291,"D"
"221","SGS",-2.43067963018366,1.24626690694132,1.80976157976762,3.2165598679182,-1.04789845634869,-1.86086461822378,-1.58358223687311,5.35881746550675,0.387094090078723,1.88323955001709,3.038931506716,-0.253510735893201,-1.25639920394515,1.3554588959547,-0.933586095477377,1.16661393060566,"SGS","#FDB35A","#70449D",0.3291,"D"
"222","SGS",-0.820295642584293,0.755967080842158,0.822001834415179,0.0933969498898908,0.456109559946042,0.713694777179288,-0.825947828951523,0.502196807188905,0.164405584973311,1.78593241307596,0.691082927495333,-0.565344170434131,-1.76043567520963,0.47824179981327,-0.125289638990985,-0.413885238037825,"SGS","#FDB35A","#70449D",0.3291,"D"
"223","SGS",-1.48587531605791,-0.41725513693635,1.46846916119736,0.0683728568432361,0.824537253641879,0.974034328335821,1.46081353499876,0.374841287220764,0.013622481985313,0.928982144704985,0.638949887831833,0.349972016910146,-0.216709855035932,0.741293416878612,0.0760908328550433,0.54600726597315,"SGS","#FDB35A","#70449D",0.3291,"D"
"224","SGS",-1.32262781291458,1.85450629040243,1.27594872522501,-0.409284856120227,-0.27078597843181,-0.0896502512187574,-1.42254710189587,2.95472452861249,0.252290013240726,1.8050518568847,-0.0604161017640166,-1.08190953352067,0.887239739760232,0.0110858931560659,1.61003341366987,-0.391876901439631,"SGS","#FDB35A","#70449D",0.3291,"D"
"225","SGS",-1.41426686468178,3.30265972345844,1.66314542748733,2.05294692042553,-1.70307487293232,-1.46821287017112,-0.479406340609203,0.583574473909878,-1.85269574242188,1.06385996342808,1.41576144142633,-1.12563505501316,-0.373838338684068,1.88076894460038,-0.400954851142096,0.380111668768331,"SGS","#FDB35A","#70449D",0.3291,"D"
"226","SGS",-0.828229431305855,2.828351910419,-0.245475399416608,2.08343153424888,-0.582016535802054,-0.912433098505077,0.106424747494551,2.31933735654004,-1.61169166150751,0.725468992513839,0.157522632769293,-0.575320527533024,-0.0142211989736841,-2.33310486249492,-0.322215158052929,-1.36716484271649,"SGS","#FDB35A","#70449D",0.3291,"D"
"227","SGS",-2.62447243187587,1.87814426849742,2.05410798023552,1.04348145040078,-0.507239959283887,-1.47344233395694,0.771291767627652,5.11679586243269,-0.775640240765319,2.31496842199667,1.58690527683619,-2.9785231355973,-1.2257899303513,-2.33860286841117,-0.611648362809228,-1.52159244350781,"SGS","#FDB35A","#70449D",0.3291,"D"
"228","SGS",-1.80042921875598,0.970355422604558,2.53752222978778,2.07631542567237,-2.07179390665642,-1.61812989751447,1.04587186184187,2.23616749897176,0.879293724845623,0.159849623789833,0.769568406254896,-0.54364832790752,-0.253809573387311,0.298772765513355,1.00198913250379,-0.784376692716949,"SGS","#FDB35A","#70449D",0.3291,"D"
"229","SGS",-0.885352330129641,1.71923687202802,0.778698660738497,1.56806804161886,-1.60560929764871,-1.30479367353316,0.606631129504197,-0.174947693841922,0.832316148804416,0.92117070056024,1.07707529134009,-0.0965367789008194,0.185188103371882,0.0427533142229833,0.872872708854953,0.125077025313539,"SGS","#FDB35A","#70449D",0.3291,"D"
"230","SGS",-0.89610076735199,1.60417336297142,1.35986681028278,2.00340792205715,-0.408009518922409,-0.111638210647892,0.314227289003122,3.00091710892444,-1.03578254392679,0.666209755336632,2.08351077640553,-0.890982285887004,0.270544177609546,0.00668461710686527,0.473517875084651,-0.220785329087074,"SGS","#FDB35A","#70449D",0.3291,"D"
"231","SGS",-2.42708336508544,-0.373364263511663,0.381271362976064,1.59896827534752,-0.503154249411242,-3.04161226908659,0.534124418397695,4.5350828343357,-1.15931946683995,-0.670254743610548,0.987334321286739,1.23072078804802,1.0946690636352,-0.266100974632211,-0.309255529212504,0.134002223172004,"SGS","#FDB35A","#70449D",0.3291,"D"
"232","SGS",-1.52796240122275,0.699522786114236,0.0500857726910548,0.276077339622139,-0.0415272062480849,-1.46941217275173,-0.141603250918029,3.29997514280369,0.0426166418922775,0.485765952583427,1.57255606005867,-1.52023182769469,-0.0262685395324647,0.672636753806135,-1.01559887074784,-0.0429518193640182,"SGS","#FDB35A","#70449D",0.3291,"D"
"233","SGS",-0.0165892617706292,0.93676614729319,-0.118489571213964,0.343735617820576,1.59002207422128,-1.09207961713261,0.113533403582346,0.903325873091283,1.21999201670453,0.604829097660893,-0.899358417616748,0.576386196697226,-1.11915362679827,0.542160123542046,0.446539727446459,1.22963910206687,"SGS","#FDB35A","#70449D",0.3291,"D"
"234","SGS",-0.3897571767029,0.28324151279195,-0.207689938371494,1.49457697122587,-0.387710996991946,0.571535950810421,-0.328434662867504,-0.0659060595336606,0.682373998917949,-0.00056922689755966,-0.77311473128801,-1.7647187358267,0.87358097647385,-0.0828022714648434,-0.21537388772938,-0.679182757512497,"SGS","#FDB35A","#70449D",0.3291,"D"
"235","SGS",-1.33974511967786,1.22640924027266,0.635950305408708,0.442807958650777,-0.434965862152179,0.589247543153976,-1.14344066947321,-0.160442743256924,-0.118895733667003,1.04967392079371,1.44185706564344,-0.466278212751929,1.82341329151025,-0.134650353977743,-0.465331356531582,0.455354659707523,"SGS","#FDB35A","#70449D",0.3291,"D"
"236","SGS",-1.55232702950566,1.78923927180106,1.14052893699626,0.269708646800651,-0.665358686146302,-1.18538752878459,-1.00256432346859,2.78767534242833,-0.011559312152684,1.3458969132319,0.277452776778341,-0.103900999005138,0.917377906182809,-1.03291504712243,-0.234309282284022,-1.31915030171614,"SGS","#FDB35A","#70449D",0.3291,"D"
"237","Steele",-0.723157861687861,-0.413671057825415,-0.00714341653520509,-0.149514743583318,-0.386450217984125,0.896066819131388,-0.188778787668839,0.0511191032763002,0.609059777948823,0.329187290444798,0.169174476281857,0.0740861702939629,0.239702131717196,-0.116883977248649,0.217094826143318,0.609087555670865,"ST","#5EB54C","#C7B699",0.35,"G"
"238","Steele",0.417553654613498,1.83704314252712,0.561464608569169,0.76626909709552,-0.498478690840541,0.335375909783948,-0.566604544180168,-0.197000206595752,-0.845338247171345,-0.183551075546398,0.0978865963285216,0.00865917250472515,-0.356915128654861,0.779597360097394,-0.782440770477323,-1.34345272987913,"ST","#5EB54C","#C7B699",0.35,"G"
"239","Steele",-0.995927626566766,0.685400670901045,1.09745258191818,0.22139306952687,0.126681889262683,0.480623220550112,0.657593984307184,-0.461666830900467,0.749009823505207,-0.175910164752981,-0.448095629158965,-0.0614101896654932,-0.189303353392161,0.553097294531443,-0.443337135870873,-0.0861537657609888,"ST","#5EB54C","#C7B699",0.35,"G"
"240","Steele",-2.47213278153011,2.31984447821601,-0.528996140484958,-0.545859869133655,-0.900451380416108,1.91463098331094,1.37165910641455,-1.20793803254836,-0.877535666438797,-1.4010816599389,1.01212905424101,0.491660870910265,1.25686496631829,-0.730514757387311,-0.124792957726546,0.702996637316966,"ST","#5EB54C","#C7B699",0.35,"G"
"241","Steele",-0.580752896816335,0.785756720779928,0.430281614771314,1.46839206495506,-0.340375838517,2.84229448709969,-0.529176467394616,-0.281610372664964,0.534911236264123,-1.29077132296862,0.680531609546688,0.357816262361369,0.325730115920665,0.262683734150961,-0.925262270478035,0.267957487820136,"ST","#5EB54C","#C7B699",0.35,"G"
"242","Steele",-1.79082777210164,0.573606983639474,0.722918930180297,-0.292720214673436,-1.90640480721255,2.37443254382468,-0.537328705683064,-1.35028183435319,0.0654631475913083,-1.26905210289271,1.45565228745743,0.676952765508832,1.08891064617313,2.59771651890911,-2.65857789903026,1.15712661290289,"ST","#5EB54C","#C7B699",0.35,"G"
"243","Steele",-1.91461697989148,0.75121732268081,0.700808014169149,-0.825337951139015,-1.62333778571365,0.241516610054499,0.798931207611597,0.465102812598738,-0.771328055552619,-0.882925242898623,3.93118376776405,3.21393997998841,1.52135771957911,3.17566298952944,-6.24388356883903,1.91299419104512,"ST","#5EB54C","#C7B699",0.35,"G"
"244","Steele",-1.4884652232641,0.223368078899141,0.917507099340488,-1.02594914168281,-1.28537505700143,1.57026257690557,-0.0429674983642228,-1.79802647771934,-0.302997562149982,-1.21529272551233,0.291042283011065,-0.0195893718531937,0.0970119765522282,-0.456273234073722,-1.2927552133425,0.497892508205033,"ST","#5EB54C","#C7B699",0.35,"G"
"245","Steele",0.151250937866577,1.06109685525952,0.294385812821457,-2.83221611283354,-0.902002229954659,2.44011636828976,0.895825842062615,-0.601178375632724,-0.892026105221111,-0.706072138417888,2.66868123332368,1.60213645221744,-0.138023369121281,0.579032973550952,-0.402092520756204,-0.471431671669503,"ST","#5EB54C","#C7B699",0.35,"G"
"246","Steele",-1.75812180394114,-0.149541278213828,0.441746389605847,-0.00495366372055173,-0.480440785874053,0.41004905416661,0.592009058779134,-0.845567176813464,0.60251491147071,-0.972333249227689,-0.00463160582042153,-0.42825909595724,-0.0614253783995288,-0.0131344266989662,-0.19984919538451,-0.0178641919163076,"ST","#5EB54C","#C7B699",0.35,"G"
"247","Steele",-3.02200877053374,0.563274198186647,0.365628001534862,-1.68541192084694,-0.0581477920612511,0.695964353637539,0.90935718571449,-0.266414668420641,0.0796031830338136,-0.616507099850626,0.0680109958167611,-0.615558775540405,0.334764871922546,0.182399294040336,-2.29477061013732,1.21431348019452,"ST","#5EB54C","#C7B699",0.35,"G"
"248","Steele",-2.01827016684689,0.333517729523347,1.15237845441476,0.709324398522026,-0.0581885985185592,0.69817589381722,-0.39265296557275,0.604376328013551,-0.464346740267783,-0.920012597345162,1.41696007862683,-0.708979686928571,0.16805238321415,1.16415101693449,-1.55922312534267,-1.40576402392602,"ST","#5EB54C","#C7B699",0.35,"G"
"249","Steele",-1.29434824753979,1.69063642104482,-0.340596391394004,-1.11963689642938,-2.23399409781843,0.946413854188056,0.0457949883685025,0.374278344896533,-0.397549656043272,-2.31129751468479,2.72116485220867,1.70788670300036,0.393227671984505,0.946560223203434,-0.422895981148324,0.119110313465275,"ST","#5EB54C","#C7B699",0.35,"G"
"250","Steele",-2.14480488492924,1.97212809912983,0.449904114633573,-0.829507252425053,-1.89093752958478,1.72925384674616,1.3322038476451,-0.426727731142987,0.776891205714949,0.940594542184903,2.45149578588954,0.684443887025855,1.06538201096223,2.12557064721827,-3.39287867674238,0.186580556536251,"ST","#5EB54C","#C7B699",0.35,"G"
"251","Steele",-1.26886808651291,1.39948992318678,0.680060726694281,-1.68835241053722,-1.09585111704171,2.34311535235041,-0.375503038023974,-2.94493948742664,1.26215425402001,-0.427089598936823,1.91761356968744,2.01931035344293,3.18462144949937,1.61268641763394,-4.02628051026699,-0.196452876965867,"ST","#5EB54C","#C7B699",0.35,"G"
"252","Walker Ranch",-2.75854255459013,-3.09802540072363,-11.8321848187839,0.81987651257932,-0.0149726994884013,-1.04024682420675,-1.17946414098392,-0.748114261239285,1.49179233128191,1.1305990617599,-0.152316607097935,-0.223584982174933,-1.00916018116318,-0.367728651231336,1.86214984866938,0.109974738031458,"WR","#A6CEE3","#E6CB75",0.4254,"N"
"253","Walker Ranch",-2.68193703128759,-1.41379074710914,-8.95532402398372,1.71539904577704,-0.938720007707842,-0.475596010963856,0.347545494159885,-0.302777068845846,-0.240252244631184,1.4029872203806,0.278648364049536,0.232271878276059,-0.62372768935962,1.86054835357469,-0.376077785543359,0.410081701379258,"WR","#A6CEE3","#E6CB75",0.4254,"N"
"254","Walker Ranch",-3.30853456436287,-3.15689741799801,-8.81937651847302,0.272364976242764,-0.463309491711122,-0.661647881335738,0.252151013372764,-0.764843428237104,0.710595144967098,-0.387516215741504,0.996499006360799,-0.603954198036899,-0.308092614794262,-0.0621502673032807,-0.355885687810148,-0.0534283485257155,"WR","#A6CEE3","#E6CB75",0.4254,"N"
"255","Walker Ranch",-1.86808883202207,-2.80100030325166,-9.11366089574487,1.20867497822528,0.352948159826806,0.76998392524247,-1.07418604698566,-0.636750623287084,-0.979044170522331,-0.431623266975687,0.593370948996117,0.61389375920259,-0.229683426866776,-0.0839494378551613,-0.0290486424720995,0.4596564025498,"WR","#A6CEE3","#E6CB75",0.4254,"N"
"256","Walker Ranch",-1.48161186295149,-1.31385686300812,-11.0491334665214,1.32186688832875,0.45351096162599,0.33956940421506,0.0362136586752685,-1.01959512340162,-0.0226458642585199,0.349712933440798,0.207038137679457,-0.263037114695365,-0.573461714269149,0.319396510417712,-1.18383408138683,-0.05871814787632,"WR","#A6CEE3","#E6CB75",0.4254,"N"
"257","Walker Ranch",-2.04385392874827,-1.19327171269476,-7.52182298490861,1.75165850386976,0.415450600942465,-0.859061445825918,-0.602029591196749,1.88747962363837,-0.171085156463428,-0.486471142877302,-0.837974178786902,1.06693794107048,0.353531798201541,-0.554283168780257,0.096041008625097,-0.213859592683996,"WR","#A6CEE3","#E6CB75",0.4254,"N"
"258","Walker Ranch",-1.9351906963216,-1.75563167147392,-6.38355167158061,-0.353435633786278,-0.785185253409251,0.494318739202916,-0.198937392854409,-0.0584287109265479,-0.273498116283576,-0.67833656290296,1.09007775806682,-0.0689536731169179,-0.0554895332348294,-0.08633484948878,0.0814229668434356,0.241608728695086,"WR","#A6CEE3","#E6CB75",0.4254,"N"
"259","Walker Ranch",-2.16695467802537,-1.58634491845312,-9.94990558842122,2.25392030901514,-0.801374028142039,0.437645165407469,0.48301585681466,0.261699855493715,0.318866766480301,1.79438871700135,-0.488276732487268,0.89751623718123,0.257501361634553,0.366238752872556,-0.58876570132968,0.338512782758617,"WR","#A6CEE3","#E6CB75",0.4254,"N"
"260","Walker Ranch",-3.25584309190368,-1.7450305949863,-7.9878778276048,1.50335699490048,0.996240954692523,-0.324008421101717,0.115002824475995,1.78854409191225,-0.561182069005149,0.521636683870602,-1.17888063977705,-0.718025711081418,-0.493142304595113,0.538318854672258,-0.363633928201075,-1.30024682402747,"WR","#A6CEE3","#E6CB75",0.4254,"N"
"261","Walker Ranch",-4.19463976937403,-1.82159553247439,-10.9931168319397,1.52682459634378,-0.354755217231672,-0.407816433078836,0.246869584999249,-0.083166240010939,1.06487286311751,-0.515204231506098,1.22427466394859,0.274314994923451,-0.0969676411426724,-0.922126604802042,0.0430895022579334,0.673485134199043,"WR","#A6CEE3","#E6CB75",0.4254,"N"
"262","Walker Ranch",-4.73606252442413,-2.61560411930719,-11.2988660032769,1.62212372795721,0.734135912151459,-1.13628692823389,2.45462659390016,-1.43127532915843,3.03267736230372,1.76482893413737,0.423510987093738,-1.0430290724774,-0.252314772309889,2.79815038788253,0.931276132496468,0.486705712413662,"WR","#A6CEE3","#E6CB75",0.4254,"N"
"263","Walker Ranch",-1.64650236892879,-1.81583337053015,-6.31816855749415,0.832180206640664,0.188023218769612,-0.636979807026549,-0.688916792556016,-0.131998768536673,0.87153240298605,0.998221488119158,-0.418326249336113,-0.643675919928581,-0.787425287880046,-0.685383235560586,0.0490861725354681,-0.674888300482671,"WR","#A6CEE3","#E6CB75",0.4254,"N"
"264","Walker Ranch",-1.23555676189956,-0.441675795374871,-4.54224323067027,0.859816835227186,0.0426890455385744,-0.546803949654699,-0.475775106595289,-0.0815247962242166,-0.0396964686864353,-0.178803631420489,0.0784479653515485,0.335992068458756,0.428226804692179,-0.348938999756694,0.140182090875351,0.465452669676681,"WR","#A6CEE3","#E6CB75",0.4254,"N"
"265","Walker Ranch",-2.96623814499608,-2.00074266156351,-7.34201465586703,-0.332788832123803,0.0105312114401198,-0.0414287258104287,-0.872059437547054,0.806953449618757,-0.204552645356153,-0.19266856809648,0.0952041512770078,0.68645125903635,-0.6659883446365,0.780555594677462,0.549329565733305,0.222441382526057,"WR","#A6CEE3","#E6CB75",0.4254,"N"
"266","Walker Ranch",-3.9927417437749,-1.08340175975624,-10.3128703704295,0.379630051465914,0.0662988113968115,-0.910623963767853,-0.915629499878522,0.114731184493265,0.693845766917645,0.726670195855567,0.679449268729163,-0.921469208807454,0.272562576222795,0.842338946708454,-0.67392601315099,-0.115168251287279,"WR","#A6CEE3","#E6CB75",0.4254,"N"
"267","Walker Ranch",-3.54411448144738,-1.75436490545955,-6.44022948377965,0.843462725255573,0.301166590327904,-0.867718020022218,0.497844091333472,1.21573276707105,0.992808457950679,0.47259095631735,-0.209627350434736,0.252453400554313,-0.761778458952736,-0.444805216624407,-0.268877395198154,0.858344916285156,"WR","#A6CEE3","#E6CB75",0.4254,"N"
"268","Wonderland",-1.00757053050325,1.33091203863013,0.445008014115688,-0.891594224612001,0.812612340305813,-0.97401763708319,1.48103889668239,0.832359972400783,-0.932272961479678,-1.49175177091934,-0.828407558230928,0.814932560837587,-1.36788451602866,0.00602742416361936,0.98672250577682,1.2659140218388,"W","#3386AE","#B15928",0.3781,"K"
"269","Wonderland",-1.40055106526132,0.307784758750227,-0.0671498867709066,-1.91781029557137,0.104868345955561,-1.18390521958894,0.926335839458483,1.36774673038703,-0.117526642541452,1.39145456120402,-1.31375056414133,0.171691277420803,1.53533829844666,-0.712394151019788,0.242494501053054,1.41153399087787,"W","#3386AE","#B15928",0.3781,"K"
"270","Wonderland",-1.031151050675,-0.0921581612316821,-0.288133311606108,-1.58760681812338,0.566319044165141,-0.217697431055935,0.852530942856715,-0.904150766213644,2.61075974912292,-2.46161524315973,-1.27230503877531,1.35286765330551,1.57925471331735,-0.940499364582888,0.494690656680705,5.09037631316644,"W","#3386AE","#B15928",0.3781,"K"
"271","Wonderland",-1.03955347233628,-0.493806567070827,0.560861372662975,-0.662238502213948,-0.867680926885408,-0.00710065534276719,0.787794477695577,1.11022305835061,0.943963832633258,-1.66778418725658,-0.507632439743203,0.166313591252923,1.42481859573723,-0.004723243821081,0.0149484084788762,-0.193738280949462,"W","#3386AE","#B15928",0.3781,"K"
"272","Wonderland",-0.328357427823422,0.155152828610721,1.00046085745993,-1.02619421957882,1.29740789046369,0.45392401048793,0.822227078785187,1.0026370269062,-0.0638693553065166,-1.97402389752854,-2.02310070514524,2.21612709465427,0.532637438717919,-0.259082111594725,1.12251390736172,0.865965767946844,"W","#3386AE","#B15928",0.3781,"K"
"273","Wonderland",-1.70746318684666,-0.722572548163055,0.883073310703433,-1.04100727776828,0.281833716524514,0.587717029424874,2.43624418167925,0.569731821210262,0.237429223837872,-1.2971800522448,-2.51658420311105,-0.95174231171805,1.60299399594455,-0.729307898426533,0.838540669433641,0.892869394295703,"W","#3386AE","#B15928",0.3781,"K"
"274","Wonderland",-1.73165111547265,0.613453985171891,0.204500858267839,-0.775420346963867,-1.10325933662883,-0.0180560725380275,-0.433150840443987,0.703278320870642,-0.911066266556548,0.471055710461711,0.3400986988111,0.369318191806419,0.121112089812107,-0.11099970649603,-0.0391586927891146,-0.389350164782168,"W","#3386AE","#B15928",0.3781,"K"
"275","Wonderland",-1.07122572951689,-0.717456948647949,-0.0341474010147729,0.762259308529596,0.59158226706151,0.402230363741913,-0.124274234637181,0.011693907895137,1.16691507956025,-0.509622120342903,0.482328190008923,-0.190610359993175,-0.164402758844172,-0.4340532349807,-0.268955690036191,-0.320103997855025,"W","#3386AE","#B15928",0.3781,"K"
"276","Wonderland",-0.530131394778155,-0.137423533731789,0.0226408634546996,0.819478315943472,-0.920171424392305,-0.599867039545548,-0.0760915560333641,-0.199675785056318,0.269988582064111,-0.385130537001362,-0.307501001114962,-0.212899454139322,0.392035601352537,-0.679603222485143,-1.19973631144532,-0.0646716558071593,"W","#3386AE","#B15928",0.3781,"K"
"277","Wonderland",-1.28870749739544,0.22697602360923,0.357625963946283,-0.0623225702427151,-0.784175586913834,-0.0199684241049311,0.942431447602851,0.503218052794783,-0.0504430407946932,-1.70201736990345,0.0237647971648106,0.545140111821572,0.57814933900781,1.04847097783417,0.170006968170462,-0.0495151964179993,"W","#3386AE","#B15928",0.3781,"K"
"278","Wonderland",-1.31807310795617,-0.160282316234582,-0.628190440825436,-0.263777259965741,0.368326923539188,0.230522583933676,-0.675476307147956,0.874422771111318,-0.941935453389156,-0.216008046365183,-0.323088241921031,-0.1755084975656,0.60718308476378,-0.564555142710852,0.312395273087264,0.580125761373046,"W","#3386AE","#B15928",0.3781,"K"
"279","Wonderland",-0.116860745976316,0.480649713980011,1.54417774916767,-0.503003250052655,2.23867803009386,-0.0881074978874213,1.82040036785012,0.775146143070956,-0.665293693966124,1.10019073414365,0.37716700998905,0.238717016801622,0.265289542683497,-0.615960617785168,0.298169074100452,4.38001289568957,"W","#3386AE","#B15928",0.3781,"K"
"280","Wonderland",-0.673999896485486,1.27416339419062,0.878125509237832,-0.681781401239237,0.379656288906597,0.813733886099287,1.15664690187153,0.948304488459772,0.50923827528806,-1.59246462644086,-1.37914832142716,0.557038199239041,-0.154908940201894,-3.17226877677916,-0.511247214916389,3.40386712932526,"W","#3386AE","#B15928",0.3781,"K"
"281","Wonderland",-1.39319779925804,0.530661029366156,1.43014839768129,-0.108035472947213,0.317617981169908,0.027483652654954,1.43537306886312,0.41380085020165,0.894550006323738,-1.27071541076738,-1.31236274692395,0.105900965871403,-0.699520083093236,-2.40701076775644,-0.642874720030737,2.84251819087895,"W","#3386AE","#B15928",0.3781,"K"
"282","Wonderland",-1.08673556714762,1.21405789932335,0.758307788675823,-1.43544997609633,-0.169589037260556,0.411845885895724,1.30215718049012,0.930796537812774,0.896089564171395,0.0861308874320934,-0.919226519151709,0.69655889800217,-0.396356196180233,-1.31458233819586,0.445849871281125,2.45087180020954,"W","#3386AE","#B15928",0.3781,"K"
"283","Wonderland",-1.17062948933383,-0.0774324533077846,-1.65586930070372,-2.10881411653676,-0.614716704850276,-0.167351566274502,0.685131519099671,0.895879615362488,1.24853873018941,0.891630331721248,-0.152294887629558,-0.180495408694882,0.331771278179697,-2.09808306263485,0.215989260857936,3.54427480484898,"W","#3386AE","#B15928",0.3781,"K"
