"","pop","LD1","LD2","LD3","LD4","LD5","LD6","LD7","LD8","LD9","abbv","col","orig","annual_AI_CGIAR","legend.order"
"1","Andrus",-0.493112869850916,0.611567432924386,-0.853204399659082,0.312432442580835,0.0878242504246138,-0.796826123527214,-0.716990113516465,-0.468777625688446,-0.0495417261953638,"A","#859D59","#A6CEE3",0.3418,"E"
"2","Andrus",-0.632012835799724,0.268054858140715,-2.01201196150947,0.120525454780049,-0.388076299480412,-0.00729192055831188,-1.50393667699571,-1.0391847813624,0.0300220068594978,"A","#859D59","#A6CEE3",0.3418,"E"
"3","Andrus",-0.107026759590731,1.85728363271277,-0.11587912396084,0.962780346737875,0.458353958453193,0.449269529245824,-0.399554785940959,0.383993741107289,0.450306800185705,"A","#859D59","#A6CEE3",0.3418,"E"
"4","Andrus",-0.45722120831768,0.276606377614231,0.610513777514191,0.51230866393967,0.427223625813908,0.423448797712567,0.0624435590982941,-0.152688711416713,-0.221863883267583,"A","#859D59","#A6CEE3",0.3418,"E"
"5","Andrus",-0.289878367190158,1.1990971328833,-0.767889091458219,1.93148533185916,0.295535264591485,1.66286792146227,-0.703056530879567,-1.00289739769925,0.175747295478441,"A","#859D59","#A6CEE3",0.3418,"E"
"6","Andrus",-0.694358301309491,2.33693713542703,-1.00619228577276,1.72326724758581,0.806659353791042,4.04244662716959,-1.98875073171134,-0.224471364927475,0.580408765864778,"A","#859D59","#A6CEE3",0.3418,"E"
"7","Andrus",-0.212161724774462,0.646798563117103,-1.68089049734373,-0.224389978772124,1.24727649316716,2.13594593813055,-2.01817674776421,-1.68731207317421,0.349767466132084,"A","#859D59","#A6CEE3",0.3418,"E"
"8","Andrus",-1.1145435374243,2.36874054717411,-2.17572139017629,1.35758446757122,1.62904123835489,3.61952784409812,-2.83191828305988,-0.0209510987906981,-0.994926255259427,"A","#859D59","#A6CEE3",0.3418,"E"
"9","Andrus",-0.873692202391414,2.66667244726208,-3.66763317870204,0.519717240544745,1.677945936172,2.89249569068333,0.222443519407362,1.54862040434653,-1.22813841576907,"A","#859D59","#A6CEE3",0.3418,"E"
"10","Andrus",-0.663011048206049,1.10249417864207,-0.365466796924551,2.47662968850294,1.8968018390551,3.27173613110342,-3.07987699291297,0.873346911637157,-0.654304653081243,"A","#859D59","#A6CEE3",0.3418,"E"
"11","Andrus",-0.422444880812718,0.95571826683288,-1.64549655811822,-1.07545406605629,0.704137095075017,0.924826063125064,0.0948304470309499,0.587340688048341,-0.791621447683567,"A","#859D59","#A6CEE3",0.3418,"E"
"12","Andrus",0.874768025676076,-0.0726951336522075,-1.34595907012538,0.230100710953516,2.40025979948991,1.19542984144378,-1.14407942092272,-0.614155195922835,-1.73484413154191,"A","#859D59","#A6CEE3",0.3418,"E"
"13","Andrus",0.396158865269201,3.80986552667209,-1.60053095009628,1.12517615879658,1.69813986430515,3.5964124967037,0.54780373682743,0.110373858636838,-0.239903255562028,"A","#859D59","#A6CEE3",0.3418,"E"
"14","Andrus",-1.06288857637144,1.52173154239541,-0.396541112926933,3.75977491315786,1.34512512093678,3.46766150046372,-3.12566666839331,0.855224962508482,0.611683145690787,"A","#859D59","#A6CEE3",0.3418,"E"
"15","Andrus",-0.410140624452315,-1.64319462993474,-1.18294497285112,1.44274202536109,0.670417743431766,1.53265844158713,-0.276472631370724,0.796271032787122,-0.921046110087534,"A","#859D59","#A6CEE3",0.3418,"E"
"16","Andrus",-1.1927167308279,0.641418145861687,-1.14412011003941,1.80300478184992,0.226172688362129,0.586468792836994,-0.362951587615414,1.22009978804028,0.992877103261573,"A","#859D59","#A6CEE3",0.3418,"E"
"17","Andrus",-1.38270418908034,2.16309266765207,-0.456376727906638,2.78401172238674,-0.260218164754288,1.89495695165385,-1.10159720357995,-0.188934945429619,-0.101310659928139,"A","#859D59","#A6CEE3",0.3418,"E"
"18","Beech Trail",-1.66299276406097,3.6390069858955,-1.21037573563205,-1.11397399169788,-1.05779711463396,-0.536697603143433,-1.6332117865406,0.658920645165782,-0.685915973258034,"BT","#6BAD9E","#4992C2",0.3596,"I"
"19","Beech Trail",-2.29146606450465,1.59412192345336,0.140791609639558,-0.611233682076573,-0.0377630909061235,-1.38714845000231,-0.68824879478652,-0.0990021436032708,-0.0477509975072777,"BT","#6BAD9E","#4992C2",0.3596,"I"
"20","Beech Trail",-1.23253825901615,3.41283186536574,-1.80762751550123,-0.116498322091162,-1.08874648163306,-3.57327100094818,-1.51094082602533,-0.19568818934693,-1.24535763286708,"BT","#6BAD9E","#4992C2",0.3596,"I"
"21","Beech Trail",0.438282100055354,3.40406706604176,-1.7443608441557,0.653138134825733,-0.883484055030125,-3.68029642733332,-2.2274872203698,0.0757003447269105,-1.09593570206877,"BT","#6BAD9E","#4992C2",0.3596,"I"
"22","Beech Trail",-1.57722556352679,0.991806530027175,-0.889990377056858,-1.40131028168455,-0.745993087210782,-1.22719871847663,-1.31505957072636,0.849913105027645,-0.14695131314482,"BT","#6BAD9E","#4992C2",0.3596,"I"
"23","Beech Trail",-1.90393486203117,2.86061340894705,-2.1674809367032,-0.585331377640063,-0.0238579292706533,-0.523255008535422,-0.889976970769499,0.321907173804669,0.0763885006450749,"BT","#6BAD9E","#4992C2",0.3596,"I"
"24","Beech Trail",-1.92617609661588,1.20922185090591,-1.56288341263757,0.166434078835177,-0.320015918902825,-0.402257138653858,0.433555493257502,-0.246845994014189,0.21268687056676,"BT","#6BAD9E","#4992C2",0.3596,"I"
"25","Beech Trail",-0.991084271313816,2.83305820485842,-1.64419844544361,0.816445181282384,-1.9960370359592,-2.43791272113196,-0.628556493734301,-2.03246328705182,-1.74800003055622,"BT","#6BAD9E","#4992C2",0.3596,"I"
"26","Beech Trail",-0.577707641318523,2.09461358633079,0.519585134110269,-1.22374757486547,-1.29905811361986,-2.64944720799202,-2.15230346749166,0.211168580674179,-0.393891239648099,"BT","#6BAD9E","#4992C2",0.3596,"I"
"27","Beech Trail",-1.44187466502348,0.90587586852561,-0.132162959462437,0.147891271852328,-0.0829707969009748,-0.635488762100634,-0.565071270424723,-0.1906401046431,0.048682385021725,"BT","#6BAD9E","#4992C2",0.3596,"I"
"28","Beech Trail",-1.73281551463027,3.91540893024126,-0.164164565998847,-1.49280532721742,-1.8304665408577,-2.40301686945173,-2.56918412080391,-0.483769075076549,-0.912318272475962,"BT","#6BAD9E","#4992C2",0.3596,"I"
"29","Beech Trail",-1.27549842968698,1.48118086279202,-1.34125375505559,-2.05737405942721,-0.302220164776054,-1.0858118112772,0.324331745233709,0.320575569703126,-0.699029522625292,"BT","#6BAD9E","#4992C2",0.3596,"I"
"30","Beech Trail",-2.52297226863364,4.85383193282199,-0.257048027046378,-1.59921722940392,-1.58250131628169,-3.95677359162167,-1.68244577644859,1.13996445896824,-0.946699618421006,"BT","#6BAD9E","#4992C2",0.3596,"I"
"31","Beech Trail",0.00540895918560449,1.49215796812606,-0.264974884787281,-0.605080764392645,-0.882823415159305,-0.212167383183259,-0.601831012610198,-0.354337960106741,-0.661067645722658,"BT","#6BAD9E","#4992C2",0.3596,"I"
"32","Beech Trail",-0.531902725215296,1.7498490321795,-0.895357529806213,-0.0732326218598918,0.22564244362157,-0.641674364830975,0.0924771852754479,-0.113379835765029,-0.078643289824661,"BT","#6BAD9E","#4992C2",0.3596,"I"
"33","Beech Trail",-1.50631446784408,2.33662391082378,-1.69743230301546,0.180735163509123,-1.52179671979456,-0.792762391984132,-0.118625675134827,-0.184185883671951,1.23668668352972,"BT","#6BAD9E","#4992C2",0.3596,"I"
"34","Beech Trail",-0.89852815334892,1.81059351242235,-0.245520817188756,1.16278469206341,-0.830943209696063,-1.66416427701027,0.908686641547733,0.575328566017228,-1.44410884590344,"BT","#6BAD9E","#4992C2",0.3596,"I"
"35","Davidson Mesa",-1.77277870003724,-1.23369707412567,1.05305786018726,-2.69993795851647,-1.2917608742859,-0.0468378919042933,0.506677846506301,-0.303608090744997,0.397795380258158,"DM","#217b7e","#F88A89",0.376,"J"
"36","Davidson Mesa",-3.00527725610341,1.52854734497882,0.302818601073799,-0.582076916886665,0.561894887180593,0.411390226122822,0.277610625226616,0.467132346788108,-0.416819035143707,"DM","#217b7e","#F88A89",0.376,"J"
"37","Davidson Mesa",-2.05022008327437,0.916310762503619,1.75794312075074,-4.20031124155636,1.01284013218903,1.1470904916926,-0.678994276692056,-0.681849157344152,2.29917403336173,"DM","#217b7e","#F88A89",0.376,"J"
"38","Davidson Mesa",-1.17641541750002,-1.34832788996658,1.47378191713534,-2.50477589539629,1.95842506546926,1.18263583128536,-0.256151986092848,1.51773093523423,0.977547832843268,"DM","#217b7e","#F88A89",0.376,"J"
"39","Davidson Mesa",-2.2730230786466,0.924741635225772,2.77142556384258,-4.02745473691794,0.587837493445032,-0.360345646708254,1.33798618280336,0.672228545242295,-0.435999633246656,"DM","#217b7e","#F88A89",0.376,"J"
"40","Davidson Mesa",-1.61880859000679,0.730932045120387,1.79749357284824,-3.14419528332511,0.0857730627298304,-0.0605086557365744,-0.182619694089668,1.72897327011857,0.821539039819987,"DM","#217b7e","#F88A89",0.376,"J"
"41","Davidson Mesa",-2.41090305626258,0.310785705402201,0.472321918676231,-2.85377557259258,0.112981107221168,1.84103122607412,-0.189338931898986,-0.451492015679821,-2.60509840384049,"DM","#217b7e","#F88A89",0.376,"J"
"42","Davidson Mesa",-1.17304038534693,0.961058893811726,1.64545380356521,-0.356985766688453,-0.029100417659001,-0.258830984509482,0.245414653813451,0.0926363703082107,0.172652177091727,"DM","#217b7e","#F88A89",0.376,"J"
"43","Davidson Mesa",-2.56856690272724,1.68167850578657,1.44420780004865,-3.81001059885895,0.375282081215894,-1.38318448059818,0.455850779625653,-0.729954421021005,1.07923965304261,"DM","#217b7e","#F88A89",0.376,"J"
"44","Davidson Mesa",-2.45937858203501,0.380719997769555,0.468018577817243,-1.74875783278638,-0.499778549070283,1.30319032586198,0.100377316487056,0.24123642888788,0.426462406462576,"DM","#217b7e","#F88A89",0.376,"J"
"45","Davidson Mesa",-2.25812012573062,0.200295292595085,1.6766058636059,-2.64996564760966,0.33362544517936,0.787387838901355,-1.179550046657,0.724412432242286,0.0710464557559309,"DM","#217b7e","#F88A89",0.376,"J"
"46","Davidson Mesa",-3.31215809767975,1.10228223033468,3.17430979198443,-4.78004255891867,1.06665583035215,0.0660306339031614,0.076579402010817,1.51392793894687,-2.11379373240171,"DM","#217b7e","#F88A89",0.376,"J"
"47","Davidson Mesa",-2.98344085885732,-0.930514033789621,0.0848029741580269,-2.56255912033085,1.32357238235645,-0.680173067563255,-0.165383472033701,0.597712008552245,1.02334296124217,"DM","#217b7e","#F88A89",0.376,"J"
"48","Davidson Mesa",-2.13495592468017,0.683188751898717,1.25555035223457,-3.22645311126368,-0.155997803215833,0.872150086825142,0.108025505624765,0.967353291738327,1.31370417704714,"DM","#217b7e","#F88A89",0.376,"J"
"49","Davidson Mesa",-2.803940904165,1.01628428503818,2.81348207358044,-2.47027131183574,0.648650398322971,1.34229388696413,0.472898373612955,0.792246446657656,-1.63552282762215,"DM","#217b7e","#F88A89",0.376,"J"
"50","Davidson Mesa",-1.73593712261627,0.221223822330337,1.75632765736718,-5.42555385182159,1.49342347299771,2.35264405612461,1.12900894112148,1.43884195915354,-0.394400703352621,"DM","#217b7e","#F88A89",0.376,"J"
"51","Davidson Mesa",-2.39448338984206,1.86704621014938,3.44595862460777,-4.53291135415779,1.06590067296458,2.93324112439731,1.55703939810122,-0.120942113123392,-0.513370668307676,"DM","#217b7e","#F88A89",0.376,"J"
"52","Heil Valley",-1.94023779166752,-3.60401065875685,2.69892917044238,1.37064387209398,-1.02889065842144,0.493880946705379,-0.229056339852113,-0.820280572170509,-0.0876405016950246,"HV","#426081","#E73233",0.3804,"L"
"53","Heil Valley",-0.0208286328920437,-0.152510361996991,2.58655391192576,1.19504415943645,-0.00837180908974833,-1.0217596159213,-0.806371843937001,0.607248514808241,-0.248589295473396,"HV","#426081","#E73233",0.3804,"L"
"54","Heil Valley",-0.104773824484817,-3.36258330680086,5.14525122981736,2.24799929701489,-1.49248052623278,-0.214809952646991,-2.90025718395322,-0.200259170596375,-1.31841624753331,"HV","#426081","#E73233",0.3804,"L"
"55","Heil Valley",1.40188834443159,-1.58918220378669,3.82251600434609,1.3775935693228,-0.556757003021514,-0.0940564397666711,-1.03922344223874,0.0498044143883525,-1.19356369517527,"HV","#426081","#E73233",0.3804,"L"
"56","Heil Valley",0.399273145769906,-2.61241980977318,5.43269257824129,3.14376832026664,-3.0635969423872,-0.112532892783155,-2.01260869591136,0.373790143873599,-1.75446837326838,"HV","#426081","#E73233",0.3804,"L"
"57","Heil Valley",1.03628239979172,-0.165791004673086,3.00714327000393,1.03973611768184,-1.11980809965432,-0.176286320320725,0.0744596147284484,-0.223570146866706,-0.80728078727146,"HV","#426081","#E73233",0.3804,"L"
"58","Heil Valley",0.00985027020739809,-0.656637167184473,4.28751984411187,2.48087543443793,-2.71710104545087,1.72603554247832,-1.76355915760033,-2.01975485682062,0.191513601619831,"HV","#426081","#E73233",0.3804,"L"
"59","Heil Valley",-1.53328121060079,-2.71874208182201,2.6599219829254,0.764033234173585,-0.0242206499159179,0.34729026422682,-0.927772887053734,0.138164550156008,0.00247664876319292,"HV","#426081","#E73233",0.3804,"L"
"60","Heil Valley",1.7493145568732,-2.00882254199738,2.68090169457729,1.19800312578922,-0.144674660462606,1.14827120697582,-0.0441798783708402,-0.0602580242673703,-0.252856982683514,"HV","#426081","#E73233",0.3804,"L"
"61","Heil Valley",-0.915848900231187,-1.55036707883192,4.60197123328761,2.23056016885714,-2.29492153655474,0.763835636759276,-1.46946173277243,0.0442883100770851,0.76210544979502,"HV","#426081","#E73233",0.3804,"L"
"62","Heil Valley",-1.27390308805148,1.36089343196582,3.06662178641888,-0.0130853255084825,-2.26809005708259,-0.299325401587839,-2.06167832089003,0.162843876869144,-1.40427349994572,"HV","#426081","#E73233",0.3804,"L"
"63","Heil Valley",-0.292874642784637,-1.89563857979618,4.78992619686293,3.44908327083709,-0.676221800338914,-1.02798989970728,2.50016533031695,1.88984174791185,0.997975341544565,"HV","#426081","#E73233",0.3804,"L"
"64","Heil Valley",-0.680393212453892,-1.01571360495459,2.34947440935517,0.103892068423575,0.785349489252648,-0.898866270231871,0.224541287765457,0.964446662828192,0.205386253278951,"HV","#426081","#E73233",0.3804,"L"
"65","Heil Valley",-1.00297075803469,-1.44621906647197,7.6160978466872,1.61911403215355,-1.79046036939259,-0.703703373484202,1.80167864090346,0.668237988136403,0.265838368488476,"HV","#426081","#E73233",0.3804,"L"
"66","Heil Valley",0.0187569232188318,0.146588545907507,-0.416309308221534,0.682416115351667,-0.609545573239911,0.378952317269797,-0.650998177106587,-0.538707588551813,1.30620895503563,"HV","#426081","#E73233",0.3804,"L"
"67","Kelsall",-1.1999040808199,-0.790772301548123,0.931047852089646,1.39525073322604,5.20545085355234,-2.55749344965057,1.68190410728059,-2.54468765898939,-1.53893550168327,"K","#72ADD1","#F06C45",0.3806,"M"
"68","Kelsall",-1.75445906646156,-0.619219511910289,-0.208377221219592,1.28495858884473,4.56377078211079,-1.12582122656354,0.279331965512105,-2.95731182861448,-1.56708717719193,"K","#72ADD1","#F06C45",0.3806,"M"
"69","Kelsall",-0.780977508649897,-0.791027421822796,0.679984642333842,0.563369590747191,4.59209958762036,-2.04598582397407,0.994710558010475,-1.5835564420697,0.180493537382811,"K","#72ADD1","#F06C45",0.3806,"M"
"70","Kelsall",-0.915868780125108,-0.457093976974539,1.00254375442576,0.833964248027903,4.04111535739451,-1.99070125824826,1.68911957469913,-2.17281531076326,0.239270238460878,"K","#72ADD1","#F06C45",0.3806,"M"
"71","Kelsall",-1.13719333212567,-1.10387444995748,0.583361708225248,0.830641170860666,5.13624926272055,-2.39291393901067,1.40093587301122,-2.26513243292409,-0.975775888348955,"K","#72ADD1","#F06C45",0.3806,"M"
"72","Kelsall",-1.61456348541277,-0.42536816345867,0.699058705586196,0.754564947033149,3.39331479288206,-0.255762169572233,0.536117349095336,-1.59671465322395,0.227391170937099,"K","#72ADD1","#F06C45",0.3806,"M"
"73","Kelsall",-0.136821145067684,-0.579088678941457,0.545888189304838,0.985973482737845,1.81847709222552,-0.577395607878671,-0.2774309874234,1.22958204324729,0.91357054969376,"K","#72ADD1","#F06C45",0.3806,"M"
"74","Kelsall",-0.867592044402155,-1.61175078857262,0.478745703069688,0.255786943978076,0.782213760720511,0.113860597942577,0.408796873550944,0.388972808267577,-0.643488340857777,"K","#72ADD1","#F06C45",0.3806,"M"
"75","Kelsall",-0.486301081116916,-0.502612957571698,-1.17095498480656,0.789791602714898,1.24418218564494,-0.897039939418789,0.352383860090498,0.424698340828938,-0.33207024088346,"K","#72ADD1","#F06C45",0.3806,"M"
"76","Kelsall",-0.766101818954205,-1.36700235198755,0.527918238502312,0.922687601825456,-0.276115877724722,-0.233737563696673,-0.10581697448446,0.282309043761092,-0.109111170787453,"K","#72ADD1","#F06C45",0.3806,"M"
"77","Kelsall",-1.75570274271682,-0.357879926567306,2.18495810592604,0.0740557566844053,2.05079588294099,-1.50761782726326,-0.386281354698042,-0.759299396789985,-1.04599668234325,"K","#72ADD1","#F06C45",0.3806,"M"
"78","Kelsall",-1.12681999187705,0.255916414671504,0.918071053734194,-0.801364777375845,0.451227961276166,-0.16113849831045,0.0891963579853553,-0.15744709573895,0.0706980823609315,"K","#72ADD1","#F06C45",0.3806,"M"
"79","Kelsall",-1.28306255084768,-2.06567259088405,0.926482001978723,1.40338879473583,2.70725675825431,-0.350445644297204,0.502532177811115,-0.863062208957568,-0.68326446125416,"K","#72ADD1","#F06C45",0.3806,"M"
"80","Rabbit Mountain",1.69005337514461,0.0157570115196915,-2.00666409633799,2.05443650608265,-0.485700965805517,-1.15038335341574,1.82731272389803,1.42321261564545,0.412172751781479,"RM","#A2D48E","#FE870D",0.3548,"H"
"81","Rabbit Mountain",-0.262845210128809,-0.351725919896611,-0.988023779265065,0.577226484506542,0.0458238198899182,-0.395518342506172,0.455192233934082,0.764662676385808,0.492628069528822,"RM","#A2D48E","#FE870D",0.3548,"H"
"82","Rabbit Mountain",0.00698019325890177,0.241038958034918,-0.703778293180624,-0.161553906190638,-0.0939596306102369,-0.00965007194613524,-0.0939577004888348,-0.193136426939658,-0.336829600070285,"RM","#A2D48E","#FE870D",0.3548,"H"
"83","Rabbit Mountain",-0.518718463102923,0.361631748112832,-0.421083789387123,-0.452086646085686,-0.736739695827132,0.803917706089684,1.31632313356822,0.505407132229591,0.263661532280715,"RM","#A2D48E","#FE870D",0.3548,"H"
"84","Rabbit Mountain",0.280004601907742,-1.05783864060441,-1.38619180783632,1.80332506698206,0.348513531873402,-0.297968943190655,0.574744757929741,0.733084351246442,-1.20790466122735,"RM","#A2D48E","#FE870D",0.3548,"H"
"85","Rabbit Mountain",0.637789776928873,0.284539766257774,-1.95332376204471,0.872917783641584,-0.0638879039650287,1.03916033312773,2.33506964357902,4.48182357887652,-3.1662610865485,"RM","#A2D48E","#FE870D",0.3548,"H"
"86","Rabbit Mountain",4.0575783717518,0.171262951980678,0.0525199212309674,0.287731041060698,-1.67801423023634,1.55644704787152,1.07300251413633,0.712803127452867,0.0286195671851937,"RM","#A2D48E","#FE870D",0.3548,"H"
"87","Rabbit Mountain",-0.490888997607459,-0.0733710171321644,-0.797216090713109,0.314876895200381,0.339497511003387,0.308978625492922,0.931497410467296,-0.155652946324395,-0.0864901212233201,"RM","#A2D48E","#FE870D",0.3548,"H"
"88","Rabbit Mountain",1.0993789430362,-0.622568155000293,-0.566732502812827,-0.246298039459219,-0.794586580182802,-0.0440274578928534,1.44877310889354,1.9655968326003,-1.01255149979487,"RM","#A2D48E","#FE870D",0.3548,"H"
"89","Rabbit Mountain",1.23292961862705,-1.77795850341773,-1.551935603321,1.68009865252027,-0.655291122709728,-0.000809742327159718,2.04522595019419,1.69873635373159,-1.29632090864948,"RM","#A2D48E","#FE870D",0.3548,"H"
"90","Rabbit Mountain",-0.643883577413739,-1.55823357046414,-0.502660322827616,-0.34574574850735,-0.189476248390592,0.520607587475695,1.64771027680418,0.697260232879474,-0.513080463431267,"RM","#A2D48E","#FE870D",0.3548,"H"
"91","Rabbit Mountain",-0.0518624784626019,0.41075629126313,-0.64829962189228,1.5607947579551,-0.659452306545105,0.707190767271268,1.28403745499055,0.496482633150671,-0.385701112204037,"RM","#A2D48E","#FE870D",0.3548,"H"
"92","Rabbit Mountain",1.91354163618388,-0.579121467096949,-0.161990372948246,1.87977306282532,0.750039709673611,0.23114252999324,1.52900625124986,0.910262271372066,-0.33578510504874,"RM","#A2D48E","#FE870D",0.3548,"H"
"93","Rabbit Mountain",0.137578456141753,1.01855097116406,-2.09368391146462,2.67909170887113,-1.38398526826176,-1.42395277620416,2.86653636623851,2.31261101341993,-0.354460399863488,"RM","#A2D48E","#FE870D",0.3548,"H"
"94","Rabbit Mountain",0.964361500422543,0.40357144652011,-0.869438316288889,1.4120995243337,-1.31109241942473,0.309429974032933,4.4793974227349,3.46850089220706,-3.20709725826575,"RM","#A2D48E","#FE870D",0.3548,"H"
"95","Rock Creek",-2.90132041282812,-2.83269115870224,-0.641947678599946,0.608087084066794,2.12138004478678,1.51287804751698,-0.0180588720877643,-0.480761087853461,0.12342612511931,"RC","#399F2F","#E19B78",0.35,"F"
"96","Rock Creek",-3.10090088391746,-3.79912668178727,-3.28980353437205,-1.66166735555426,-0.88931789239573,-0.544944326958641,-0.207224695480173,-0.288946487554181,0.422703610967202,"RC","#399F2F","#E19B78",0.35,"F"
"97","Rock Creek",-2.56648540556664,-4.88118868516172,-3.50976103885769,-0.891036637190268,-0.985203842446912,-1.06186076412335,-1.44029373646057,-0.121949398337303,-0.160599305308327,"RC","#399F2F","#E19B78",0.35,"F"
"98","Rock Creek",-4.23088662741793,-5.15816023617406,-2.42611124141228,-2.39735533931145,-0.74785056588696,0.838505691974148,-0.862302688996739,0.00173829546995541,0.851740146606014,"RC","#399F2F","#E19B78",0.35,"F"
"99","Rock Creek",-3.070483546292,-3.77740868158471,-1.00298782346189,0.194625978742674,-1.51823671676091,0.534257952309752,-0.472806647320105,0.330244301177318,-0.0110427824186421,"RC","#399F2F","#E19B78",0.35,"F"
"100","Rock Creek",-1.07472119758064,-1.14037905614943,-1.37250251577843,0.223467711485149,-0.693342637598896,0.0773734853184771,0.880143166521772,-0.510804746822249,-0.0990103817816648,"RC","#399F2F","#E19B78",0.35,"F"
"101","Rock Creek",-3.28447381182166,-2.85543283446886,-0.66694403189638,-2.15068623723931,-1.19456031531012,-0.387914834824526,1.12057945959739,0.414993042148939,-0.42223728721809,"RC","#399F2F","#E19B78",0.35,"F"
"102","Rock Creek",-2.89356189811943,-3.10599471051377,-1.67810260744796,-0.321330833267757,0.0978587093134104,-1.64041083174359,-1.02366240121332,-1.09654143375868,0.164824361932318,"RC","#399F2F","#E19B78",0.35,"F"
"103","Rock Creek",-2.70649699298924,-5.23952843837397,-3.69464714179159,-0.0770405319744008,-1.94179461711946,-1.12251308339428,0.612820097081051,-1.63388726150367,1.37082635473746,"RC","#399F2F","#E19B78",0.35,"F"
"104","Rock Creek",-3.14645760525686,-2.17316675739579,-0.323246133338227,0.251330401222537,1.08854187884606,0.489866786937162,-2.51574998249522,1.07471967753044,1.31898977556796,"RC","#399F2F","#E19B78",0.35,"F"
"105","Rock Creek",-0.793043496719991,-3.80985631890964,-3.07426619399306,-1.80568040065409,0.330059639936083,0.190958474740569,0.212278856605649,0.716828271088622,0.848194588063129,"RC","#399F2F","#E19B78",0.35,"F"
"106","Rock Creek",-3.35272250340379,-4.38090010741126,-3.27512114460462,-0.28986974192808,-1.30738283052617,1.30321399465261,0.584830287852529,-0.945825824399458,-0.38976289345272,"RC","#399F2F","#E19B78",0.35,"F"
"107","Rock Creek",-3.93467988775154,-5.84179837053581,-2.07146994029288,-0.470107949404451,-1.97375796282729,0.685069765362408,-0.488658648149931,-0.419805409631365,-1.31291354554391,"RC","#399F2F","#E19B78",0.35,"F"
"108","Rock Creek",-2.88589407949414,-4.90012865711751,-2.63250500744287,-1.64642484793578,-1.51300273048569,-0.734732526991978,-1.49530700178609,-0.485799435599979,-0.516760551814169,"RC","#399F2F","#E19B78",0.35,"F"
"109","Rock Creek",-2.86283503605944,-5.48210244581749,-2.81043460765462,0.0344206720864326,-1.13873615362973,-0.948007120386472,-0.873661987380749,-0.662686083985906,-0.18489026647029,"RC","#399F2F","#E19B78",0.35,"F"
"110","Steele",-0.315309782217885,0.293392047279872,-0.201186560561632,-0.481246651759476,0.0320229854537363,0.0900034184487673,0.282414861376997,0.292745278109354,0.460238485957749,"ST","#5EB54C","#C7B699",0.35,"G"
"111","Steele",-0.624553024754669,1.28594041026913,-0.0988573238867549,0.152584879977837,-0.515169473176878,0.0715878319453327,-0.148050485697733,-1.32908614347969,-0.946103137638311,"ST","#5EB54C","#C7B699",0.35,"G"
"112","Steele",-1.43480700476863,1.09408180110354,-0.417292160207031,-0.474616531512876,0.22196828357979,0.46040700599694,-0.0529022332567469,-0.57611380336552,-0.0927647664954651,"ST","#5EB54C","#C7B699",0.35,"G"
"113","Steele",0.198563440142257,2.70425613599861,1.3753896117497,0.954845984902346,-0.868772867036968,0.35760758795086,0.29893648489706,-1.2674685761463,1.15997017361207,"ST","#5EB54C","#C7B699",0.35,"G"
"114","Steele",-0.117650642619887,2.07674376852089,-1.39466725571906,0.128152797916519,-1.27286888411091,0.546280494844926,0.62842890957997,-0.340398685603215,0.436799129743959,"ST","#5EB54C","#C7B699",0.35,"G"
"115","Steele",-1.91335202114724,2.27838124455298,-0.239035009632018,0.977623301706953,-2.05725444170552,2.7825348356685,1.70800301776841,-3.48395045006303,2.41569141971795,"ST","#5EB54C","#C7B699",0.35,"G"
"116","Steele",-0.481525261507409,2.34363023161361,-0.203051011048984,0.863833099162014,-2.32975038626777,-0.214949916446381,2.52233317550024,-4.73135577498279,1.76861122571583,"ST","#5EB54C","#C7B699",0.35,"G"
"117","Steele",-1.72409990588571,1.25372967352158,0.40000860847798,0.638515472456134,-1.54890924284462,0.365083922939033,0.246398783861339,0.178987026172673,-0.384549758896145,"ST","#5EB54C","#C7B699",0.35,"G"
"118","Steele",-2.01816798696175,1.87737453971932,0.588901859251255,-0.887796007532873,-2.8656994222051,0.14471333600218,1.94568517305319,-2.12199403441184,-0.557114942917289,"ST","#5EB54C","#C7B699",0.35,"G"
"119","Steele",-0.634816795445593,1.33687523685438,-0.301584982194542,-0.0704125613408204,-0.609405794315614,0.628782955903723,0.130685268482239,-0.108325238054524,-0.00277975461822621,"ST","#5EB54C","#C7B699",0.35,"G"
"120","Steele",-0.238060494878805,1.21289358016835,0.38192334029915,0.664937363956967,-0.0384180585630109,0.789065373858071,0.956765193609684,-1.32220670252858,1.25830011589733,"ST","#5EB54C","#C7B699",0.35,"G"
"121","Steele",-1.22756331058771,1.22317118630118,-1.19835069521763,0.514596243657284,-1.27791750947652,1.3753520875692,0.799301010427461,-1.92504452861294,-1.05099360692722,"ST","#5EB54C","#C7B699",0.35,"G"
"122","Steele",-0.672614829901052,1.57186018932054,-1.06159260255401,2.35851671029512,-2.63652054449962,-0.95123648272857,1.51471968822705,-1.46244835517882,-0.851446568571622,"ST","#5EB54C","#C7B699",0.35,"G"
"123","Steele",-1.39567571158658,1.70248401857732,0.212878699631632,-1.17956090621957,-1.43069883097909,1.36589383597726,3.06915816199665,-3.43554875256906,1.06301601680777,"ST","#5EB54C","#C7B699",0.35,"G"
"124","Steele",-1.17219517503965,1.44040248699501,0.359918133651785,-0.157431815379853,-2.01680810928732,1.53330695455192,3.42104310532022,-1.87798797474963,1.17916975074124,"ST","#5EB54C","#C7B699",0.35,"G"
"125","Walker Ranch",10.9004237922341,-0.760149566910356,-0.820709994638483,-0.969512149430256,-0.394369693519318,-0.173820950242778,-0.85569381692484,0.369243865392246,-0.0439104667957984,"WR","#A6CEE3","#E6CB75",0.4254,"N"
"126","Walker Ranch",8.87055098397467,0.583150277008972,-0.187727960632387,-1.18867804876208,-0.527195286426221,-0.648321464613859,-0.211546819703246,-1.34614141141377,-0.0131497066901213,"WR","#A6CEE3","#E6CB75",0.4254,"N"
"127","Walker Ranch",8.89192751635242,-0.749463491612924,0.373572421364363,-1.056247316774,-0.395559887329999,0.205181514099887,-0.743242772159902,0.114571344749228,-0.41867353915585,"WR","#A6CEE3","#E6CB75",0.4254,"N"
"128","Walker Ranch",8.38925025627611,-0.600285750904891,-0.620437938818902,-0.371810133856088,-0.715467012014543,0.438586340494778,0.126027295029022,0.0723811980011287,0.46823715002851,"WR","#A6CEE3","#E6CB75",0.4254,"N"
"129","Walker Ranch",11.3525109723345,0.0559647445598312,0.117133288411591,-1.26525268346007,-0.794131891143854,0.280798246877065,-0.318747524683089,-0.125171073465897,0.231598632855792,"WR","#A6CEE3","#E6CB75",0.4254,"N"
"130","Walker Ranch",8.19678148370214,-0.409618541274647,-1.41742038896339,1.06536361661932,1.18848090827558,-0.229809323685057,0.298938971931434,-0.0748610384450358,0.111905967935439,"WR","#A6CEE3","#E6CB75",0.4254,"N"
"131","Walker Ranch",5.88872134812626,-0.483426817511778,0.461743197193283,-0.586440037155703,-1.16841477326477,0.236353584273243,-0.236593331226443,-0.4538936643521,0.362098458235389,"WR","#A6CEE3","#E6CB75",0.4254,"N"
"132","Walker Ranch",9.88046920948203,0.543092751348406,0.560735547906205,-2.04440568374692,-0.254489065698621,-1.19765554889191,1.18003489786071,-1.04139421057696,-0.730883674275358,"WR","#A6CEE3","#E6CB75",0.4254,"N"
"133","Walker Ranch",9.19811153528513,-0.121778127743884,-0.0531262275598564,0.440444161091793,2.19626804959203,0.249590148783019,-0.451679143621939,-0.758967903105442,-0.272690306798919,"WR","#A6CEE3","#E6CB75",0.4254,"N"
"134","Walker Ranch",10.3241176955369,-0.84053347979913,-0.393812079527324,-2.10387076332498,-0.173411963940904,-0.195373986966285,-0.257884306777857,0.589784712870537,0.66796610975185,"WR","#A6CEE3","#E6CB75",0.4254,"N"
"135","Walker Ranch",8.87100409528995,-1.00645079854786,-0.656155526885126,-2.25876199105446,0.279571569013095,-0.896999634092375,-1.84846204709407,0.45620571844331,0.311683941722823,"WR","#A6CEE3","#E6CB75",0.4254,"N"
"136","Walker Ranch",6.47480478494385,-1.04812502804696,-0.0913213127696487,-1.82831913411939,0.568360230819768,0.0850060952994744,-0.679146785726205,0.426196306109511,-0.452520920830056,"WR","#A6CEE3","#E6CB75",0.4254,"N"
"137","Walker Ranch",4.09729734997816,-0.250137015283597,-0.684290969154997,-0.269145413123231,-0.23643392280855,0.393098628353457,0.646219795531488,0.41516674469495,0.341069113508093,"WR","#A6CEE3","#E6CB75",0.4254,"N"
"138","Walker Ranch",7.7136479998399,-1.33157905731971,-0.204956854781232,-0.020987088288184,0.540109660935259,-0.232852283664511,-0.579010303109358,-1.01117063631787,-0.0952723173089766,"WR","#A6CEE3","#E6CB75",0.4254,"N"
"139","Walker Ranch",10.9346272418865,-1.36171187248777,0.441284675529016,-1.63762764966747,0.166594960319692,0.984411925768036,-0.292152315705411,-1.95013463967115,-0.551161911056347,"WR","#A6CEE3","#E6CB75",0.4254,"N"
"140","Walker Ranch",6.97827269244308,-1.07934367743722,-0.723070300864127,-1.24481614803639,0.0913801433903859,-0.13068106730829,0.544614072964174,0.153556725776193,0.92402251631311,"WR","#A6CEE3","#E6CB75",0.4254,"N"
"141","Wonderland",-0.513083767741283,1.34749897162422,-0.352948249751936,1.07063733126237,0.618263127519669,-2.52606674362953,-1.99486269209773,-0.302620177421461,0.698246160565841,"W","#3386AE","#B15928",0.3781,"K"
"142","Wonderland",-0.557774310685688,-0.516175929174194,1.17174143721609,0.78981977531925,2.2979920717283,-1.34303531284701,0.293706392969097,0.66999239624975,0.864419782298028,"W","#3386AE","#B15928",0.3781,"K"
"143","Wonderland",0.376001300503402,-0.360618147276666,-0.388577678093573,1.14647392430145,-0.0430703890709867,-0.997226879749261,-0.353663811950651,2.39594052730502,4.93571580734414,"W","#3386AE","#B15928",0.3781,"K"
"144","Wonderland",-0.211721101827635,0.510633644876265,-1.30148324881023,1.86991372785155,-0.426491636178968,-0.0790883466962625,0.630221854424627,-0.173691127639842,0.138411687115039,"W","#3386AE","#B15928",0.3781,"K"
"145","Wonderland",-1.24606874218733,1.44862841011779,-1.17439954175778,1.43247661700016,1.57676715863286,-1.3655477301037,-0.534315628624337,1.89496422340985,1.23901298699986,"W","#3386AE","#B15928",0.3781,"K"
"146","Wonderland",-0.606991110053368,1.56783951727545,1.3954484564781,2.19351955734061,1.49524613221687,-0.349874116240508,-0.611733414777803,0.661478619339532,0.357805662989119,"W","#3386AE","#B15928",0.3781,"K"
"147","Wonderland",-0.754932963433816,-0.606740278944702,0.914651762565802,0.5251404186801,0.0847403373321858,-0.583852124274951,0.394610801646274,-0.424894430511954,-0.441991178767254,"W","#3386AE","#B15928",0.3781,"K"
"148","Wonderland",0.478178469052133,0.788837596627148,-1.71915445298926,-0.474670474912559,-0.48195642556612,0.96820008242676,0.290136443907837,-0.12457332536923,0.166971282498119,"W","#3386AE","#B15928",0.3781,"K"
"149","Wonderland",0.0417965768181995,-0.0907572251301912,-0.826907815349033,0.644904605433763,-0.310190065871851,0.456911696520836,0.703679800392916,0.353182674974092,0.294595723830825,"W","#3386AE","#B15928",0.3781,"K"
"150","Wonderland",-0.327113482304681,1.71850107501732,-0.545472055232367,1.00310926431348,-0.212905540419878,0.138963174016637,-0.0726862464719391,-0.0894184340521252,-0.0761294279292834,"W","#3386AE","#B15928",0.3781,"K"
"151","Wonderland",0.712063122493561,-0.537321169350337,0.192224333470283,0.95945234217645,0.427473308445073,-0.00319224810301634,-0.0261540140893506,0.241263349000909,0.0502604834216592,"W","#3386AE","#B15928",0.3781,"K"
"152","Wonderland",-0.435209197042479,0.698032487560216,0.98646245679941,-0.656314327685554,0.302202523186336,-0.970664004597602,-0.836405135299891,0.561257658805017,4.17784226015181,"W","#3386AE","#B15928",0.3781,"K"
"153","Wonderland",-0.978115305912742,1.09373484363896,-0.618362705161855,1.66113794826243,0.0843527368708595,-0.768135318525317,0.98648401765874,2.48050764670026,2.15817640697735,"W","#3386AE","#B15928",0.3781,"K"
"154","Wonderland",-1.14193674182845,1.15540887278666,-0.871374284911982,1.10070227188065,0.116690433283758,-0.980767578371468,0.497772017344034,2.31342615343734,2.34130990022588,"W","#3386AE","#B15928",0.3781,"K"
"155","Wonderland",-1.13045803645243,0.892789441000642,0.367985213196135,0.979805388447489,1.31235306875453,-1.66740685747806,0.48582563290382,1.55582703928663,2.04293660111531,"W","#3386AE","#B15928",0.3781,"K"
"156","Wonderland",1.33053065658949,-0.0745483626672552,0.882977276899817,0.957969769550493,0.822842414801048,-0.646106948388092,0.442783066829415,1.79198973008406,3.4682705133476,"W","#3386AE","#B15928",0.3781,"K"
