"","Var1","pop","value"
"1","A01","Andrus",0.0910124975297021
"2","A02","Andrus",0.645056321779687
"3","A03","Andrus",0.432223116065963
"4","A04","Andrus",0.195896932948732
"5","A05","Andrus",0.981700044482136
"6","A06","Andrus",0.999987742124895
"7","A07","Andrus",0.999424500188018
"8","A08","Andrus",0.999999775944683
"9","A09","Andrus",0.999768497689923
"10","A10","Andrus",0.999993355463843
"11","A11","Andrus",0.785399191583124
"12","A12","Andrus",0.98645049374523
"13","A13","Andrus",0.99976060415978
"14","A14","Andrus",0.999981109479654
"15","A15","Andrus",0.564959058652955
"16","A16","Andrus",0.293506064716111
"17","A17","Andrus",0.994164955141388
"18","BT01","Andrus",0.00012286951932999
"19","BT02","Andrus",0.000375111226616371
"20","BT03","Andrus",2.77422527711574e-08
"21","BT04","Andrus",4.08867830101923e-07
"22","BT05","Andrus",0.000286729496827082
"23","BT06","Andrus",0.0049416343006999
"24","BT07","Andrus",0.0353567519843334
"25","BT08","Andrus",2.0189309768392e-06
"26","BT09","Andrus",4.82186304246376e-07
"27","BT10","Andrus",0.0372854363975386
"28","BT11","Andrus",1.5897199422035e-08
"29","BT12","Andrus",0.000164215278097689
"30","BT13","Andrus",1.5908069999865e-11
"31","BT14","Andrus",0.0242124898446496
"32","BT15","Andrus",0.0424137032050737
"33","BT16","Andrus",0.00113984937421274
"34","BT17","Andrus",0.000689326931870671
"35","DM01","Andrus",2.68447505034081e-07
"36","DM02","Andrus",0.0353010451848364
"37","DM03","Andrus",5.94501309800304e-09
"38","DM04","Andrus",6.91041604786854e-06
"39","DM05","Andrus",6.16972340932730e-12
"40","DM06","Andrus",3.89818064114372e-08
"41","DM07","Andrus",5.4500624472482e-05
"42","DM08","Andrus",0.0045390663226484
"43","DM09","Andrus",7.05646819068931e-10
"44","DM10","Andrus",0.000559994744544299
"45","DM11","Andrus",1.95610525276546e-06
"46","DM12","Andrus",1.66249450081718e-13
"47","DM13","Andrus",1.85913860880188e-06
"48","DM14","Andrus",1.11414373953962e-07
"49","DM15","Andrus",4.49393558489285e-08
"50","DM16","Andrus",1.3122095699285e-11
"51","DM17","Andrus",9.90812055996789e-12
"52","HV01","Andrus",8.95520332925303e-09
"53","HV02","Andrus",5.10268428785834e-05
"54","HV03","Andrus",2.14106190213566e-14
"55","HV04","Andrus",3.89248460998533e-09
"56","HV06","Andrus",8.15391122315167e-16
"57","HV07","Andrus",1.7402165591412e-06
"58","HV08","Andrus",2.44920209482697e-09
"59","HV10","Andrus",9.68438089296278e-07
"60","HV11","Andrus",3.96617412447509e-06
"61","HV12","Andrus",2.65115974731656e-11
"62","HV13","Andrus",4.3686875594641e-05
"63","HV14","Andrus",3.80873753734364e-13
"64","HV15","Andrus",5.4636926475974e-05
"65","HV16","Andrus",1.06250756500174e-18
"66","HV17","Andrus",0.0993857930389967
"67","K01","Andrus",2.88038735237038e-11
"68","K02","Andrus",2.93029343225653e-07
"69","K03","Andrus",6.09107786221662e-09
"70","K04","Andrus",4.12448890908297e-09
"71","K05","Andrus",9.80233354629514e-11
"72","K06","Andrus",2.97327763504251e-05
"73","K07","Andrus",0.00223069712710914
"74","K08","Andrus",0.0091081482862026
"75","K10","Andrus",0.022132473643378
"76","K13","Andrus",0.00995099840190492
"77","K15","Andrus",4.49126367335557e-06
"78","K16","Andrus",0.0114741207559417
"79","K17","Andrus",6.00544609430474e-06
"80","RC01","Andrus",0.00502256498526357
"81","RC02","Andrus",6.87525594288617e-12
"82","RC03","Andrus",2.91947398151005e-13
"83","RC04","Andrus",6.37992446984937e-15
"84","RC05","Andrus",1.23068090963345e-08
"85","RC06","Andrus",0.0156340383698695
"86","RC08","Andrus",1.89126723157025e-09
"87","RC09","Andrus",2.13733768909906e-08
"88","RC10","Andrus",2.17096647763805e-15
"89","RC11","Andrus",0.0144962057247944
"90","RC12","Andrus",3.28575217917841e-08
"91","RC13","Andrus",2.51439382278469e-11
"92","RC14","Andrus",3.03091986236886e-15
"93","RC15","Andrus",6.25971393574849e-14
"94","RC16","Andrus",4.072443381892e-14
"95","RM01","Andrus",1.28874569645397e-05
"96","RM02","Andrus",0.00886813901465884
"97","RM03","Andrus",0.162912845384981
"98","RM05","Andrus",0.0131393358270064
"99","RM07","Andrus",0.00462513574113431
"100","RM08","Andrus",3.16327469507363e-06
"101","RM09","Andrus",0.00012824962724647
"102","RM10","Andrus",0.0812526017431406
"103","RM11","Andrus",1.35662107144294e-05
"104","RM12","Andrus",1.36497452964199e-06
"105","RM13","Andrus",0.000569067131180326
"106","RM14","Andrus",0.0185029170369069
"107","RM15","Andrus",0.000427541894578616
"108","RM16","Andrus",1.10055517700979e-06
"109","RM17","Andrus",1.57958039328762e-09
"110","ST01","Andrus",0.0332551345848655
"111","ST02","Andrus",0.0476856744267059
"112","ST03","Andrus",0.230533029452019
"113","ST05","Andrus",0.00159911424378151
"114","ST06","Andrus",0.0244093237862
"115","ST07","Andrus",3.41228357733613e-06
"116","ST08","Andrus",2.5423777187969e-09
"117","ST09","Andrus",0.0154419299918462
"118","ST10","Andrus",7.39629431406186e-08
"119","ST11","Andrus",0.133593792138596
"120","ST12","Andrus",0.00945095532575952
"121","ST13","Andrus",0.00936043651172794
"122","ST15","Andrus",5.81705883749299e-05
"123","ST16","Andrus",3.94305998976668e-08
"124","ST17","Andrus",1.8679034539282e-07
"125","W01","Andrus",0.0017344885093046
"126","W02","Andrus",7.31454181321367e-05
"127","W03","Andrus",7.11283088473723e-07
"128","W04","Andrus",0.090653346192681
"129","W05","Andrus",0.0043224736389827
"130","W06","Andrus",0.0458454277585365
"131","W07","Andrus",0.00542005685553418
"132","W08","Andrus",0.350327622893492
"133","W09","Andrus",0.0385006750237023
"134","W10","Andrus",0.330790157226982
"135","W11","Andrus",0.0319634632235169
"136","W12","Andrus",8.44103559686183e-06
"137","W13","Andrus",0.00012351017178463
"138","W14","Andrus",0.00013391100152701
"139","W15","Andrus",2.64907309486087e-05
"140","W16","Andrus",4.44157604925222e-06
"141","WR01","Andrus",1.27724581029567e-30
"142","WR02","Andrus",5.91794946472087e-23
"143","WR03","Andrus",5.5836382872715e-23
"144","WR04","Andrus",3.24053373185792e-20
"145","WR05","Andrus",1.68674411969989e-32
"146","WR06","Andrus",1.51708159689839e-17
"147","WR07","Andrus",3.6743448321368e-11
"148","WR08","Andrus",8.77897353479291e-29
"149","WR09","Andrus",2.11679757178069e-21
"150","WR10","Andrus",7.76401375150529e-30
"151","WR11","Andrus",4.564032952056e-24
"152","WR12","Andrus",6.32301289222204e-14
"153","WR13","Andrus",0.000321808832880013
"154","WR14","Andrus",7.32977064013018e-18
"155","WR15","Andrus",1.17226683883367e-31
"156","WR16","Andrus",3.79786997511162e-16
"157","A01","Beech Trail",0.351578276790807
"158","A02","Beech Trail",0.235751159737015
"159","A03","Beech Trail",0.0144920962675807
"160","A04","Beech Trail",0.00530415937347945
"161","A05","Beech Trail",6.63766491624997e-05
"162","A06","Beech Trail",3.40320762319896e-08
"163","A07","Beech Trail",2.45605320753319e-05
"164","A08","Beech Trail",8.81506893552209e-08
"165","A09","Beech Trail",5.79797432346851e-06
"166","A10","Beech Trail",6.51697354819497e-09
"167","A11","Beech Trail",0.0418412985164035
"168","A12","Beech Trail",1.75314332738887e-05
"169","A13","Beech Trail",3.96886607424515e-07
"170","A14","Beech Trail",1.62982990009157e-09
"171","A15","Beech Trail",3.38649439143776e-06
"172","A16","Beech Trail",0.000822029717400473
"173","A17","Beech Trail",0.000145366841692643
"174","BT01","Beech Trail",0.999776176151789
"175","BT02","Beech Trail",0.974342778615437
"176","BT03","Beech Trail",0.99999850720431
"177","BT04","Beech Trail",0.999982809445117
"178","BT05","Beech Trail",0.990886077380848
"179","BT06","Beech Trail",0.992680251727295
"180","BT07","Beech Trail",0.515287725094454
"181","BT08","Beech Trail",0.997608618521135
"182","BT09","Beech Trail",0.999775624081817
"183","BT10","Beech Trail",0.500824340863787
"184","BT11","Beech Trail",0.999998167146298
"185","BT12","Beech Trail",0.986330605663002
"186","BT13","Beech Trail",0.999999972308338
"187","BT14","Beech Trail",0.78588861716753
"188","BT15","Beech Trail",0.638897806949765
"189","BT16","Beech Trail",0.861222063861919
"190","BT17","Beech Trail",0.834018524896873
"191","DM01","Beech Trail",6.16042315370515e-05
"192","DM02","Beech Trail",0.137684450075384
"193","DM03","Beech Trail",4.09631114075817e-08
"194","DM04","Beech Trail",2.60955805525099e-08
"195","DM05","Beech Trail",5.84617276234512e-08
"196","DM06","Beech Trail",1.37296354421924e-05
"197","DM07","Beech Trail",3.65472334027338e-05
"198","DM08","Beech Trail",0.053492108007321
"199","DM09","Beech Trail",0.000286764796565289
"200","DM10","Beech Trail",0.000568710898563609
"201","DM11","Beech Trail",9.61625152489501e-06
"202","DM12","Beech Trail",1.92652569122985e-09
"203","DM13","Beech Trail",6.65287657169574e-05
"204","DM14","Beech Trail",3.14288886739348e-06
"205","DM15","Beech Trail",1.69496012609355e-07
"206","DM16","Beech Trail",4.43080005874613e-12
"207","DM17","Beech Trail",4.68803125720043e-12
"208","HV01","Beech Trail",3.06387417079006e-11
"209","HV02","Beech Trail",8.44635616633941e-05
"210","HV03","Beech Trail",2.25023184288879e-16
"211","HV04","Beech Trail",5.56683343915591e-11
"212","HV06","Beech Trail",4.90773193847379e-17
"213","HV07","Beech Trail",9.65172054619215e-07
"214","HV08","Beech Trail",2.74743703747877e-12
"215","HV10","Beech Trail",4.33774002874758e-09
"216","HV11","Beech Trail",1.69338249375297e-10
"217","HV12","Beech Trail",3.82580333559853e-13
"218","HV13","Beech Trail",0.0382386367191469
"219","HV14","Beech Trail",1.98096430501674e-14
"220","HV15","Beech Trail",5.36369504713153e-05
"221","HV16","Beech Trail",1.60482919082873e-17
"222","HV17","Beech Trail",0.00369197667187376
"223","K01","Beech Trail",1.85531378743241e-12
"224","K02","Beech Trail",5.13889303663355e-10
"225","K03","Beech Trail",2.58591471485858e-10
"226","K04","Beech Trail",4.98148746537734e-10
"227","K05","Beech Trail",4.82759642281464e-12
"228","K06","Beech Trail",3.90567425204087e-08
"229","K07","Beech Trail",1.47814672233853e-05
"230","K08","Beech Trail",0.000101362168882098
"231","K10","Beech Trail",0.00247901135190512
"232","K13","Beech Trail",0.0007462545985458
"233","K15","Beech Trail",2.71902713912016e-05
"234","K16","Beech Trail",0.0306269762230454
"235","K17","Beech Trail",1.87487653013074e-09
"236","RC01","Beech Trail",1.62257747602095e-08
"237","RC02","Beech Trail",3.09078325477471e-11
"238","RC03","Beech Trail",4.2718775112078e-13
"239","RC04","Beech Trail",2.87288980946855e-16
"240","RC05","Beech Trail",3.68945844876016e-10
"241","RC06","Beech Trail",0.00321917815719104
"242","RC08","Beech Trail",2.04946743797957e-07
"243","RC09","Beech Trail",2.43933835953821e-07
"244","RC10","Beech Trail",3.99514422410976e-15
"245","RC11","Beech Trail",1.90081390786935e-05
"246","RC12","Beech Trail",3.04657564113193e-10
"247","RC13","Beech Trail",3.98681577397218e-14
"248","RC14","Beech Trail",6.6966749992141e-17
"249","RC15","Beech Trail",4.32725995961735e-13
"250","RC16","Beech Trail",1.00900998825514e-14
"251","RM01","Beech Trail",2.59550702531887e-06
"252","RM02","Beech Trail",0.00163572934261194
"253","RM03","Beech Trail",0.0687022465064575
"254","RM05","Beech Trail",0.00326050610306375
"255","RM07","Beech Trail",2.15710442772237e-05
"256","RM08","Beech Trail",8.95623963217678e-09
"257","RM09","Beech Trail",1.0208940034533e-07
"258","RM10","Beech Trail",0.00283900251289165
"259","RM11","Beech Trail",6.15120607087164e-06
"260","RM12","Beech Trail",4.16357425752258e-09
"261","RM13","Beech Trail",1.86299364427718e-05
"262","RM14","Beech Trail",0.000180545015521247
"263","RM15","Beech Trail",9.38898457429226e-08
"264","RM16","Beech Trail",1.47029537929177e-05
"265","RM17","Beech Trail",3.86459223266696e-10
"266","ST01","Beech Trail",0.0175893723862104
"267","ST02","Beech Trail",0.148792416916829
"268","ST03","Beech Trail",0.154437548361747
"269","ST05","Beech Trail",0.00232600706184603
"270","ST06","Beech Trail",0.0526807224389835
"271","ST07","Beech Trail",1.73369061360096e-08
"272","ST08","Beech Trail",4.2659779828026e-07
"273","ST09","Beech Trail",0.103062166261171
"274","ST10","Beech Trail",0.000535752036392017
"275","ST11","Beech Trail",0.0803016393960952
"276","ST12","Beech Trail",0.000249796649737487
"277","ST13","Beech Trail",0.000944215438702527
"278","ST15","Beech Trail",0.010355229733531
"279","ST16","Beech Trail",2.23835256519667e-07
"280","ST17","Beech Trail",1.9563536185105e-07
"281","W01","Beech Trail",0.523755116067807
"282","W02","Beech Trail",8.37631227149841e-06
"283","W03","Beech Trail",7.83361454771195e-08
"284","W04","Beech Trail",0.00450776898065683
"285","W05","Beech Trail",0.0042650927700233
"286","W06","Beech Trail",0.00083833871748928
"287","W07","Beech Trail",0.0046686752917428
"288","W08","Beech Trail",0.0155478373630862
"289","W09","Beech Trail",0.000785871987447971
"290","W10","Beech Trail",0.109150626233871
"291","W11","Beech Trail",0.000233489717467472
"292","W12","Beech Trail",9.60030978067896e-05
"293","W13","Beech Trail",8.90165702015193e-05
"294","W14","Beech Trail",0.0004643163955608
"295","W15","Beech Trail",0.000173485037694937
"296","W16","Beech Trail",7.70459533985448e-08
"297","WR01","Beech Trail",3.51230664299994e-34
"298","WR02","Beech Trail",4.83164633966762e-24
"299","WR03","Beech Trail",3.48943377085074e-26
"300","WR04","Beech Trail",6.4936728029982e-24
"301","WR05","Beech Trail",7.68952086448208e-36
"302","WR06","Beech Trail",1.53841876893631e-22
"303","WR07","Beech Trail",4.516853249378e-13
"304","WR08","Beech Trail",1.03727073998189e-28
"305","WR09","Beech Trail",1.83817642834397e-27
"306","WR10","Beech Trail",1.42613226033885e-32
"307","WR11","Beech Trail",1.03530020657064e-25
"308","WR12","Beech Trail",1.57341346431972e-16
"309","WR13","Beech Trail",1.22533963185074e-06
"310","WR14","Beech Trail",8.22944347081869e-22
"311","WR15","Beech Trail",6.37619227740542e-37
"312","WR16","Beech Trail",8.65502482007453e-19
"313","A01","Davidson Mesa",4.11487237823576e-05
"314","A02","Davidson Mesa",5.84339958961371e-06
"315","A03","Davidson Mesa",1.12005390766854e-05
"316","A04","Davidson Mesa",0.00173559594144789
"317","A05","Davidson Mesa",1.39996976680273e-08
"318","A06","Davidson Mesa",2.61814072591326e-10
"319","A07","Davidson Mesa",7.10840058126357e-07
"320","A08","Davidson Mesa",2.85273967545677e-11
"321","A09","Davidson Mesa",1.79407693328706e-09
"322","A10","Davidson Mesa",6.86536956029335e-11
"323","A11","Davidson Mesa",0.00390644589694848
"324","A12","Davidson Mesa",3.74765559947346e-07
"325","A13","Davidson Mesa",1.01954063714128e-09
"326","A14","Davidson Mesa",5.41961430108499e-13
"327","A15","Davidson Mesa",5.0816550579565e-07
"328","A16","Davidson Mesa",3.1378960823343e-07
"329","A17","Davidson Mesa",2.41222766767217e-09
"330","BT01","Davidson Mesa",3.76233598960655e-06
"331","BT02","Davidson Mesa",0.00370281088181046
"332","BT03","Davidson Mesa",3.11517362414664e-11
"333","BT04","Davidson Mesa",5.89096156426795e-13
"334","BT05","Davidson Mesa",0.00139974662685666
"335","BT06","Davidson Mesa",5.46693543537211e-06
"336","BT07","Davidson Mesa",0.000124903407871364
"337","BT08","Davidson Mesa",3.2709015933105e-11
"338","BT09","Davidson Mesa",6.99328763839985e-06
"339","BT10","Davidson Mesa",0.00130854048994605
"340","BT11","Davidson Mesa",7.80249284678838e-08
"341","BT12","Davidson Mesa",0.00630259372270486
"342","BT13","Davidson Mesa",6.65968058173695e-09
"343","BT14","Davidson Mesa",0.000466596379898922
"344","BT15","Davidson Mesa",0.00011046040858787
"345","BT16","Davidson Mesa",9.19840042771994e-07
"346","BT17","Davidson Mesa",1.45128340989046e-06
"347","DM01","Davidson Mesa",0.998045355259184
"348","DM02","Davidson Mesa",0.725399572704455
"349","DM03","Davidson Mesa",0.999999360766591
"350","DM04","Davidson Mesa",0.999409449856838
"351","DM05","Davidson Mesa",0.99999988053682
"352","DM06","Davidson Mesa",0.999949162128636
"353","DM07","Davidson Mesa",0.999819781704664
"354","DM08","Davidson Mesa",0.236343992832853
"355","DM09","Davidson Mesa",0.999688990814296
"356","DM10","Davidson Mesa",0.988199787109795
"357","DM11","Davidson Mesa",0.999977165310901
"358","DM12","Davidson Mesa",0.99999999796464
"359","DM13","Davidson Mesa",0.997369202202536
"360","DM14","Davidson Mesa",0.999979856848951
"361","DM15","Davidson Mesa",0.999998944469599
"362","DM16","Davidson Mesa",0.999999999875866
"363","DM17","Davidson Mesa",0.999999990050531
"364","HV01","Davidson Mesa",1.117916853576e-07
"365","HV02","Davidson Mesa",1.08997220076898e-05
"366","HV03","Davidson Mesa",1.74797448207843e-14
"367","HV04","Davidson Mesa",5.32850224088936e-10
"368","HV06","Davidson Mesa",4.9670860471728e-17
"369","HV07","Davidson Mesa",4.01138348257454e-07
"370","HV08","Davidson Mesa",4.27847013618527e-12
"371","HV10","Davidson Mesa",1.92323062744328e-05
"372","HV11","Davidson Mesa",3.19778545960158e-08
"373","HV12","Davidson Mesa",3.12465363934968e-11
"374","HV13","Davidson Mesa",0.00213538851431578
"375","HV14","Davidson Mesa",3.37052086312276e-12
"376","HV15","Davidson Mesa",0.0107125192388296
"377","HV16","Davidson Mesa",2.68147107998428e-11
"378","HV17","Davidson Mesa",9.0570940115749e-06
"379","K01","Davidson Mesa",1.21371647707098e-12
"380","K02","Davidson Mesa",6.41760045114055e-11
"381","K03","Davidson Mesa",1.3684988569015e-09
"382","K04","Davidson Mesa",1.61378870614109e-09
"383","K05","Davidson Mesa",1.4393928904815e-11
"384","K06","Davidson Mesa",1.1598559024479e-06
"385","K07","Davidson Mesa",6.92239045713286e-06
"386","K08","Davidson Mesa",0.0027366640242776
"387","K10","Davidson Mesa",4.78046248613818e-06
"388","K13","Davidson Mesa",0.000182437445363204
"389","K15","Davidson Mesa",0.000506182899702557
"390","K16","Davidson Mesa",0.410392894223206
"391","K17","Davidson Mesa",7.6424750922305e-08
"392","RC01","Davidson Mesa",6.99482045741091e-05
"393","RC02","Davidson Mesa",6.7760687773331e-11
"394","RC03","Davidson Mesa",1.82600656247013e-14
"395","RC04","Davidson Mesa",2.88518349972272e-11
"396","RC05","Davidson Mesa",8.25324639757043e-09
"397","RC06","Davidson Mesa",8.28697669032969e-05
"398","RC08","Davidson Mesa",0.000869087943246895
"399","RC09","Davidson Mesa",1.61225587054101e-08
"400","RC10","Davidson Mesa",7.05402385015405e-17
"401","RC11","Davidson Mesa",0.00106306443533196
"402","RC12","Davidson Mesa",1.64186123773769e-08
"403","RC13","Davidson Mesa",4.51392763113367e-13
"404","RC14","Davidson Mesa",1.59401856172619e-14
"405","RC15","Davidson Mesa",1.13763059822069e-12
"406","RC16","Davidson Mesa",1.39439902795589e-15
"407","RM01","Davidson Mesa",6.98096747495662e-13
"408","RM02","Davidson Mesa",6.78790174924043e-06
"409","RM03","Davidson Mesa",0.000452452528494359
"410","RM05","Davidson Mesa",0.00301289332524858
"411","RM07","Davidson Mesa",2.62253219175777e-09
"412","RM08","Davidson Mesa",3.09625755006437e-11
"413","RM09","Davidson Mesa",9.26201331339529e-10
"414","RM10","Davidson Mesa",0.000166545427373259
"415","RM11","Davidson Mesa",4.65537498594293e-07
"416","RM12","Davidson Mesa",2.66568746836109e-12
"417","RM13","Davidson Mesa",0.000481937445648192
"418","RM14","Davidson Mesa",1.84498623782248e-07
"419","RM15","Davidson Mesa",4.86623394953186e-10
"420","RM16","Davidson Mesa",2.22922476165346e-13
"421","RM17","Davidson Mesa",6.29068683838483e-13
"422","ST01","Davidson Mesa",0.00501844013157978
"423","ST02","Davidson Mesa",0.000142809181350908
"424","ST03","Davidson Mesa",0.0174582235938916
"425","ST05","Davidson Mesa",2.27793347619776e-06
"426","ST06","Davidson Mesa",2.4430466949891e-06
"427","ST07","Davidson Mesa",7.91616708386637e-10
"428","ST08","Davidson Mesa",4.04917794201381e-12
"429","ST09","Davidson Mesa",0.000640236127555837
"430","ST10","Davidson Mesa",2.21075996332901e-05
"431","ST11","Davidson Mesa",0.00096902432909576
"432","ST12","Davidson Mesa",1.79713028758449e-05
"433","ST13","Davidson Mesa",6.51683357097528e-07
"434","ST15","Davidson Mesa",5.96079561713559e-11
"435","ST16","Davidson Mesa",2.82338507273881e-06
"436","ST17","Davidson Mesa",7.41110320064432e-07
"437","W01","Davidson Mesa",1.20467949533415e-07
"438","W02","Davidson Mesa",1.89085922181506e-05
"439","W03","Davidson Mesa",3.9309754386465e-10
"440","W04","Davidson Mesa",4.07650482078107e-08
"441","W05","Davidson Mesa",8.22413182307992e-08
"442","W06","Davidson Mesa",1.86709662549574e-06
"443","W07","Davidson Mesa",0.00150630080348668
"444","W08","Davidson Mesa",4.74209678173126e-05
"445","W09","Davidson Mesa",8.06154895310249e-06
"446","W10","Davidson Mesa",7.01397064827948e-06
"447","W11","Davidson Mesa",5.81940698859973e-06
"448","W12","Davidson Mesa",0.000135950252624351
"449","W13","Davidson Mesa",3.4316379031103e-08
"450","W14","Davidson Mesa",1.60593558108439e-07
"451","W15","Davidson Mesa",1.78766315642949e-06
"452","W16","Davidson Mesa",2.10967722868511e-08
"453","WR01","Davidson Mesa",6.95302790987756e-40
"454","WR02","Davidson Mesa",1.22092201145825e-29
"455","WR03","Davidson Mesa",2.35449649502918e-29
"456","WR04","Davidson Mesa",3.40835854082324e-28
"457","WR05","Davidson Mesa",1.32943785976946e-40
"458","WR06","Davidson Mesa",5.85600603191824e-29
"459","WR07","Davidson Mesa",9.62945563962291e-16
"460","WR08","Davidson Mesa",9.19983041615133e-33
"461","WR09","Davidson Mesa",7.33867086608194e-32
"462","WR10","Davidson Mesa",1.24183231149534e-35
"463","WR11","Davidson Mesa",1.95203647443416e-29
"464","WR12","Davidson Mesa",1.49241805458787e-17
"465","WR13","Davidson Mesa",4.71062722662067e-09
"466","WR14","Davidson Mesa",8.78266770872122e-26
"467","WR15","Davidson Mesa",7.08878732020709e-39
"468","WR16","Davidson Mesa",5.29816966569972e-21
"469","A01","Heil Valley",5.69773944266799e-06
"470","A02","Heil Valley",1.5209768928159e-07
"471","A03","Heil Valley",2.90769508487457e-06
"472","A04","Heil Valley",0.00288069552226265
"473","A05","Heil Valley",2.98490648172672e-07
"474","A06","Heil Valley",1.10483432341094e-11
"475","A07","Heil Valley",2.63728300535667e-10
"476","A08","Heil Valley",8.10045097778887e-15
"477","A09","Heil Valley",3.19848779691436e-17
"478","A10","Heil Valley",2.2408160362762e-09
"479","A11","Heil Valley",5.32439306708051e-09
"480","A12","Heil Valley",1.14350752034928e-08
"481","A13","Heil Valley",1.76362591026528e-14
"482","A14","Heil Valley",1.88123051575464e-09
"483","A15","Heil Valley",2.52458396532149e-05
"484","A16","Heil Valley",4.42632098976002e-07
"485","A17","Heil Valley",1.75498225057604e-07
"486","BT01","Heil Valley",8.31258491104859e-13
"487","BT02","Heil Valley",3.21348686471152e-07
"488","BT03","Heil Valley",8.35206630217998e-15
"489","BT04","Heil Valley",2.17196353612354e-13
"490","BT05","Heil Valley",1.90880425988294e-08
"491","BT06","Heil Valley",5.11389842061192e-13
"492","BT07","Heil Valley",1.78330563990682e-08
"493","BT08","Heil Valley",1.09619509797987e-11
"494","BT09","Heil Valley",5.72523296945386e-08
"495","BT10","Heil Valley",2.71547954938096e-05
"496","BT11","Heil Valley",5.76528062437771e-13
"497","BT12","Heil Valley",2.00491268509739e-10
"498","BT13","Heil Valley",3.56971774400757e-16
"499","BT14","Heil Valley",5.39718926500618e-06
"500","BT15","Heil Valley",7.73481447105747e-08
"501","BT16","Heil Valley",3.09832296943801e-10
"502","BT17","Heil Valley",2.60252781576052e-06
"503","DM01","Heil Valley",3.31594670277294e-05
"504","DM02","Heil Valley",1.17718539755425e-06
"505","DM03","Heil Valley",2.58156518253757e-11
"506","DM04","Heil Valley",1.27289993198397e-06
"507","DM05","Heil Valley",3.02583296739333e-10
"508","DM06","Heil Valley",4.08406142052173e-08
"509","DM07","Heil Valley",8.07412193589928e-09
"510","DM08","Heil Valley",0.00849129298918453
"511","DM09","Heil Valley",5.11229248265766e-11
"512","DM10","Heil Valley",1.02665847617324e-06
"513","DM11","Heil Valley",3.80860636657787e-07
"514","DM12","Heil Valley",1.96612157071128e-12
"515","DM13","Heil Valley",8.757530162125e-09
"516","DM14","Heil Valley",2.82522602390449e-09
"517","DM15","Heil Valley",8.90561094842879e-08
"518","DM16","Heil Valley",2.55952791988787e-14
"519","DM17","Heil Valley",9.25322442699751e-13
"520","HV01","Heil Valley",0.999924151238464
"521","HV02","Heil Valley",0.953891074902726
"522","HV03","Heil Valley",0.999999999976583
"523","HV04","Heil Valley",0.999998819438597
"524","HV06","Heil Valley",0.999999999999368
"525","HV07","Heil Valley",0.999273485761288
"526","HV08","Heil Valley",0.999999486998291
"527","HV10","Heil Valley",0.999347232058793
"528","HV11","Heil Valley",0.999499217618308
"529","HV12","Heil Valley",0.999999984229329
"530","HV13","Heil Valley",0.957370874668766
"531","HV14","Heil Valley",0.999992585654805
"532","HV15","Heil Valley",0.459459634396191
"533","HV16","Heil Valley",0.999999999953875
"534","HV17","Heil Valley",0.00011589821326064
"535","K01","Heil Valley",1.04416097588082e-12
"536","K02","Heil Valley",3.41259036992093e-12
"537","K03","Heil Valley",5.62204389812056e-11
"538","K04","Heil Valley",2.93091399998183e-10
"539","K05","Heil Valley",9.60657409088913e-13
"540","K06","Heil Valley",3.45851992272294e-08
"541","K07","Heil Valley",9.59771265951532e-05
"542","K08","Heil Valley",0.00838856005296935
"543","K10","Heil Valley",1.31269098621092e-06
"544","K13","Heil Valley",0.0989489133229729
"545","K15","Heil Valley",0.000376314503693959
"546","K16","Heil Valley",0.00108313729586288
"547","K17","Heil Valley",1.02887922227383e-05
"548","RC01","Heil Valley",1.47509279975827e-06
"549","RC02","Heil Valley",5.26453487327639e-16
"550","RC03","Heil Valley",3.68591746704629e-16
"551","RC04","Heil Valley",2.77359921179204e-17
"552","RC05","Heil Valley",4.55868024295211e-08
"553","RC06","Heil Valley",1.39260355800293e-05
"554","RC08","Heil Valley",6.9850324286245e-09
"555","RC09","Heil Valley",6.85650698888025e-10
"556","RC10","Heil Valley",7.17895311720567e-17
"557","RC11","Heil Valley",4.55932124542222e-05
"558","RC12","Heil Valley",3.90433853987853e-13
"559","RC13","Heil Valley",1.74790461552896e-15
"560","RC14","Heil Valley",1.7700637632566e-14
"561","RC15","Heil Valley",5.96055695237469e-15
"562","RC16","Heil Valley",1.30377510858927e-14
"563","RM01","Heil Valley",1.11171487506888e-09
"564","RM02","Heil Valley",3.9958452128578e-06
"565","RM03","Heil Valley",2.53947611028231e-05
"566","RM05","Heil Valley",7.17628814404909e-06
"567","RM07","Heil Valley",1.77540680773523e-06
"568","RM08","Heil Valley",9.04123786754635e-13
"569","RM09","Heil Valley",9.05705919601999e-06
"570","RM10","Heil Valley",7.15033704428196e-06
"571","RM11","Heil Valley",4.86276325967004e-07
"572","RM12","Heil Valley",1.77000975071377e-08
"573","RM13","Heil Valley",2.14636211822763e-05
"574","RM14","Heil Valley",7.201136731436e-06
"575","RM15","Heil Valley",7.34542908620434e-06
"576","RM16","Heil Valley",5.65042811332191e-11
"577","RM17","Heil Valley",9.55331911781503e-12
"578","ST01","Heil Valley",3.12842421859339e-05
"579","ST02","Heil Valley",1.53931110972327e-05
"580","ST03","Heil Valley",1.98568316057746e-06
"581","ST05","Heil Valley",3.65009755507186e-05
"582","ST06","Heil Valley",6.45582419399162e-09
"583","ST07","Heil Valley",1.4509633000472e-11
"584","ST08","Heil Valley",8.66896654195502e-12
"585","ST09","Heil Valley",0.000290375741845228
"586","ST10","Heil Valley",1.55188125289183e-08
"587","ST11","Heil Valley",6.71019700867254e-06
"588","ST12","Heil Valley",8.72736125503344e-06
"589","ST13","Heil Valley",1.19776316531681e-08
"590","ST15","Heil Valley",1.85329025623191e-07
"591","ST16","Heil Valley",2.40416082688954e-11
"592","ST17","Heil Valley",2.05260661387007e-09
"593","W01","Heil Valley",9.59941613943002e-07
"594","W02","Heil Valley",8.50449409771523e-05
"595","W03","Heil Valley",2.12445094068791e-08
"596","W04","Heil Valley",2.39380192224121e-06
"597","W05","Heil Valley",1.18475343989121e-09
"598","W06","Heil Valley",0.000585807838162918
"599","W07","Heil Valley",0.0454867547334501
"600","W08","Heil Valley",4.61508850585763e-08
"601","W09","Heil Valley",1.04648811685139e-05
"602","W10","Heil Valley",3.03472426241139e-06
"603","W11","Heil Valley",0.00188873254100523
"604","W12","Heil Valley",1.69630644640393e-06
"605","W13","Heil Valley",2.02142744926234e-08
"606","W14","Heil Valley",4.71579953964651e-09
"607","W15","Heil Valley",2.06387757285082e-07
"608","W16","Heil Valley",4.581295454856e-06
"609","WR01","Heil Valley",5.68155274399834e-32
"610","WR02","Heil Valley",3.17228307531585e-24
"611","WR03","Heil Valley",2.05894275218746e-22
"612","WR04","Heil Valley",1.41552564554058e-21
"613","WR05","Heil Valley",1.0049273154194e-32
"614","WR06","Heil Valley",1.09530833404626e-21
"615","WR07","Heil Valley",2.73168335843498e-10
"616","WR08","Heil Valley",5.51920626536744e-28
"617","WR09","Heil Valley",2.07785897360205e-24
"618","WR10","Heil Valley",1.6060311094529e-30
"619","WR11","Heil Valley",1.73156275557118e-25
"620","WR12","Heil Valley",3.69874515221232e-15
"621","WR13","Heil Valley",6.11067924335647e-07
"622","WR14","Heil Valley",2.84708533478443e-18
"623","WR15","Heil Valley",4.32073410957302e-31
"624","WR16","Heil Valley",1.13062308851407e-17
"625","A01","Kelsall",0.0065973659985713
"626","A02","Kelsall",0.000284572108905421
"627","A03","Kelsall",0.000198517823912987
"628","A04","Kelsall",0.0503959044841415
"629","A05","Kelsall",2.22831495466454e-05
"630","A06","Kelsall",2.79873698467628e-10
"631","A07","Kelsall",1.17504786478455e-05
"632","A08","Kelsall",2.09053691722862e-10
"633","A09","Kelsall",2.75470939317647e-09
"634","A10","Kelsall",3.67119300426265e-08
"635","A11","Kelsall",0.000391272692613091
"636","A12","Kelsall",0.0107944567003721
"637","A13","Kelsall",3.50736859619799e-09
"638","A14","Kelsall",1.58207177842411e-09
"639","A15","Kelsall",0.00287850251771192
"640","A16","Kelsall",5.5318338770283e-05
"641","A17","Kelsall",3.02204808327919e-07
"642","BT01","Kelsall",1.65136717188879e-10
"643","BT02","Kelsall",0.000280965903300877
"644","BT03","Kelsall",2.04574817057687e-10
"645","BT04","Kelsall",4.45737473185002e-10
"646","BT05","Kelsall",2.56577048160849e-06
"647","BT06","Kelsall",1.4243127392637e-07
"648","BT07","Kelsall",0.000372736951146715
"649","BT08","Kelsall",7.73365808485464e-09
"650","BT09","Kelsall",3.45756865887047e-08
"651","BT10","Kelsall",0.00423199872973668
"652","BT11","Kelsall",3.73162964054579e-12
"653","BT12","Kelsall",1.16253524251854e-05
"654","BT13","Kelsall",8.85436207447654e-14
"655","BT14","Kelsall",3.50997905956902e-05
"656","BT15","Kelsall",0.000749592679607371
"657","BT16","Kelsall",7.90570611953701e-08
"658","BT17","Kelsall",0.000155472451603259
"659","DM01","Kelsall",9.39966669406176e-06
"660","DM02","Kelsall",0.00287480028595384
"661","DM03","Kelsall",7.68927085876945e-09
"662","DM04","Kelsall",0.000212705187347183
"663","DM05","Kelsall",1.96661198247051e-08
"664","DM06","Kelsall",5.61023083429873e-08
"665","DM07","Kelsall",1.73758102323897e-06
"666","DM08","Kelsall",0.0121882494420821
"667","DM09","Kelsall",4.74953911757194e-07
"668","DM10","Kelsall",6.54378287218974e-06
"669","DM11","Kelsall",6.53641522907007e-07
"670","DM12","Kelsall",9.91084334930737e-11
"671","DM13","Kelsall",0.00112182466106178
"672","DM14","Kelsall",1.26600471781218e-08
"673","DM15","Kelsall",1.87697352331241e-07
"674","DM16","Kelsall",2.68059808959885e-11
"675","DM17","Kelsall",1.22621332249683e-11
"676","HV01","Kelsall",2.4226569565874e-05
"677","HV02","Kelsall",0.00201088424151594
"678","HV03","Kelsall",1.94507538559539e-11
"679","HV04","Kelsall",3.79306813853564e-07
"680","HV06","Kelsall",1.39389927295641e-14
"681","HV07","Kelsall",1.06092821287812e-05
"682","HV08","Kelsall",1.97700188064639e-11
"683","HV10","Kelsall",0.000505800307040612
"684","HV11","Kelsall",2.96507915856578e-05
"685","HV12","Kelsall",2.65075448503924e-11
"686","HV13","Kelsall",2.98983432359656e-07
"687","HV14","Kelsall",1.50466366353319e-07
"688","HV15","Kelsall",0.199311027088358
"689","HV16","Kelsall",5.55782472243739e-12
"690","HV17","Kelsall",0.000217022134009794
"691","K01","Kelsall",0.999999995704304
"692","K02","Kelsall",0.999999646228595
"693","K03","Kelsall",0.999994693840181
"694","K04","Kelsall",0.99999406103628
"695","K05","Kelsall",0.999999977880921
"696","K06","Kelsall",0.999762169237999
"697","K07","Kelsall",0.0537841993538378
"698","K08","Kelsall",0.61140720897955
"699","K10","Kelsall",0.193880655817288
"700","K13","Kelsall",0.0515885341423793
"701","K15","Kelsall",0.998534202350514
"702","K16","Kelsall",0.0782959477356658
"703","K17","Kelsall",0.999883008651648
"704","RC01","Kelsall",0.314992189642728
"705","RC02","Kelsall",6.50196508321988e-11
"706","RC03","Kelsall",4.10642472592919e-12
"707","RC04","Kelsall",6.38930667074535e-14
"708","RC05","Kelsall",1.44393091170688e-08
"709","RC06","Kelsall",0.00580799014049105
"710","RC08","Kelsall",7.06929902922503e-07
"711","RC09","Kelsall",4.16125451854014e-05
"712","RC10","Kelsall",6.80952971136278e-13
"713","RC11","Kelsall",0.00443722066009389
"714","RC12","Kelsall",1.06368046590661e-07
"715","RC13","Kelsall",8.86958702880638e-12
"716","RC14","Kelsall",5.4316270339612e-14
"717","RC15","Kelsall",1.50574987416762e-12
"718","RC16","Kelsall",1.24379210582092e-11
"719","RM01","Kelsall",4.33941348290568e-07
"720","RM02","Kelsall",0.00138220681077671
"721","RM03","Kelsall",0.00490568265303466
"722","RM05","Kelsall",9.72745317886298e-05
"723","RM07","Kelsall",0.00143928177367057
"724","RM08","Kelsall",1.55079778430538e-10
"725","RM09","Kelsall",2.09459382648364e-09
"726","RM10","Kelsall",0.0181279562225326
"727","RM11","Kelsall",7.76753402466894e-07
"728","RM12","Kelsall",2.27588322111422e-07
"729","RM13","Kelsall",0.00184387781863045
"730","RM14","Kelsall",4.2841199537411e-05
"731","RM15","Kelsall",0.000273975745142546
"732","RM16","Kelsall",7.69773865986778e-09
"733","RM17","Kelsall",2.08563193669491e-11
"734","ST01","Kelsall",0.00280091072829409
"735","ST02","Kelsall",0.000745115344961011
"736","ST03","Kelsall",0.00368640718833717
"737","ST05","Kelsall",2.62965328795267e-06
"738","ST06","Kelsall",3.56864408439666e-07
"739","ST07","Kelsall",1.73783016442439e-11
"740","ST08","Kelsall",3.09730704406935e-10
"741","ST09","Kelsall",2.09535122576106e-05
"742","ST10","Kelsall",2.60751186752021e-09
"743","ST11","Kelsall",9.2295478211601e-05
"744","ST12","Kelsall",0.000318034111727334
"745","ST13","Kelsall",1.33889676038466e-06
"746","ST15","Kelsall",2.15787268097106e-07
"747","ST16","Kelsall",6.20675736404156e-09
"748","ST17","Kelsall",2.63529288813643e-09
"749","W01","Kelsall",0.00184018895981961
"750","W02","Kelsall",0.666815551027291
"751","W03","Kelsall",1.92473271918049e-08
"752","W04","Kelsall",0.000474002852990842
"753","W05","Kelsall",0.0002353144253278
"754","W06","Kelsall",0.0162329419916662
"755","W07","Kelsall",0.384666768905115
"756","W08","Kelsall",2.29165445538012e-05
"757","W09","Kelsall",0.000401310337934709
"758","W10","Kelsall",0.000220562005078497
"759","W11","Kelsall",0.016384444829516
"760","W12","Kelsall",6.67777298515428e-06
"761","W13","Kelsall",1.74597694441872e-06
"762","W14","Kelsall",1.52020523133729e-06
"763","W15","Kelsall",0.000754201750622216
"764","W16","Kelsall",6.86927359158965e-06
"765","WR01","Kelsall",1.19988811815214e-34
"766","WR02","Kelsall",1.9519823276756e-25
"767","WR03","Kelsall",7.5835291053065e-26
"768","WR04","Kelsall",5.46496123219223e-24
"769","WR05","Kelsall",6.98600917627285e-37
"770","WR06","Kelsall",9.77439176436239e-20
"771","WR07","Kelsall",1.09915176697715e-13
"772","WR08","Kelsall",6.62841327554835e-29
"773","WR09","Kelsall",6.98582990393787e-23
"774","WR10","Kelsall",1.25089814914745e-32
"775","WR11","Kelsall",2.49439088029682e-26
"776","WR12","Kelsall",2.53862143198925e-15
"777","WR13","Kelsall",1.13236632247868e-06
"778","WR14","Kelsall",1.09741477518095e-18
"779","WR15","Kelsall",1.38993191486078e-33
"780","WR16","Kelsall",1.76626186922631e-17
"781","A01","Rock Creek",1.7850078555165e-06
"782","A02","Rock Creek",0.000164775462439313
"783","A03","Rock Creek",4.72949562607003e-11
"784","A04","Rock Creek",2.75827205500063e-07
"785","A05","Rock Creek",2.46121845988244e-10
"786","A06","Rock Creek",6.51719447385498e-15
"787","A07","Rock Creek",2.52866797895208e-08
"788","A08","Rock Creek",1.72842690652493e-14
"789","A09","Rock Creek",6.95499466830324e-13
"790","A10","Rock Creek",7.75301132190531e-14
"791","A11","Rock Creek",9.13589203257345e-07
"792","A12","Rock Creek",1.45723150095243e-08
"793","A13","Rock Creek",2.92111746403671e-18
"794","A14","Rock Creek",5.38753551463449e-15
"795","A15","Rock Creek",0.000612903092684241
"796","A16","Rock Creek",1.35711555921381e-07
"797","A17","Rock Creek",2.68362156021448e-12
"798","BT01","Rock Creek",1.27237099385087e-13
"799","BT02","Rock Creek",2.08154996542147e-08
"800","BT03","Rock Creek",3.51793274404326e-15
"801","BT04","Rock Creek",1.28619334283711e-16
"802","BT05","Rock Creek",8.47725791087609e-07
"803","BT06","Rock Creek",2.32128381348339e-10
"804","BT07","Rock Creek",4.81843018117038e-06
"805","BT08","Rock Creek",6.07659661920401e-13
"806","BT09","Rock Creek",1.74584369593422e-12
"807","BT10","Rock Creek",9.78820937190465e-07
"808","BT11","Rock Creek",2.57988459885577e-16
"809","BT12","Rock Creek",1.15521706527703e-07
"810","BT13","Rock Creek",2.22806821422371e-19
"811","BT14","Rock Creek",6.04293233222425e-09
"812","BT15","Rock Creek",4.93064958693064e-09
"813","BT16","Rock Creek",2.48379547721997e-09
"814","BT17","Rock Creek",2.19213278310868e-10
"815","DM01","Rock Creek",0.000318300379431445
"816","DM02","Rock Creek",2.23449031591386e-07
"817","DM03","Rock Creek",4.60222373163798e-12
"818","DM04","Rock Creek",4.2009834809052e-07
"819","DM05","Rock Creek",6.30754213539334e-14
"820","DM06","Rock Creek",5.91980091613282e-11
"821","DM07","Rock Creek",1.69779693871923e-07
"822","DM08","Rock Creek",1.54430978891819e-08
"823","DM09","Rock Creek",1.01764672315519e-11
"824","DM10","Rock Creek",3.54415885896851e-06
"825","DM11","Rock Creek",7.04270915519957e-09
"826","DM12","Rock Creek",7.87985411686416e-16
"827","DM13","Rock Creek",0.000512990975073347
"828","DM14","Rock Creek",6.8998256117858e-10
"829","DM15","Rock Creek",6.93638589549596e-13
"830","DM16","Rock Creek",5.57850556984569e-14
"831","DM17","Rock Creek",1.95502213243667e-18
"832","HV01","Rock Creek",4.95703831313916e-05
"833","HV02","Rock Creek",1.17482394528099e-10
"834","HV03","Rock Creek",5.26417667610605e-15
"835","HV04","Rock Creek",3.44787745428835e-14
"836","HV06","Rock Creek",2.24637585374493e-18
"837","HV07","Rock Creek",7.26796294592103e-13
"838","HV08","Rock Creek",7.03116673820086e-16
"839","HV10","Rock Creek",8.6834767330008e-06
"840","HV11","Rock Creek",8.73302886933989e-11
"841","HV12","Rock Creek",1.85998861794298e-14
"842","HV13","Rock Creek",1.26130963670828e-11
"843","HV14","Rock Creek",6.38693277347618e-16
"844","HV15","Rock Creek",2.38143301110369e-07
"845","HV16","Rock Creek",3.6281253054337e-21
"846","HV17","Rock Creek",1.21031416655675e-06
"847","K01","Rock Creek",5.1453812931023e-15
"848","K02","Rock Creek",2.47587922200195e-11
"849","K03","Rock Creek",2.06483982871424e-12
"850","K04","Rock Creek",6.3267738295904e-13
"851","K05","Rock Creek",2.32382817803443e-13
"852","K06","Rock Creek",1.25451841074389e-09
"853","K07","Rock Creek",3.06521356772881e-08
"854","K08","Rock Creek",0.00101052685575256
"855","K10","Rock Creek",2.13308915784548e-05
"856","K13","Rock Creek",0.00059843956495685
"857","K15","Rock Creek",3.25525585634307e-09
"858","K16","Rock Creek",2.35916230342488e-06
"859","K17","Rock Creek",2.63050747520939e-07
"860","RC01","Rock Creek",0.679107606021414
"861","RC02","Rock Creek",0.999999999408964
"862","RC03","Rock Creek",0.999999999978417
"863","RC04","Rock Creek",0.999999999971035
"864","RC05","Rock Creek",0.999999575100662
"865","RC06","Rock Creek",0.0400347145496749
"866","RC08","Rock Creek",0.999124694351717
"867","RC09","Rock Creek",0.999956119842427
"868","RC10","Rock Creek",0.999999999990406
"869","RC11","Rock Creek",0.919154890490142
"870","RC12","Rock Creek",0.999988531422598
"871","RC13","Rock Creek",0.999999999454124
"872","RC14","Rock Creek",0.999999999999549
"873","RC15","Rock Creek",0.999999999994275
"874","RC16","Rock Creek",0.99999999998002
"875","RM01","Rock Creek",7.01262648750525e-11
"876","RM02","Rock Creek",9.35553108430119e-06
"877","RM03","Rock Creek",5.37080941571904e-06
"878","RM05","Rock Creek",1.5620679061312e-06
"879","RM07","Rock Creek",2.5276378951132e-06
"880","RM08","Rock Creek",5.29680842617802e-13
"881","RM09","Rock Creek",1.11844815316979e-13
"882","RM10","Rock Creek",1.20143307951981e-05
"883","RM11","Rock Creek",1.08275791224437e-08
"884","RM12","Rock Creek",2.60148214515233e-08
"885","RM13","Rock Creek",0.00107926700446431
"886","RM14","Rock Creek",1.41915002201354e-08
"887","RM15","Rock Creek",5.33210864511056e-11
"888","RM16","Rock Creek",3.3647050316682e-12
"889","RM17","Rock Creek",1.34498276855578e-15
"890","ST01","Rock Creek",1.93342780847345e-06
"891","ST02","Rock Creek",1.76526455907937e-08
"892","ST03","Rock Creek",1.15978735620597e-06
"893","ST05","Rock Creek",8.21816834081191e-15
"894","ST06","Rock Creek",4.70717545467219e-10
"895","ST07","Rock Creek",6.20961532513974e-14
"896","ST08","Rock Creek",1.20342588169326e-15
"897","ST09","Rock Creek",6.12476393034422e-08
"898","ST10","Rock Creek",2.45564815084879e-11
"899","ST11","Rock Creek",3.31550788258122e-08
"900","ST12","Rock Creek",2.8241739356916e-10
"901","ST13","Rock Creek",1.93233695147403e-08
"902","ST15","Rock Creek",1.49116373866423e-10
"903","ST16","Rock Creek",1.20064705601565e-12
"904","ST17","Rock Creek",2.44657791523974e-12
"905","W01","Rock Creek",6.74260755852265e-10
"906","W02","Rock Creek",5.16506815944352e-09
"907","W03","Rock Creek",1.9328397388909e-10
"908","W04","Rock Creek",1.90371155798145e-07
"909","W05","Rock Creek",2.58238867844888e-10
"910","W06","Rock Creek",1.09749997066684e-12
"911","W07","Rock Creek",1.52358326683841e-05
"912","W08","Rock Creek",4.95186167630994e-07
"913","W09","Rock Creek",1.73307344327305e-06
"914","W10","Rock Creek",1.09500757835292e-09
"915","W11","Rock Creek",2.64110248855296e-07
"916","W12","Rock Creek",2.57088382834351e-10
"917","W13","Rock Creek",1.00089600854135e-10
"918","W14","Rock Creek",4.82809936857612e-10
"919","W15","Rock Creek",8.40682550409077e-11
"920","W16","Rock Creek",1.9582840323147e-12
"921","WR01","Rock Creek",3.84420710800537e-43
"922","WR02","Rock Creek",1.29490635092623e-35
"923","WR03","Rock Creek",3.1534572931232e-34
"924","WR04","Rock Creek",5.54416540825969e-31
"925","WR05","Rock Creek",2.60724417534806e-47
"926","WR06","Rock Creek",4.34165565707448e-30
"927","WR07","Rock Creek",1.59902030740814e-19
"928","WR08","Rock Creek",1.69650755149645e-41
"929","WR09","Rock Creek",5.9407739007634e-37
"930","WR10","Rock Creek",9.6692308737635e-41
"931","WR11","Rock Creek",3.99290814843411e-33
"932","WR12","Rock Creek",8.25986916204876e-22
"933","WR13","Rock Creek",1.13818777760101e-11
"934","WR14","Rock Creek",3.31918837589515e-27
"935","WR15","Rock Creek",9.03669123753346e-44
"936","WR16","Rock Creek",1.47452542989459e-23
"937","A01","Rabbit Mountain",0.0144914827502136
"938","A02","Rabbit Mountain",0.00342731591670317
"939","A03","Rabbit Mountain",0.00741821617296806
"940","A04","Rabbit Mountain",0.0710032481616755
"941","A05","Rabbit Mountain",0.000350738818956083
"942","A06","Rabbit Mountain",2.99221840241387e-08
"943","A07","Rabbit Mountain",1.814912919748e-06
"944","A08","Rabbit Mountain",3.11146713447188e-09
"945","A09","Rabbit Mountain",0.000215243567937166
"946","A10","Rabbit Mountain",5.98965694423961e-08
"947","A11","Rabbit Mountain",0.117122075085925
"948","A12","Rabbit Mountain",0.00203816594058693
"949","A13","Rabbit Mountain",1.73740090255785e-05
"950","A14","Rabbit Mountain",1.0412839870483e-08
"951","A15","Rabbit Mountain",0.411331513388098
"952","A16","Rabbit Mountain",0.0139148706684634
"953","A17","Rabbit Mountain",3.35280183596583e-05
"954","BT01","Rabbit Mountain",1.24045632159618e-07
"955","BT02","Rabbit Mountain",1.43396207863707e-05
"956","BT03","Rabbit Mountain",4.71930579464609e-09
"957","BT04","Rabbit Mountain",7.65060009496302e-08
"958","BT05","Rabbit Mountain",7.61089463427772e-05
"959","BT06","Rabbit Mountain",6.79175247989326e-06
"960","BT07","Rabbit Mountain",0.0087079790860616
"961","BT08","Rabbit Mountain",5.61361512234482e-07
"962","BT09","Rabbit Mountain",1.32633661121507e-07
"963","BT10","Rabbit Mountain",0.00293556646082762
"964","BT11","Rabbit Mountain",1.82965684113086e-11
"965","BT12","Rabbit Mountain",0.000768220596001201
"966","BT13","Rabbit Mountain",1.5445196608168e-12
"967","BT14","Rabbit Mountain",0.00787346881928428
"968","BT15","Rabbit Mountain",0.0121673732959453
"969","BT16","Rabbit Mountain",0.000126248022173334
"970","BT17","Rabbit Mountain",0.0908425974981953
"971","DM01","Rabbit Mountain",1.70829050776093e-05
"972","DM02","Rabbit Mountain",0.000467452540856815
"973","DM03","Rabbit Mountain",1.4013331927702e-12
"974","DM04","Rabbit Mountain",1.90514214647103e-06
"975","DM05","Rabbit Mountain",1.27911997457961e-10
"976","DM06","Rabbit Mountain",6.55026154629337e-08
"977","DM07","Rabbit Mountain",6.40300109707416e-07
"978","DM08","Rabbit Mountain",0.00414199357866649
"979","DM09","Rabbit Mountain",1.45711417919563e-10
"980","DM10","Rabbit Mountain",2.77586388662424e-05
"981","DM11","Rabbit Mountain",1.43296648469356e-08
"982","DM12","Rabbit Mountain",6.0894043917208e-14
"983","DM13","Rabbit Mountain",5.23067683906452e-07
"984","DM14","Rabbit Mountain",1.8712010893519e-08
"985","DM15","Rabbit Mountain",3.4347045975545e-09
"986","DM16","Rabbit Mountain",7.68593306836436e-12
"987","DM17","Rabbit Mountain",8.74094154788326e-14
"988","HV01","Rabbit Mountain",1.93707166608274e-07
"989","HV02","Rabbit Mountain",0.000372407906399033
"990","HV03","Rabbit Mountain",7.47266425616379e-14
"991","HV04","Rabbit Mountain",2.66471163332734e-07
"992","HV06","Rabbit Mountain",2.74567804039587e-13
"993","HV07","Rabbit Mountain",0.000255850463632292
"994","HV08","Rabbit Mountain",3.15940663874288e-11
"995","HV10","Rabbit Mountain",1.87572602192404e-06
"996","HV11","Rabbit Mountain",0.000350215179351927
"997","HV12","Rabbit Mountain",2.96298619025382e-11
"998","HV13","Rabbit Mountain",2.5418757159674e-06
"999","HV14","Rabbit Mountain",9.53463824558159e-07
"1000","HV15","Rabbit Mountain",0.00430635446808591
"1001","HV16","Rabbit Mountain",1.92263228904452e-13
"1002","HV17","Rabbit Mountain",0.0109764248766277
"1003","K01","Rabbit Mountain",3.23712643557551e-11
"1004","K02","Rabbit Mountain",3.37508052324752e-10
"1005","K03","Rabbit Mountain",2.87846330388732e-09
"1006","K04","Rabbit Mountain",5.66951095790588e-09
"1007","K05","Rabbit Mountain",8.41371916579704e-11
"1008","K06","Rabbit Mountain",2.04946004346119e-07
"1009","K07","Rabbit Mountain",0.00401947062230627
"1010","K08","Rabbit Mountain",0.200449693606451
"1011","K10","Rabbit Mountain",0.230942084310212
"1012","K13","Rabbit Mountain",0.185009207724157
"1013","K15","Rabbit Mountain",8.19889768738576e-07
"1014","K16","Rabbit Mountain",0.00666401216463467
"1015","K17","Rabbit Mountain",5.96829553248243e-06
"1016","RC01","Rabbit Mountain",5.10145051592137e-05
"1017","RC02","Rabbit Mountain",2.45043836381016e-10
"1018","RC03","Rabbit Mountain",1.22543126938634e-11
"1019","RC04","Rabbit Mountain",9.74862822921393e-15
"1020","RC05","Rabbit Mountain",2.22196582986696e-07
"1021","RC06","Rabbit Mountain",0.617614921230792
"1022","RC08","Rabbit Mountain",3.79803630607606e-06
"1023","RC09","Rabbit Mountain",2.87101777308369e-08
"1024","RC10","Rabbit Mountain",6.53026802315559e-12
"1025","RC11","Rabbit Mountain",5.53754467077021e-06
"1026","RC12","Rabbit Mountain",1.01980174435031e-05
"1027","RC13","Rabbit Mountain",4.66007878323738e-10
"1028","RC14","Rabbit Mountain",3.55092752938922e-13
"1029","RC15","Rabbit Mountain",1.96762469807363e-12
"1030","RC16","Rabbit Mountain",6.08476775491186e-12
"1031","RM01","Rabbit Mountain",0.984011285611155
"1032","RM02","Rabbit Mountain",0.297574601648517
"1033","RM03","Rabbit Mountain",0.266374188637469
"1034","RM05","Rabbit Mountain",0.500985642834427
"1035","RM07","Rabbit Mountain",0.97802798943079
"1036","RM08","Rabbit Mountain",0.999996012391532
"1037","RM09","Rabbit Mountain",0.996864830577747
"1038","RM10","Rabbit Mountain",0.476106866581203
"1039","RM11","Rabbit Mountain",0.998743252007483
"1040","RM12","Rabbit Mountain",0.999945311094262
"1041","RM13","Rabbit Mountain",0.979293270472881
"1042","RM14","Rabbit Mountain",0.90602455735632
"1043","RM15","Rabbit Mountain",0.982932677184913
"1044","RM16","Rabbit Mountain",0.997813486011688
"1045","RM17","Rabbit Mountain",0.999999929846133
"1046","ST01","Rabbit Mountain",0.0995256031285496
"1047","ST02","Rabbit Mountain",0.00366954284669819
"1048","ST03","Rabbit Mountain",0.00421815113733165
"1049","ST05","Rabbit Mountain",5.87772592295833e-05
"1050","ST06","Rabbit Mountain",0.0148073015830701
"1051","ST07","Rabbit Mountain",1.57554175096284e-09
"1052","ST08","Rabbit Mountain",3.22663030618095e-09
"1053","ST09","Rabbit Mountain",0.0115337989873934
"1054","ST10","Rabbit Mountain",1.05951267456771e-06
"1055","ST11","Rabbit Mountain",0.0262951893800546
"1056","ST12","Rabbit Mountain",0.00127973212411992
"1057","ST13","Rabbit Mountain",0.000543830552658068
"1058","ST15","Rabbit Mountain",0.00844364254741961
"1059","ST16","Rabbit Mountain",5.01820724958057e-08
"1060","ST17","Rabbit Mountain",1.02598432403009e-05
"1061","W01","Rabbit Mountain",2.23110543458629e-05
"1062","W02","Rabbit Mountain",0.000381994567526416
"1063","W03","Rabbit Mountain",1.58984957916393e-05
"1064","W04","Rabbit Mountain",0.417232607790277
"1065","W05","Rabbit Mountain",0.000385838048954104
"1066","W06","Rabbit Mountain",0.000541941677422353
"1067","W07","Rabbit Mountain",0.0832433637359676
"1068","W08","Rabbit Mountain",0.310964784866229
"1069","W09","Rabbit Mountain",0.631259381158646
"1070","W10","Rabbit Mountain",0.0336119390580586
"1071","W11","Rabbit Mountain",0.284685795259464
"1072","W12","Rabbit Mountain",7.62741384607121e-07
"1073","W13","Rabbit Mountain",0.00527748196167483
"1074","W14","Rabbit Mountain",0.0012936967060137
"1075","W15","Rabbit Mountain",0.000138773182819503
"1076","W16","Rabbit Mountain",0.000387618408287845
"1077","WR01","Rabbit Mountain",1.86805993448119e-24
"1078","WR02","Rabbit Mountain",2.25499827053017e-18
"1079","WR03","Rabbit Mountain",5.97708935294831e-18
"1080","WR04","Rabbit Mountain",6.92886294681863e-15
"1081","WR05","Rabbit Mountain",2.60167315553689e-26
"1082","WR06","Rabbit Mountain",4.72315887671016e-13
"1083","WR07","Rabbit Mountain",2.34353571716432e-07
"1084","WR08","Rabbit Mountain",2.45355069950741e-21
"1085","WR09","Rabbit Mountain",1.77259162435069e-18
"1086","WR10","Rabbit Mountain",3.22247565881336e-23
"1087","WR11","Rabbit Mountain",1.10663628785728e-19
"1088","WR12","Rabbit Mountain",3.99327695110082e-10
"1089","WR13","Rabbit Mountain",0.940810834894468
"1090","WR14","Rabbit Mountain",6.04818613775897e-14
"1091","WR15","Rabbit Mountain",1.32247196029575e-26
"1092","WR16","Rabbit Mountain",8.793221739925e-11
"1093","A01","Steele",0.0404871267637485
"1094","A02","Steele",0.0472096120655218
"1095","A03","Steele",0.0218008460790005
"1096","A04","Steele",0.100947272318933
"1097","A05","Steele",0.0121744536737467
"1098","A06","Steele",8.20079647472104e-06
"1099","A07","Steele",0.00034129757206106
"1100","A08","Steele",4.71121563600563e-08
"1101","A09","Steele",2.81711135748192e-06
"1102","A10","Steele",8.50871435955908e-09
"1103","A11","Steele",0.0137881730415316
"1104","A12","Steele",1.39068657170073e-05
"1105","A13","Steele",0.000207845616531214
"1106","A14","Steele",1.87268374051644e-08
"1107","A15","Steele",9.80350648643787e-05
"1108","A16","Steele",0.00129557989018529
"1109","A17","Steele",0.0040761247254195
"1110","BT01","Steele",7.88935288504915e-05
"1111","BT02","Steele",0.00494454208770154
"1112","BT03","Steele",4.54640698031255e-07
"1113","BT04","Steele",1.89311707639177e-07
"1114","BT05","Steele",0.000297992364110793
"1115","BT06","Steele",0.000924425085161598
"1116","BT07","Steele",0.304118497638983
"1117","BT08","Steele",0.00238632045192491
"1118","BT09","Steele",1.25292531873761e-05
"1119","BT10","Steele",0.0754025750652542
"1120","BT11","Steele",1.65136914356409e-06
"1121","BT12","Steele",0.00430264436628599
"1122","BT13","Steele",6.04993097164615e-09
"1123","BT14","Steele",0.152187033154066
"1124","BT15","Steele",0.0810684037609523
"1125","BT16","Steele",0.112007168664858
"1126","BT17","Steele",0.0296551044313584
"1127","DM01","Steele",0.00138764661373002
"1128","DM02","Steele",0.0615460890960997
"1129","DM03","Steele",4.15904595262062e-07
"1130","DM04","Steele",9.75923338842382e-08
"1131","DM05","Steele",3.33838011148541e-08
"1132","DM06","Steele",6.63369027822207e-07
"1133","DM07","Steele",8.65375659660067e-05
"1134","DM08","Steele",0.199860333869446
"1135","DM09","Steele",2.14366943489403e-05
"1136","DM10","Steele",0.00969268528354171
"1137","DM11","Steele",1.49624338254873e-06
"1138","DM12","Steele",5.1016049464952e-12
"1139","DM13","Steele",3.19593052752133e-06
"1140","DM14","Steele",6.91309982647672e-06
"1141","DM15","Steele",5.30926159537134e-07
"1142","DM16","Steele",5.50696483347287e-11
"1143","DM17","Steele",9.919652597723e-09
"1144","HV01","Steele",3.03509490917311e-07
"1145","HV02","Steele",4.78111433382269e-05
"1146","HV03","Steele",6.21814364863962e-15
"1147","HV04","Steele",3.36245078586732e-09
"1148","HV06","Steele",8.82466767357138e-15
"1149","HV07","Steele",0.000148502575973913
"1150","HV08","Steele",5.06885090193622e-07
"1151","HV10","Steele",4.03744975234876e-07
"1152","HV11","Steele",1.66332157834413e-06
"1153","HV12","Steele",1.21613947810893e-09
"1154","HV13","Steele",0.0019546176435932
"1155","HV14","Steele",5.14705960449486e-10
"1156","HV15","Steele",0.000116538451470085
"1157","HV16","Steele",1.63675881113036e-12
"1158","HV17","Steele",0.113266262798116
"1159","K01","Steele",8.15814975752176e-12
"1160","K02","Steele",2.24715707188142e-09
"1161","K03","Steele",6.22494625930615e-10
"1162","K04","Steele",2.16141860808829e-08
"1163","K05","Steele",1.27138771547269e-11
"1164","K06","Steele",2.47244893861118e-06
"1165","K07","Steele",7.36820174854232e-06
"1166","K08","Steele",0.00143429039035556
"1167","K10","Steele",0.000611878871944406
"1168","K13","Steele",0.00739757687796886
"1169","K15","Steele",4.28207770590378e-06
"1170","K16","Steele",0.0839960929416251
"1171","K17","Steele",1.36188700720713e-07
"1172","RC01","Steele",6.91497959919427e-06
"1173","RC02","Steele",1.55162936122449e-11
"1174","RC03","Steele",1.10982366925344e-14
"1175","RC04","Steele",1.75752329626994e-15
"1176","RC05","Steele",9.51128296272149e-09
"1177","RC06","Steele",0.205348787858553
"1178","RC08","Steele",9.18294081836096e-07
"1179","RC09","Steele",2.08205388591874e-08
"1180","RC10","Steele",7.52808315203789e-13
"1181","RC11","Steele",1.06303980343486e-06
"1182","RC12","Steele",7.98542480857976e-10
"1183","RC13","Steele",4.25962664051436e-11
"1184","RC14","Steele",3.07752056618872e-15
"1185","RC15","Steele",3.5953865239123e-14
"1186","RC16","Steele",1.30159502336799e-14
"1187","RM01","Steele",1.13808676669901e-05
"1188","RM02","Steele",0.00303120530335332
"1189","RM03","Steele",0.115356748522062
"1190","RM05","Steele",0.343421792126306
"1191","RM07","Steele",4.87377452680062e-05
"1192","RM08","Steele",1.0249255710599e-09
"1193","RM09","Steele",0.000464426142372723
"1194","RM10","Steele",0.107881719564711
"1195","RM11","Steele",1.65426119850968e-05
"1196","RM12","Steele",2.28204204476891e-07
"1197","RM13","Steele",0.00268177564039356
"1198","RM14","Steele",0.031960796671127
"1199","RM15","Steele",2.23332662008904e-05
"1200","RM16","Steele",1.97663313996048e-05
"1201","RM17","Steele",1.92357797088943e-08
"1202","ST01","Steele",0.0712864744437294
"1203","ST02","Steele",0.787077969308494
"1204","ST03","Steele",0.485777004391028
"1205","ST05","Steele",0.974274984966812
"1206","ST06","Steele",0.886971479772563
"1207","ST07","Steele",0.999996398130753
"1208","ST08","Steele",0.999999463137797
"1209","ST09","Steele",0.824182217896764
"1210","ST10","Steele",0.99944048255036
"1211","ST11","Steele",0.640341467285311
"1212","ST12","Steele",0.922429979776932
"1213","ST13","Steele",0.989100378477197
"1214","ST15","Steele",0.980619913093466
"1215","ST16","Steele",0.999996747146957
"1216","ST17","Steele",0.999985466163038
"1217","W01","Steele",0.000151394278856066
"1218","W02","Steele",5.13425913090693e-06
"1219","W03","Steele",9.15375049351104e-08
"1220","W04","Steele",0.0975068390255371
"1221","W05","Steele",5.20136920532113e-06
"1222","W06","Steele",0.000426616948273751
"1223","W07","Steele",0.0619517741772795
"1224","W08","Steele",0.236049765487355
"1225","W09","Steele",0.0334198704241708
"1226","W10","Steele",0.213842065057674
"1227","W11","Steele",0.00281337784493058
"1228","W12","Steele",9.07652671164412e-05
"1229","W13","Steele",4.24183742917884e-05
"1230","W14","Steele",3.77366052316025e-05
"1231","W15","Steele",1.31356599861375e-05
"1232","W16","Steele",1.25981300286059e-06
"1233","WR01","Steele",2.86565167527083e-33
"1234","WR02","Steele",1.89112174935643e-22
"1235","WR03","Steele",1.05170221294738e-24
"1236","WR04","Steele",2.92831658186918e-21
"1237","WR05","Steele",1.77488332947486e-33
"1238","WR06","Steele",1.04377249062818e-20
"1239","WR07","Steele",1.1866224056194e-10
"1240","WR08","Steele",8.13376424196277e-27
"1241","WR09","Steele",2.26183551024852e-25
"1242","WR10","Steele",2.40735790079262e-31
"1243","WR11","Steele",5.21841425876769e-27
"1244","WR12","Steele",3.42351360212268e-16
"1245","WR13","Steele",0.000101468625294014
"1246","WR14","Steele",9.54029401587776e-20
"1247","WR15","Steele",1.18634217633576e-32
"1248","WR16","Steele",1.02170119724356e-16
"1249","A01","Wonderland",0.495784618695877
"1250","A02","Wonderland",0.0681002474324502
"1251","A03","Wonderland",0.523853099309118
"1252","A04","Wonderland",0.571835915422122
"1253","A05","Wonderland",0.00568579048998456
"1254","A06","Wonderland",3.99257162691889e-06
"1255","A07","Wonderland",0.000195339925811321
"1256","A08","Wonderland",8.54433979178728e-08
"1257","A09","Wonderland",7.63910697742578e-06
"1258","A10","Wonderland",6.53059242228934e-06
"1259","A11","Wonderland",0.0375506242698577
"1260","A12","Wonderland",0.0006850445418529
"1261","A13","Wonderland",1.37748011289618e-05
"1262","A14","Wonderland",1.8856286988982e-05
"1263","A15","Wonderland",0.0200908467841362
"1264","A16","Wonderland",0.690405244535807
"1265","A17","Wonderland",0.001579545155196
"1266","BT01","Wonderland",1.81742523142498e-05
"1267","BT02","Wonderland",0.0163391095001614
"1268","BT03","Wonderland",1.00545769418134e-06
"1269","BT04","Wonderland",1.65154228003595e-05
"1270","BT05","Wonderland",0.00704991260069959
"1271","BT06","Wonderland",0.00144128753501444
"1272","BT07","Wonderland",0.136026569573912
"1273","BT08","Wonderland",2.47295651448378e-06
"1274","BT09","Wonderland",0.000204146727630146
"1275","BT10","Wonderland",0.377983408376478
"1276","BT11","Wonderland",8.75398252007411e-08
"1277","BT12","Wonderland",0.00211997929928505
"1278","BT13","Wonderland",1.49645082834279e-08
"1279","BT14","Wonderland",0.0293312916117786
"1280","BT15","Wonderland",0.224592577421275
"1281","BT16","Wonderland",0.0255036683861051
"1282","BT17","Wonderland",0.0446349197596609
"1283","DM01","Wonderland",0.000127183029812726
"1284","DM02","Wonderland",0.0367251894779851
"1285","DM03","Wonderland",1.68699599509e-07
"1286","DM04","Wonderland",0.000367212711425603
"1287","DM05","Wonderland",7.51480369329321e-09
"1288","DM06","Wonderland",3.62433803514787e-05
"1289","DM07","Wonderland",7.71365459432788e-08
"1290","DM08","Wonderland",0.480942947514701
"1291","DM09","Wonderland",2.33182822074151e-06
"1292","DM10","Wonderland",0.000939948724481735
"1293","DM11","Wonderland",8.71021440481371e-06
"1294","DM12","Wonderland",2.429791782368e-12
"1295","DM13","Wonderland",0.000923866501261288
"1296","DM14","Wonderland",9.94086071381714e-06
"1297","DM15","Wonderland",2.99800126810313e-08
"1298","DM16","Wonderland",1.69383410219351e-11
"1299","DM17","Wonderland",1.94556256851931e-12
"1300","HV01","Wonderland",1.43381465359328e-06
"1301","HV02","Wonderland",0.0435314315619885
"1302","HV03","Wonderland",3.84127459192217e-12
"1303","HV04","Wonderland",5.26939937208537e-07
"1304","HV06","Wonderland",3.33497704402518e-13
"1305","HV07","Wonderland",0.000308445389286982
"1306","HV08","Wonderland",3.60902625941894e-09
"1307","HV10","Wonderland",0.00011579960433226
"1308","HV11","Wonderland",0.000115254679612656
"1309","HV12","Wonderland",1.44402351554693e-08
"1310","HV13","Wonderland",0.000253954706822212
"1311","HV14","Wonderland",6.30989652595333e-06
"1312","HV15","Wonderland",0.325985414336817
"1313","HV16","Wonderland",1.19231479603244e-11
"1314","HV17","Wonderland",0.772336354858937
"1315","K01","Wonderland",4.22224484917288e-09
"1316","K02","Wonderland",5.75511601987641e-08
"1317","K03","Wonderland",5.294882407949e-06
"1318","K04","Wonderland",5.90514987313983e-06
"1319","K05","Wonderland",2.19037899399163e-08
"1320","K06","Wonderland",0.000204185838345459
"1321","K07","Wonderland",0.939840553058587
"1322","K08","Wonderland",0.165363545635559
"1323","K10","Wonderland",0.549926471960222
"1324","K13","Wonderland",0.645577637921751
"1325","K15","Wonderland",0.000546513488294488
"1326","K16","Wonderland",0.377464459497715
"1327","K17","Wonderland",9.42512754270696e-05
"1328","RC01","Wonderland",0.000748270342686796
"1329","RC02","Wonderland",1.5991214426078e-10
"1330","RC03","Wonderland",4.4735983928729e-12
"1331","RC04","Wonderland",3.09651382546881e-14
"1332","RC05","Wonderland",1.12236358870544e-07
"1333","RC06","Wonderland",0.112243573890945
"1334","RC08","Wonderland",5.80621702198359e-07
"1335","RC09","Wonderland",1.93596624881887e-06
"1336","RC10","Wonderland",1.62399000960638e-12
"1337","RC11","Wonderland",0.0607774167536312
"1338","RC12","Wonderland",1.11381218709532e-06
"1339","RC13","Wonderland",2.76478131751521e-12
"1340","RC14","Wonderland",1.80210004035519e-15
"1341","RC15","Wonderland",5.77323645040933e-13
"1342","RC16","Wonderland",1.37874241862826e-12
"1343","RM01","Wonderland",0.015961415433263
"1344","RM02","Wonderland",0.687487978602036
"1345","RM03","Wonderland",0.381265070196983
"1346","RM05","Wonderland",0.136073816896109
"1347","RM07","Wonderland",0.0158329785976247
"1348","RM08","Wonderland",8.14165131919753e-07
"1349","RM09","Wonderland",0.000742341720072265
"1350","RM10","Wonderland",0.313606143280308
"1351","RM11","Wonderland",0.00121874856892129
"1352","RM12","Wonderland",5.2820257522476e-05
"1353","RM13","Wonderland",0.0140107109291771
"1354","RM14","Wonderland",0.043280942893732
"1355","RM15","Wonderland",0.016336032046082
"1356","RM16","Wonderland",0.00215093639011241
"1357","RM17","Wonderland",4.89210080581759e-08
"1358","ST01","Wonderland",0.770490846926777
"1359","ST02","Wonderland",0.0118710612112181
"1360","ST03","Wonderland",0.103886490405128
"1361","ST05","Wonderland",0.0216997079060079
"1362","ST06","Wonderland",0.0211283655815383
"1363","ST07","Wonderland",1.69849654688448e-07
"1364","ST08","Wonderland",1.0417294653335e-07
"1365","ST09","Wonderland",0.0448282602335273
"1366","ST10","Wonderland",5.06187116441392e-07
"1367","ST11","Wonderland",0.118399848640549
"1368","ST12","Wonderland",0.0662448030651755
"1369","ST13","Wonderland",4.9117138595809e-05
"1370","ST15","Wonderland",0.000522642712190775
"1371","ST16","Wonderland",1.09788041515331e-07
"1372","ST17","Wonderland",3.14576734819401e-06
"1373","W01","Wonderland",0.472495420046043
"1374","W02","Wonderland",0.332611839717385
"1375","W03","Wonderland",0.999983179269251
"1376","W04","Wonderland",0.389622810219731
"1377","W05","Wonderland",0.990785996063196
"1378","W06","Wonderland",0.935527057970726
"1379","W07","Wonderland",0.413041069664755
"1380","W08","Wonderland",0.0870391105404048
"1381","W09","Wonderland",0.295612631564533
"1382","W10","Wonderland",0.312374600628417
"1383","W11","Wonderland",0.662024613066823
"1384","W12","Wonderland",0.999659703268951
"1385","W13","Wonderland",0.99446577231436
"1386","W14","Wonderland",0.998068653294268
"1387","W15","Wonderland",0.998891919502947
"1388","W16","Wonderland",0.999595131488923
"1389","WR01","Wonderland",1.03271629113168e-28
"1390","WR02","Wonderland",4.90970588418889e-21
"1391","WR03","Wonderland",2.0725155877311e-21
"1392","WR04","Wonderland",2.0197070576287e-18
"1393","WR05","Wonderland",1.78573941152496e-30
"1394","WR06","Wonderland",3.81736621292774e-16
"1395","WR07","Wonderland",3.03978882404345e-09
"1396","WR08","Wonderland",1.55659202233137e-25
"1397","WR09","Wonderland",7.10335575145502e-21
"1398","WR10","Wonderland",8.24900638062189e-27
"1399","WR11","Wonderland",1.32916954896045e-21
"1400","WR12","Wonderland",1.51280003629286e-12
"1401","WR13","Wonderland",0.0106914750785286
"1402","WR14","Wonderland",2.29308225908571e-16
"1403","WR15","Wonderland",3.44930110817067e-31
"1404","WR16","Wonderland",2.77299478921829e-13
"1405","A01","Walker Ranch",1.57052051432407e-18
"1406","A02","Walker Ranch",6.46508998341411e-19
"1407","A03","Walker Ranch",1.09855991532899e-18
"1408","A04","Walker Ranch",2.7306299976666e-18
"1409","A05","Walker Ranch",1.41904364483783e-20
"1410","A06","Walker Ranch",1.356530765439e-25
"1411","A07","Walker Ranch",2.54201326262704e-19
"1412","A08","Walker Ranch",6.8186707047534e-28
"1413","A09","Walker Ranch",1.5175215428113e-25
"1414","A10","Walker Ranch",1.94852277327608e-25
"1415","A11","Walker Ranch",3.51690707840193e-18
"1416","A12","Walker Ranch",1.63804831959604e-14
"1417","A13","Walker Ranch",2.70098269378588e-21
"1418","A14","Walker Ranch",2.38835376396693e-28
"1419","A15","Walker Ranch",4.51929155103156e-19
"1420","A16","Walker Ranch",1.91265193460644e-23
"1421","A17","Walker Ranch",1.4933991591392e-26
"1422","BT01","Walker Ranch",1.59551213484194e-27
"1423","BT02","Walker Ranch",5.03758590617687e-27
"1424","BT03","Walker Ranch",6.95471976101288e-28
"1425","BT04","Walker Ranch",4.41817786585874e-21
"1426","BT05","Walker Ranch",8.68133056217241e-24
"1427","BT06","Walker Ranch",4.00670337276364e-27
"1428","BT07","Walker Ranch",6.07863078376168e-25
"1429","BT08","Walker Ranch",1.74513245808968e-25
"1430","BT09","Walker Ranch",5.82606721000846e-22
"1431","BT10","Walker Ranch",1.75725404974872e-22
"1432","BT11","Walker Ranch",1.52221020355626e-29
"1433","BT12","Walker Ranch",1.83952294868166e-22
"1434","BT13","Walker Ranch",4.7353062050446e-35
"1435","BT14","Walker Ranch",6.73434594565913e-17
"1436","BT15","Walker Ranch",1.74806422436639e-19
"1437","BT16","Walker Ranch",4.83652865857203e-25
"1438","BT17","Walker Ranch",2.23489922132479e-22
"1439","DM01","Walker Ranch",9.22487765173886e-24
"1440","DM02","Walker Ranch",3.18110057447052e-29
"1441","DM03","Walker Ranch",1.74924290574085e-28
"1442","DM04","Walker Ranch",1.36349540974983e-22
"1443","DM05","Walker Ranch",1.71433037369425e-30
"1444","DM06","Walker Ranch",8.80425763628503e-26
"1445","DM07","Walker Ranch",6.80315808331097e-28
"1446","DM08","Walker Ranch",2.96509477449152e-21
"1447","DM09","Walker Ranch",5.90406037326832e-30
"1448","DM10","Walker Ranch",4.11550232854664e-27
"1449","DM11","Walker Ranch",8.56373640969439e-28
"1450","DM12","Walker Ranch",9.63837503847799e-37
"1451","DM13","Walker Ranch",3.41013520156134e-29
"1452","DM14","Walker Ranch",7.33589427800977e-28
"1453","DM15","Walker Ranch",4.30475840117985e-32
"1454","DM16","Walker Ranch",2.42819358927494e-29
"1455","DM17","Walker Ranch",2.00160580288836e-33
"1456","HV01","Walker Ranch",5.85244678270229e-28
"1457","HV02","Walker Ranch",9.34692203453396e-19
"1458","HV03","Walker Ranch",7.8729808518383e-27
"1459","HV04","Walker Ranch",1.66501457580427e-16
"1460","HV06","Walker Ranch",7.44526750991788e-27
"1461","HV07","Walker Ranch",1.23017076038456e-15
"1462","HV08","Walker Ranch",3.11651491737137e-24
"1463","HV10","Walker Ranch",4.30753977574599e-25
"1464","HV11","Walker Ranch",9.16194758787285e-13
"1465","HV12","Walker Ranch",2.75335085414343e-28
"1466","HV13","Walker Ranch",6.6018765912836e-24
"1467","HV14","Walker Ranch",2.28996984003958e-26
"1468","HV15","Walker Ranch",9.23910831696553e-20
"1469","HV16","Walker Ranch",2.83604024261106e-32
"1470","HV17","Walker Ranch",8.75542337012864e-17
"1471","K01","Walker Ranch",1.69853400843841e-29
"1472","K02","Walker Ranch",1.50903039488781e-29
"1473","K03","Walker Ranch",3.18277957595995e-25
"1474","K04","Walker Ranch",8.47919384235275e-26
"1475","K05","Walker Ranch",2.80425043855194e-28
"1476","K06","Walker Ranch",1.93433816614534e-26
"1477","K07","Walker Ranch",1.16526036984991e-18
"1478","K08","Walker Ranch",1.76082019120512e-19
"1479","K10","Walker Ranch",6.1465941619874e-19
"1480","K13","Walker Ranch",2.91439188464047e-19
"1481","K15","Walker Ranch",9.71278753430096e-26
"1482","K16","Walker Ranch",2.66199149513037e-20
"1483","K17","Walker Ranch",5.80535079362095e-25
"1484","RC01","Walker Ranch",3.63227112838502e-29
"1485","RC02","Walker Ranch",2.58470484490745e-34
"1486","RC03","Walker Ranch",1.23064425245257e-33
"1487","RC04","Walker Ranch",3.89040555514557e-41
"1488","RC05","Walker Ranch",1.24778826712838e-32
"1489","RC06","Walker Ranch",3.38728486828187e-20
"1490","RC08","Walker Ranch",1.51311584252042e-31
"1491","RC09","Walker Ranch",7.97831749860468e-31
"1492","RC10","Walker Ranch",2.58351133464998e-35
"1493","RC11","Walker Ranch",1.675133415547e-29
"1494","RC12","Walker Ranch",2.69163446919467e-22
"1495","RC13","Walker Ranch",1.2999833883177e-36
"1496","RC14","Walker Ranch",7.00505995792869e-41
"1497","RC15","Walker Ranch",1.38744050602693e-34
"1498","RC16","Walker Ranch",1.59054004219716e-35
"1499","RM01","Walker Ranch",3.74472850568851e-14
"1500","RM02","Walker Ranch",3.55866964778056e-18
"1501","RM03","Walker Ranch",6.12512749813949e-16
"1502","RM05","Walker Ranch",9.60177522452475e-19
"1503","RM07","Walker Ranch",2.07836040221085e-17
"1504","RM08","Walker Ranch",1.33788515850089e-20
"1505","RM09","Walker Ranch",0.00179098976305809
"1506","RM10","Walker Ranch",1.8676913235173e-18
"1507","RM11","Walker Ranch",1.94229817331711e-14
"1508","RM12","Walker Ranch",4.7166627000108e-16
"1509","RM13","Walker Ranch",3.18390736092256e-19
"1510","RM14","Walker Ranch",8.91203276658454e-19
"1511","RM15","Walker Ranch",4.20684011192537e-12
"1512","RM16","Walker Ranch",5.36389634807105e-22
"1513","RM17","Walker Ranch",8.65462799841014e-21
"1514","ST01","Walker Ranch",2.09252692683675e-17
"1515","ST02","Walker Ranch",1.17030745774715e-19
"1516","ST03","Walker Ranch",3.9871493009161e-22
"1517","ST05","Walker Ranch",7.97500736552575e-19
"1518","ST06","Walker Ranch",7.58259246841319e-19
"1519","ST07","Walker Ranch",1.03543178722051e-30
"1520","ST08","Walker Ranch",3.37842206852686e-25
"1521","ST09","Walker Ranch",1.48398271982796e-24
"1522","ST10","Walker Ranch",1.927983987742e-28
"1523","ST11","Walker Ranch",1.54542432311872e-19
"1524","ST12","Walker Ranch",3.74082262708665e-19
"1525","ST13","Walker Ranch",8.00028927247238e-24
"1526","ST15","Walker Ranch",3.86759329529648e-23
"1527","ST16","Walker Ranch",9.5737115238233e-27
"1528","ST17","Walker Ranch",7.35049981340265e-26
"1529","W01","Walker Ranch",1.3636809706688e-20
"1530","W02","Walker Ranch",1.07474089449272e-20
"1531","W03","Walker Ranch",1.66142348722987e-19
"1532","W04","Walker Ranch",7.12417592819782e-19
"1533","W05","Walker Ranch",8.01328117630846e-25
"1534","W06","Walker Ranch",8.44067679543359e-22
"1535","W07","Walker Ranch",3.74396207086812e-19
"1536","W08","Walker Ranch",9.52844213560728e-15
"1537","W09","Walker Ranch",5.69796766963675e-17
"1538","W10","Walker Ranch",3.79697545196687e-19
"1539","W11","Walker Ranch",3.9394065225285e-14
"1540","W12","Walker Ranch",2.13845676173168e-20
"1541","W13","Walker Ranch",2.28000594218409e-24
"1542","W14","Walker Ranch",1.38167301641374e-24
"1543","W15","Walker Ranch",2.94953019597145e-24
"1544","W16","Walker Ranch",6.85928490598126e-15
"1545","WR01","Walker Ranch",1
"1546","WR02","Walker Ranch",1
"1547","WR03","Walker Ranch",1
"1548","WR04","Walker Ranch",0.999999999999993
"1549","WR05","Walker Ranch",1
"1550","WR06","Walker Ranch",0.999999999999527
"1551","WR07","Walker Ranch",0.999999762177503
"1552","WR08","Walker Ranch",1
"1553","WR09","Walker Ranch",1
"1554","WR10","Walker Ranch",1
"1555","WR11","Walker Ranch",1
"1556","WR12","Walker Ranch",0.99999999959909
"1557","WR13","Walker Ranch",0.0480714390729411
"1558","WR14","Walker Ranch",0.999999999999939
"1559","WR15","Walker Ranch",1
"1560","WR16","Walker Ranch",0.99999999991179
