"","Andrus","Beech Trail","Davidson Mesa","Heil Valley","Kelsall","Rock Creek","Rabbit Mountain","Steele","Wonderland","Walker Ranch"
"A01",0.0910124975297021,0.351578276790807,4.11487237823576e-05,5.69773944266799e-06,0.0065973659985713,1.7850078555165e-06,0.0144914827502136,0.0404871267637485,0.495784618695877,1.57052051432407e-18
"A02",0.645056321779687,0.235751159737015,5.84339958961371e-06,1.5209768928159e-07,0.000284572108905421,0.000164775462439313,0.00342731591670317,0.0472096120655218,0.0681002474324502,6.46508998341411e-19
"A03",0.432223116065963,0.0144920962675807,1.12005390766854e-05,2.90769508487457e-06,0.000198517823912987,4.72949562607003e-11,0.00741821617296806,0.0218008460790005,0.523853099309118,1.09855991532899e-18
"A04",0.195896932948732,0.00530415937347945,0.00173559594144789,0.00288069552226265,0.0503959044841415,2.75827205500063e-07,0.0710032481616755,0.100947272318933,0.571835915422122,2.7306299976666e-18
"A05",0.981700044482136,6.63766491624997e-05,1.39996976680273e-08,2.98490648172672e-07,2.22831495466454e-05,2.46121845988244e-10,0.000350738818956083,0.0121744536737467,0.00568579048998456,1.41904364483783e-20
"A06",0.999987742124895,3.40320762319896e-08,2.61814072591326e-10,1.10483432341094e-11,2.79873698467628e-10,6.51719447385498e-15,2.99221840241387e-08,8.20079647472104e-06,3.99257162691889e-06,1.356530765439e-25
"A07",0.999424500188018,2.45605320753319e-05,7.10840058126357e-07,2.63728300535667e-10,1.17504786478455e-05,2.52866797895208e-08,1.814912919748e-06,0.00034129757206106,0.000195339925811321,2.54201326262704e-19
"A08",0.999999775944683,8.81506893552209e-08,2.85273967545677e-11,8.10045097778887e-15,2.09053691722862e-10,1.72842690652493e-14,3.11146713447188e-09,4.71121563600563e-08,8.54433979178728e-08,6.8186707047534e-28
"A09",0.999768497689923,5.79797432346851e-06,1.79407693328706e-09,3.19848779691436e-17,2.75470939317647e-09,6.95499466830324e-13,0.000215243567937166,2.81711135748192e-06,7.63910697742578e-06,1.5175215428113e-25
"A10",0.999993355463843,6.51697354819497e-09,6.86536956029335e-11,2.2408160362762e-09,3.67119300426265e-08,7.75301132190531e-14,5.98965694423961e-08,8.50871435955908e-09,6.53059242228934e-06,1.94852277327608e-25
"A11",0.785399191583124,0.0418412985164035,0.00390644589694848,5.32439306708051e-09,0.000391272692613091,9.13589203257345e-07,0.117122075085925,0.0137881730415316,0.0375506242698577,3.51690707840193e-18
"A12",0.98645049374523,1.75314332738887e-05,3.74765559947346e-07,1.14350752034928e-08,0.0107944567003721,1.45723150095243e-08,0.00203816594058693,1.39068657170073e-05,0.0006850445418529,1.63804831959604e-14
"A13",0.99976060415978,3.96886607424515e-07,1.01954063714128e-09,1.76362591026528e-14,3.50736859619799e-09,2.92111746403671e-18,1.73740090255785e-05,0.000207845616531214,1.37748011289618e-05,2.70098269378588e-21
"A14",0.999981109479654,1.62982990009157e-09,5.41961430108499e-13,1.88123051575464e-09,1.58207177842411e-09,5.38753551463449e-15,1.0412839870483e-08,1.87268374051644e-08,1.8856286988982e-05,2.38835376396693e-28
"A15",0.564959058652955,3.38649439143776e-06,5.0816550579565e-07,2.52458396532149e-05,0.00287850251771192,0.000612903092684241,0.411331513388098,9.80350648643787e-05,0.0200908467841362,4.51929155103156e-19
"A16",0.293506064716111,0.000822029717400473,3.1378960823343e-07,4.42632098976002e-07,5.5318338770283e-05,1.35711555921381e-07,0.0139148706684634,0.00129557989018529,0.690405244535807,1.91265193460644e-23
"A17",0.994164955141388,0.000145366841692643,2.41222766767217e-09,1.75498225057604e-07,3.02204808327919e-07,2.68362156021448e-12,3.35280183596583e-05,0.0040761247254195,0.001579545155196,1.4933991591392e-26
"BT01",0.00012286951932999,0.999776176151789,3.76233598960655e-06,8.31258491104859e-13,1.65136717188879e-10,1.27237099385087e-13,1.24045632159618e-07,7.88935288504915e-05,1.81742523142498e-05,1.59551213484194e-27
"BT02",0.000375111226616371,0.974342778615437,0.00370281088181046,3.21348686471152e-07,0.000280965903300877,2.08154996542147e-08,1.43396207863707e-05,0.00494454208770154,0.0163391095001614,5.03758590617687e-27
"BT03",2.77422527711574e-08,0.99999850720431,3.11517362414664e-11,8.35206630217998e-15,2.04574817057687e-10,3.51793274404326e-15,4.71930579464609e-09,4.54640698031255e-07,1.00545769418134e-06,6.95471976101288e-28
"BT04",4.08867830101923e-07,0.999982809445117,5.89096156426795e-13,2.17196353612354e-13,4.45737473185002e-10,1.28619334283711e-16,7.65060009496302e-08,1.89311707639177e-07,1.65154228003595e-05,4.41817786585874e-21
"BT05",0.000286729496827082,0.990886077380848,0.00139974662685666,1.90880425988294e-08,2.56577048160849e-06,8.47725791087609e-07,7.61089463427772e-05,0.000297992364110793,0.00704991260069959,8.68133056217241e-24
"BT06",0.0049416343006999,0.992680251727295,5.46693543537211e-06,5.11389842061192e-13,1.4243127392637e-07,2.32128381348339e-10,6.79175247989326e-06,0.000924425085161598,0.00144128753501444,4.00670337276364e-27
"BT07",0.0353567519843334,0.515287725094454,0.000124903407871364,1.78330563990682e-08,0.000372736951146715,4.81843018117038e-06,0.0087079790860616,0.304118497638983,0.136026569573912,6.07863078376168e-25
"BT08",2.0189309768392e-06,0.997608618521135,3.2709015933105e-11,1.09619509797987e-11,7.73365808485464e-09,6.07659661920401e-13,5.61361512234482e-07,0.00238632045192491,2.47295651448378e-06,1.74513245808968e-25
"BT09",4.82186304246376e-07,0.999775624081817,6.99328763839985e-06,5.72523296945386e-08,3.45756865887047e-08,1.74584369593422e-12,1.32633661121507e-07,1.25292531873761e-05,0.000204146727630146,5.82606721000846e-22
"BT10",0.0372854363975386,0.500824340863787,0.00130854048994605,2.71547954938096e-05,0.00423199872973668,9.78820937190465e-07,0.00293556646082762,0.0754025750652542,0.377983408376478,1.75725404974872e-22
"BT11",1.5897199422035e-08,0.999998167146298,7.80249284678838e-08,5.76528062437771e-13,3.73162964054579e-12,2.57988459885577e-16,1.82965684113086e-11,1.65136914356409e-06,8.75398252007411e-08,1.52221020355626e-29
"BT12",0.000164215278097689,0.986330605663002,0.00630259372270486,2.00491268509739e-10,1.16253524251854e-05,1.15521706527703e-07,0.000768220596001201,0.00430264436628599,0.00211997929928505,1.83952294868166e-22
"BT13",1.5908069999865e-11,0.999999972308338,6.65968058173695e-09,3.56971774400757e-16,8.85436207447654e-14,2.22806821422371e-19,1.5445196608168e-12,6.04993097164615e-09,1.49645082834279e-08,4.7353062050446e-35
"BT14",0.0242124898446496,0.78588861716753,0.000466596379898922,5.39718926500618e-06,3.50997905956902e-05,6.04293233222425e-09,0.00787346881928428,0.152187033154066,0.0293312916117786,6.73434594565913e-17
"BT15",0.0424137032050737,0.638897806949765,0.00011046040858787,7.73481447105747e-08,0.000749592679607371,4.93064958693064e-09,0.0121673732959453,0.0810684037609523,0.224592577421275,1.74806422436639e-19
"BT16",0.00113984937421274,0.861222063861919,9.19840042771994e-07,3.09832296943801e-10,7.90570611953701e-08,2.48379547721997e-09,0.000126248022173334,0.112007168664858,0.0255036683861051,4.83652865857203e-25
"BT17",0.000689326931870671,0.834018524896873,1.45128340989046e-06,2.60252781576052e-06,0.000155472451603259,2.19213278310868e-10,0.0908425974981953,0.0296551044313584,0.0446349197596609,2.23489922132479e-22
"DM01",2.68447505034081e-07,6.16042315370515e-05,0.998045355259184,3.31594670277294e-05,9.39966669406176e-06,0.000318300379431445,1.70829050776093e-05,0.00138764661373002,0.000127183029812726,9.22487765173886e-24
"DM02",0.0353010451848364,0.137684450075384,0.725399572704455,1.17718539755425e-06,0.00287480028595384,2.23449031591386e-07,0.000467452540856815,0.0615460890960997,0.0367251894779851,3.18110057447052e-29
"DM03",5.94501309800304e-09,4.09631114075817e-08,0.999999360766591,2.58156518253757e-11,7.68927085876945e-09,4.60222373163798e-12,1.4013331927702e-12,4.15904595262062e-07,1.68699599509e-07,1.74924290574085e-28
"DM04",6.91041604786854e-06,2.60955805525099e-08,0.999409449856838,1.27289993198397e-06,0.000212705187347183,4.2009834809052e-07,1.90514214647103e-06,9.75923338842382e-08,0.000367212711425603,1.36349540974983e-22
"DM05",6.16972340932730e-12,5.84617276234512e-08,0.99999988053682,3.02583296739333e-10,1.96661198247051e-08,6.30754213539334e-14,1.27911997457961e-10,3.33838011148541e-08,7.51480369329321e-09,1.71433037369425e-30
"DM06",3.89818064114372e-08,1.37296354421924e-05,0.999949162128636,4.08406142052173e-08,5.61023083429873e-08,5.91980091613282e-11,6.55026154629337e-08,6.63369027822207e-07,3.62433803514787e-05,8.80425763628503e-26
"DM07",5.4500624472482e-05,3.65472334027338e-05,0.999819781704664,8.07412193589928e-09,1.73758102323897e-06,1.69779693871923e-07,6.40300109707416e-07,8.65375659660067e-05,7.71365459432788e-08,6.80315808331097e-28
"DM08",0.0045390663226484,0.053492108007321,0.236343992832853,0.00849129298918453,0.0121882494420821,1.54430978891819e-08,0.00414199357866649,0.199860333869446,0.480942947514701,2.96509477449152e-21
"DM09",7.05646819068931e-10,0.000286764796565289,0.999688990814296,5.11229248265766e-11,4.74953911757194e-07,1.01764672315519e-11,1.45711417919563e-10,2.14366943489403e-05,2.33182822074151e-06,5.90406037326832e-30
"DM10",0.000559994744544299,0.000568710898563609,0.988199787109795,1.02665847617324e-06,6.54378287218974e-06,3.54415885896851e-06,2.77586388662424e-05,0.00969268528354171,0.000939948724481735,4.11550232854664e-27
"DM11",1.95610525276546e-06,9.61625152489501e-06,0.999977165310901,3.80860636657787e-07,6.53641522907007e-07,7.04270915519957e-09,1.43296648469356e-08,1.49624338254873e-06,8.71021440481371e-06,8.56373640969439e-28
"DM12",1.66249450081718e-13,1.92652569122985e-09,0.99999999796464,1.96612157071128e-12,9.91084334930737e-11,7.87985411686416e-16,6.0894043917208e-14,5.1016049464952e-12,2.429791782368e-12,9.63837503847799e-37
"DM13",1.85913860880188e-06,6.65287657169574e-05,0.997369202202536,8.757530162125e-09,0.00112182466106178,0.000512990975073347,5.23067683906452e-07,3.19593052752133e-06,0.000923866501261288,3.41013520156134e-29
"DM14",1.11414373953962e-07,3.14288886739348e-06,0.999979856848951,2.82522602390449e-09,1.26600471781218e-08,6.8998256117858e-10,1.8712010893519e-08,6.91309982647672e-06,9.94086071381714e-06,7.33589427800977e-28
"DM15",4.49393558489285e-08,1.69496012609355e-07,0.999998944469599,8.90561094842879e-08,1.87697352331241e-07,6.93638589549596e-13,3.4347045975545e-09,5.30926159537134e-07,2.99800126810313e-08,4.30475840117985e-32
"DM16",1.3122095699285e-11,4.43080005874613e-12,0.999999999875866,2.55952791988787e-14,2.68059808959885e-11,5.57850556984569e-14,7.68593306836436e-12,5.50696483347287e-11,1.69383410219351e-11,2.42819358927494e-29
"DM17",9.90812055996789e-12,4.68803125720043e-12,0.999999990050531,9.25322442699751e-13,1.22621332249683e-11,1.95502213243667e-18,8.74094154788326e-14,9.919652597723e-09,1.94556256851931e-12,2.00160580288836e-33
"HV01",8.95520332925303e-09,3.06387417079006e-11,1.117916853576e-07,0.999924151238464,2.4226569565874e-05,4.95703831313916e-05,1.93707166608274e-07,3.03509490917311e-07,1.43381465359328e-06,5.85244678270229e-28
"HV02",5.10268428785834e-05,8.44635616633941e-05,1.08997220076898e-05,0.953891074902726,0.00201088424151594,1.17482394528099e-10,0.000372407906399033,4.78111433382269e-05,0.0435314315619885,9.34692203453396e-19
"HV03",2.14106190213566e-14,2.25023184288879e-16,1.74797448207843e-14,0.999999999976583,1.94507538559539e-11,5.26417667610605e-15,7.47266425616379e-14,6.21814364863962e-15,3.84127459192217e-12,7.8729808518383e-27
"HV04",3.89248460998533e-09,5.56683343915591e-11,5.32850224088936e-10,0.999998819438597,3.79306813853564e-07,3.44787745428835e-14,2.66471163332734e-07,3.36245078586732e-09,5.26939937208537e-07,1.66501457580427e-16
"HV06",8.15391122315167e-16,4.90773193847379e-17,4.9670860471728e-17,0.999999999999368,1.39389927295641e-14,2.24637585374493e-18,2.74567804039587e-13,8.82466767357138e-15,3.33497704402518e-13,7.44526750991788e-27
"HV07",1.7402165591412e-06,9.65172054619215e-07,4.01138348257454e-07,0.999273485761288,1.06092821287812e-05,7.26796294592103e-13,0.000255850463632292,0.000148502575973913,0.000308445389286982,1.23017076038456e-15
"HV08",2.44920209482697e-09,2.74743703747877e-12,4.27847013618527e-12,0.999999486998291,1.97700188064639e-11,7.03116673820086e-16,3.15940663874288e-11,5.06885090193622e-07,3.60902625941894e-09,3.11651491737137e-24
"HV10",9.68438089296278e-07,4.33774002874758e-09,1.92323062744328e-05,0.999347232058793,0.000505800307040612,8.6834767330008e-06,1.87572602192404e-06,4.03744975234876e-07,0.00011579960433226,4.30753977574599e-25
"HV11",3.96617412447509e-06,1.69338249375297e-10,3.19778545960158e-08,0.999499217618308,2.96507915856578e-05,8.73302886933989e-11,0.000350215179351927,1.66332157834413e-06,0.000115254679612656,9.16194758787285e-13
"HV12",2.65115974731656e-11,3.82580333559853e-13,3.12465363934968e-11,0.999999984229329,2.65075448503924e-11,1.85998861794298e-14,2.96298619025382e-11,1.21613947810893e-09,1.44402351554693e-08,2.75335085414343e-28
"HV13",4.3686875594641e-05,0.0382386367191469,0.00213538851431578,0.957370874668766,2.98983432359656e-07,1.26130963670828e-11,2.5418757159674e-06,0.0019546176435932,0.000253954706822212,6.6018765912836e-24
"HV14",3.80873753734364e-13,1.98096430501674e-14,3.37052086312276e-12,0.999992585654805,1.50466366353319e-07,6.38693277347618e-16,9.53463824558159e-07,5.14705960449486e-10,6.30989652595333e-06,2.28996984003958e-26
"HV15",5.4636926475974e-05,5.36369504713153e-05,0.0107125192388296,0.459459634396191,0.199311027088358,2.38143301110369e-07,0.00430635446808591,0.000116538451470085,0.325985414336817,9.23910831696553e-20
"HV16",1.06250756500174e-18,1.60482919082873e-17,2.68147107998428e-11,0.999999999953875,5.55782472243739e-12,3.6281253054337e-21,1.92263228904452e-13,1.63675881113036e-12,1.19231479603244e-11,2.83604024261106e-32
"HV17",0.0993857930389967,0.00369197667187376,9.0570940115749e-06,0.00011589821326064,0.000217022134009794,1.21031416655675e-06,0.0109764248766277,0.113266262798116,0.772336354858937,8.75542337012864e-17
"K01",2.88038735237038e-11,1.85531378743241e-12,1.21371647707098e-12,1.04416097588082e-12,0.999999995704304,5.1453812931023e-15,3.23712643557551e-11,8.15814975752176e-12,4.22224484917288e-09,1.69853400843841e-29
"K02",2.93029343225653e-07,5.13889303663355e-10,6.41760045114055e-11,3.41259036992093e-12,0.999999646228595,2.47587922200195e-11,3.37508052324752e-10,2.24715707188142e-09,5.75511601987641e-08,1.50903039488781e-29
"K03",6.09107786221662e-09,2.58591471485858e-10,1.3684988569015e-09,5.62204389812056e-11,0.999994693840181,2.06483982871424e-12,2.87846330388732e-09,6.22494625930615e-10,5.294882407949e-06,3.18277957595995e-25
"K04",4.12448890908297e-09,4.98148746537734e-10,1.61378870614109e-09,2.93091399998183e-10,0.99999406103628,6.3267738295904e-13,5.66951095790588e-09,2.16141860808829e-08,5.90514987313983e-06,8.47919384235275e-26
"K05",9.80233354629514e-11,4.82759642281464e-12,1.4393928904815e-11,9.60657409088913e-13,0.999999977880921,2.32382817803443e-13,8.41371916579704e-11,1.27138771547269e-11,2.19037899399163e-08,2.80425043855194e-28
"K06",2.97327763504251e-05,3.90567425204087e-08,1.1598559024479e-06,3.45851992272294e-08,0.999762169237999,1.25451841074389e-09,2.04946004346119e-07,2.47244893861118e-06,0.000204185838345459,1.93433816614534e-26
"K07",0.00223069712710914,1.47814672233853e-05,6.92239045713286e-06,9.59771265951532e-05,0.0537841993538378,3.06521356772881e-08,0.00401947062230627,7.36820174854232e-06,0.939840553058587,1.16526036984991e-18
"K08",0.0091081482862026,0.000101362168882098,0.0027366640242776,0.00838856005296935,0.61140720897955,0.00101052685575256,0.200449693606451,0.00143429039035556,0.165363545635559,1.76082019120512e-19
"K10",0.022132473643378,0.00247901135190512,4.78046248613818e-06,1.31269098621092e-06,0.193880655817288,2.13308915784548e-05,0.230942084310212,0.000611878871944406,0.549926471960222,6.1465941619874e-19
"K13",0.00995099840190492,0.0007462545985458,0.000182437445363204,0.0989489133229729,0.0515885341423793,0.00059843956495685,0.185009207724157,0.00739757687796886,0.645577637921751,2.91439188464047e-19
"K15",4.49126367335557e-06,2.71902713912016e-05,0.000506182899702557,0.000376314503693959,0.998534202350514,3.25525585634307e-09,8.19889768738576e-07,4.28207770590378e-06,0.000546513488294488,9.71278753430096e-26
"K16",0.0114741207559417,0.0306269762230454,0.410392894223206,0.00108313729586288,0.0782959477356658,2.35916230342488e-06,0.00666401216463467,0.0839960929416251,0.377464459497715,2.66199149513037e-20
"K17",6.00544609430474e-06,1.87487653013074e-09,7.6424750922305e-08,1.02887922227383e-05,0.999883008651648,2.63050747520939e-07,5.96829553248243e-06,1.36188700720713e-07,9.42512754270696e-05,5.80535079362095e-25
"RC01",0.00502256498526357,1.62257747602095e-08,6.99482045741091e-05,1.47509279975827e-06,0.314992189642728,0.679107606021414,5.10145051592137e-05,6.91497959919427e-06,0.000748270342686796,3.63227112838502e-29
"RC02",6.87525594288617e-12,3.09078325477471e-11,6.7760687773331e-11,5.26453487327639e-16,6.50196508321988e-11,0.999999999408964,2.45043836381016e-10,1.55162936122449e-11,1.5991214426078e-10,2.58470484490745e-34
"RC03",2.91947398151005e-13,4.2718775112078e-13,1.82600656247013e-14,3.68591746704629e-16,4.10642472592919e-12,0.999999999978417,1.22543126938634e-11,1.10982366925344e-14,4.4735983928729e-12,1.23064425245257e-33
"RC04",6.37992446984937e-15,2.87288980946855e-16,2.88518349972272e-11,2.77359921179204e-17,6.38930667074535e-14,0.999999999971035,9.74862822921393e-15,1.75752329626994e-15,3.09651382546881e-14,3.89040555514557e-41
"RC05",1.23068090963345e-08,3.68945844876016e-10,8.25324639757043e-09,4.55868024295211e-08,1.44393091170688e-08,0.999999575100662,2.22196582986696e-07,9.51128296272149e-09,1.12236358870544e-07,1.24778826712838e-32
"RC06",0.0156340383698695,0.00321917815719104,8.28697669032969e-05,1.39260355800293e-05,0.00580799014049105,0.0400347145496749,0.617614921230792,0.205348787858553,0.112243573890945,3.38728486828187e-20
"RC08",1.89126723157025e-09,2.04946743797957e-07,0.000869087943246895,6.9850324286245e-09,7.06929902922503e-07,0.999124694351717,3.79803630607606e-06,9.18294081836096e-07,5.80621702198359e-07,1.51311584252042e-31
"RC09",2.13733768909906e-08,2.43933835953821e-07,1.61225587054101e-08,6.85650698888025e-10,4.16125451854014e-05,0.999956119842427,2.87101777308369e-08,2.08205388591874e-08,1.93596624881887e-06,7.97831749860468e-31
"RC10",2.17096647763805e-15,3.99514422410976e-15,7.05402385015405e-17,7.17895311720567e-17,6.80952971136278e-13,0.999999999990406,6.53026802315559e-12,7.52808315203789e-13,1.62399000960638e-12,2.58351133464998e-35
"RC11",0.0144962057247944,1.90081390786935e-05,0.00106306443533196,4.55932124542222e-05,0.00443722066009389,0.919154890490142,5.53754467077021e-06,1.06303980343486e-06,0.0607774167536312,1.675133415547e-29
"RC12",3.28575217917841e-08,3.04657564113193e-10,1.64186123773769e-08,3.90433853987853e-13,1.06368046590661e-07,0.999988531422598,1.01980174435031e-05,7.98542480857976e-10,1.11381218709532e-06,2.69163446919467e-22
"RC13",2.51439382278469e-11,3.98681577397218e-14,4.51392763113367e-13,1.74790461552896e-15,8.86958702880638e-12,0.999999999454124,4.66007878323738e-10,4.25962664051436e-11,2.76478131751521e-12,1.2999833883177e-36
"RC14",3.03091986236886e-15,6.6966749992141e-17,1.59401856172619e-14,1.7700637632566e-14,5.4316270339612e-14,0.999999999999549,3.55092752938922e-13,3.07752056618872e-15,1.80210004035519e-15,7.00505995792869e-41
"RC15",6.25971393574849e-14,4.32725995961735e-13,1.13763059822069e-12,5.96055695237469e-15,1.50574987416762e-12,0.999999999994275,1.96762469807363e-12,3.5953865239123e-14,5.77323645040933e-13,1.38744050602693e-34
"RC16",4.072443381892e-14,1.00900998825514e-14,1.39439902795589e-15,1.30377510858927e-14,1.24379210582092e-11,0.99999999998002,6.08476775491186e-12,1.30159502336799e-14,1.37874241862826e-12,1.59054004219716e-35
"RM01",1.28874569645397e-05,2.59550702531887e-06,6.98096747495662e-13,1.11171487506888e-09,4.33941348290568e-07,7.01262648750525e-11,0.984011285611155,1.13808676669901e-05,0.015961415433263,3.74472850568851e-14
"RM02",0.00886813901465884,0.00163572934261194,6.78790174924043e-06,3.9958452128578e-06,0.00138220681077671,9.35553108430119e-06,0.297574601648517,0.00303120530335332,0.687487978602036,3.55866964778056e-18
"RM03",0.162912845384981,0.0687022465064575,0.000452452528494359,2.53947611028231e-05,0.00490568265303466,5.37080941571904e-06,0.266374188637469,0.115356748522062,0.381265070196983,6.12512749813949e-16
"RM05",0.0131393358270064,0.00326050610306375,0.00301289332524858,7.17628814404909e-06,9.72745317886298e-05,1.5620679061312e-06,0.500985642834427,0.343421792126306,0.136073816896109,9.60177522452475e-19
"RM07",0.00462513574113431,2.15710442772237e-05,2.62253219175777e-09,1.77540680773523e-06,0.00143928177367057,2.5276378951132e-06,0.97802798943079,4.87377452680062e-05,0.0158329785976247,2.07836040221085e-17
"RM08",3.16327469507363e-06,8.95623963217678e-09,3.09625755006437e-11,9.04123786754635e-13,1.55079778430538e-10,5.29680842617802e-13,0.999996012391532,1.0249255710599e-09,8.14165131919753e-07,1.33788515850089e-20
"RM09",0.00012824962724647,1.0208940034533e-07,9.26201331339529e-10,9.05705919601999e-06,2.09459382648364e-09,1.11844815316979e-13,0.996864830577747,0.000464426142372723,0.000742341720072265,0.00179098976305809
"RM10",0.0812526017431406,0.00283900251289165,0.000166545427373259,7.15033704428196e-06,0.0181279562225326,1.20143307951981e-05,0.476106866581203,0.107881719564711,0.313606143280308,1.8676913235173e-18
"RM11",1.35662107144294e-05,6.15120607087164e-06,4.65537498594293e-07,4.86276325967004e-07,7.76753402466894e-07,1.08275791224437e-08,0.998743252007483,1.65426119850968e-05,0.00121874856892129,1.94229817331711e-14
"RM12",1.36497452964199e-06,4.16357425752258e-09,2.66568746836109e-12,1.77000975071377e-08,2.27588322111422e-07,2.60148214515233e-08,0.999945311094262,2.28204204476891e-07,5.2820257522476e-05,4.7166627000108e-16
"RM13",0.000569067131180326,1.86299364427718e-05,0.000481937445648192,2.14636211822763e-05,0.00184387781863045,0.00107926700446431,0.979293270472881,0.00268177564039356,0.0140107109291771,3.18390736092256e-19
"RM14",0.0185029170369069,0.000180545015521247,1.84498623782248e-07,7.201136731436e-06,4.2841199537411e-05,1.41915002201354e-08,0.90602455735632,0.031960796671127,0.043280942893732,8.91203276658454e-19
"RM15",0.000427541894578616,9.38898457429226e-08,4.86623394953186e-10,7.34542908620434e-06,0.000273975745142546,5.33210864511056e-11,0.982932677184913,2.23332662008904e-05,0.016336032046082,4.20684011192537e-12
"RM16",1.10055517700979e-06,1.47029537929177e-05,2.22922476165346e-13,5.65042811332191e-11,7.69773865986778e-09,3.3647050316682e-12,0.997813486011688,1.97663313996048e-05,0.00215093639011241,5.36389634807105e-22
"RM17",1.57958039328762e-09,3.86459223266696e-10,6.29068683838483e-13,9.55331911781503e-12,2.08563193669491e-11,1.34498276855578e-15,0.999999929846133,1.92357797088943e-08,4.89210080581759e-08,8.65462799841014e-21
"ST01",0.0332551345848655,0.0175893723862104,0.00501844013157978,3.12842421859339e-05,0.00280091072829409,1.93342780847345e-06,0.0995256031285496,0.0712864744437294,0.770490846926777,2.09252692683675e-17
"ST02",0.0476856744267059,0.148792416916829,0.000142809181350908,1.53931110972327e-05,0.000745115344961011,1.76526455907937e-08,0.00366954284669819,0.787077969308494,0.0118710612112181,1.17030745774715e-19
"ST03",0.230533029452019,0.154437548361747,0.0174582235938916,1.98568316057746e-06,0.00368640718833717,1.15978735620597e-06,0.00421815113733165,0.485777004391028,0.103886490405128,3.9871493009161e-22
"ST05",0.00159911424378151,0.00232600706184603,2.27793347619776e-06,3.65009755507186e-05,2.62965328795267e-06,8.21816834081191e-15,5.87772592295833e-05,0.974274984966812,0.0216997079060079,7.97500736552575e-19
"ST06",0.0244093237862,0.0526807224389835,2.4430466949891e-06,6.45582419399162e-09,3.56864408439666e-07,4.70717545467219e-10,0.0148073015830701,0.886971479772563,0.0211283655815383,7.58259246841319e-19
"ST07",3.41228357733613e-06,1.73369061360096e-08,7.91616708386637e-10,1.4509633000472e-11,1.73783016442439e-11,6.20961532513974e-14,1.57554175096284e-09,0.999996398130753,1.69849654688448e-07,1.03543178722051e-30
"ST08",2.5423777187969e-09,4.2659779828026e-07,4.04917794201381e-12,8.66896654195502e-12,3.09730704406935e-10,1.20342588169326e-15,3.22663030618095e-09,0.999999463137797,1.0417294653335e-07,3.37842206852686e-25
"ST09",0.0154419299918462,0.103062166261171,0.000640236127555837,0.000290375741845228,2.09535122576106e-05,6.12476393034422e-08,0.0115337989873934,0.824182217896764,0.0448282602335273,1.48398271982796e-24
"ST10",7.39629431406186e-08,0.000535752036392017,2.21075996332901e-05,1.55188125289183e-08,2.60751186752021e-09,2.45564815084879e-11,1.05951267456771e-06,0.99944048255036,5.06187116441392e-07,1.927983987742e-28
"ST11",0.133593792138596,0.0803016393960952,0.00096902432909576,6.71019700867254e-06,9.2295478211601e-05,3.31550788258122e-08,0.0262951893800546,0.640341467285311,0.118399848640549,1.54542432311872e-19
"ST12",0.00945095532575952,0.000249796649737487,1.79713028758449e-05,8.72736125503344e-06,0.000318034111727334,2.8241739356916e-10,0.00127973212411992,0.922429979776932,0.0662448030651755,3.74082262708665e-19
"ST13",0.00936043651172794,0.000944215438702527,6.51683357097528e-07,1.19776316531681e-08,1.33889676038466e-06,1.93233695147403e-08,0.000543830552658068,0.989100378477197,4.9117138595809e-05,8.00028927247238e-24
"ST15",5.81705883749299e-05,0.010355229733531,5.96079561713559e-11,1.85329025623191e-07,2.15787268097106e-07,1.49116373866423e-10,0.00844364254741961,0.980619913093466,0.000522642712190775,3.86759329529648e-23
"ST16",3.94305998976668e-08,2.23835256519667e-07,2.82338507273881e-06,2.40416082688954e-11,6.20675736404156e-09,1.20064705601565e-12,5.01820724958057e-08,0.999996747146957,1.09788041515331e-07,9.5737115238233e-27
"ST17",1.8679034539282e-07,1.9563536185105e-07,7.41110320064432e-07,2.05260661387007e-09,2.63529288813643e-09,2.44657791523974e-12,1.02598432403009e-05,0.999985466163038,3.14576734819401e-06,7.35049981340265e-26
"W01",0.0017344885093046,0.523755116067807,1.20467949533415e-07,9.59941613943002e-07,0.00184018895981961,6.74260755852265e-10,2.23110543458629e-05,0.000151394278856066,0.472495420046043,1.3636809706688e-20
"W02",7.31454181321367e-05,8.37631227149841e-06,1.89085922181506e-05,8.50449409771523e-05,0.666815551027291,5.16506815944352e-09,0.000381994567526416,5.13425913090693e-06,0.332611839717385,1.07474089449272e-20
"W03",7.11283088473723e-07,7.83361454771195e-08,3.9309754386465e-10,2.12445094068791e-08,1.92473271918049e-08,1.9328397388909e-10,1.58984957916393e-05,9.15375049351104e-08,0.999983179269251,1.66142348722987e-19
"W04",0.090653346192681,0.00450776898065683,4.07650482078107e-08,2.39380192224121e-06,0.000474002852990842,1.90371155798145e-07,0.417232607790277,0.0975068390255371,0.389622810219731,7.12417592819782e-19
"W05",0.0043224736389827,0.0042650927700233,8.22413182307992e-08,1.18475343989121e-09,0.0002353144253278,2.58238867844888e-10,0.000385838048954104,5.20136920532113e-06,0.990785996063196,8.01328117630846e-25
"W06",0.0458454277585365,0.00083833871748928,1.86709662549574e-06,0.000585807838162918,0.0162329419916662,1.09749997066684e-12,0.000541941677422353,0.000426616948273751,0.935527057970726,8.44067679543359e-22
"W07",0.00542005685553418,0.0046686752917428,0.00150630080348668,0.0454867547334501,0.384666768905115,1.52358326683841e-05,0.0832433637359676,0.0619517741772795,0.413041069664755,3.74396207086812e-19
"W08",0.350327622893492,0.0155478373630862,4.74209678173126e-05,4.61508850585763e-08,2.29165445538012e-05,4.95186167630994e-07,0.310964784866229,0.236049765487355,0.0870391105404048,9.52844213560728e-15
"W09",0.0385006750237023,0.000785871987447971,8.06154895310249e-06,1.04648811685139e-05,0.000401310337934709,1.73307344327305e-06,0.631259381158646,0.0334198704241708,0.295612631564533,5.69796766963675e-17
"W10",0.330790157226982,0.109150626233871,7.01397064827948e-06,3.03472426241139e-06,0.000220562005078497,1.09500757835292e-09,0.0336119390580586,0.213842065057674,0.312374600628417,3.79697545196687e-19
"W11",0.0319634632235169,0.000233489717467472,5.81940698859973e-06,0.00188873254100523,0.016384444829516,2.64110248855296e-07,0.284685795259464,0.00281337784493058,0.662024613066823,3.9394065225285e-14
"W12",8.44103559686183e-06,9.60030978067896e-05,0.000135950252624351,1.69630644640393e-06,6.67777298515428e-06,2.57088382834351e-10,7.62741384607121e-07,9.07652671164412e-05,0.999659703268951,2.13845676173168e-20
"W13",0.00012351017178463,8.90165702015193e-05,3.4316379031103e-08,2.02142744926234e-08,1.74597694441872e-06,1.00089600854135e-10,0.00527748196167483,4.24183742917884e-05,0.99446577231436,2.28000594218409e-24
"W14",0.00013391100152701,0.0004643163955608,1.60593558108439e-07,4.71579953964651e-09,1.52020523133729e-06,4.82809936857612e-10,0.0012936967060137,3.77366052316025e-05,0.998068653294268,1.38167301641374e-24
"W15",2.64907309486087e-05,0.000173485037694937,1.78766315642949e-06,2.06387757285082e-07,0.000754201750622216,8.40682550409077e-11,0.000138773182819503,1.31356599861375e-05,0.998891919502947,2.94953019597145e-24
"W16",4.44157604925222e-06,7.70459533985448e-08,2.10967722868511e-08,4.581295454856e-06,6.86927359158965e-06,1.9582840323147e-12,0.000387618408287845,1.25981300286059e-06,0.999595131488923,6.85928490598126e-15
"WR01",1.27724581029567e-30,3.51230664299994e-34,6.95302790987756e-40,5.68155274399834e-32,1.19988811815214e-34,3.84420710800537e-43,1.86805993448119e-24,2.86565167527083e-33,1.03271629113168e-28,1
"WR02",5.91794946472087e-23,4.83164633966762e-24,1.22092201145825e-29,3.17228307531585e-24,1.9519823276756e-25,1.29490635092623e-35,2.25499827053017e-18,1.89112174935643e-22,4.90970588418889e-21,1
"WR03",5.5836382872715e-23,3.48943377085074e-26,2.35449649502918e-29,2.05894275218746e-22,7.5835291053065e-26,3.1534572931232e-34,5.97708935294831e-18,1.05170221294738e-24,2.0725155877311e-21,1
"WR04",3.24053373185792e-20,6.4936728029982e-24,3.40835854082324e-28,1.41552564554058e-21,5.46496123219223e-24,5.54416540825969e-31,6.92886294681863e-15,2.92831658186918e-21,2.0197070576287e-18,0.999999999999993
"WR05",1.68674411969989e-32,7.68952086448208e-36,1.32943785976946e-40,1.0049273154194e-32,6.98600917627285e-37,2.60724417534806e-47,2.60167315553689e-26,1.77488332947486e-33,1.78573941152496e-30,1
"WR06",1.51708159689839e-17,1.53841876893631e-22,5.85600603191824e-29,1.09530833404626e-21,9.77439176436239e-20,4.34165565707448e-30,4.72315887671016e-13,1.04377249062818e-20,3.81736621292774e-16,0.999999999999527
"WR07",3.6743448321368e-11,4.516853249378e-13,9.62945563962291e-16,2.73168335843498e-10,1.09915176697715e-13,1.59902030740814e-19,2.34353571716432e-07,1.1866224056194e-10,3.03978882404345e-09,0.999999762177503
"WR08",8.77897353479291e-29,1.03727073998189e-28,9.19983041615133e-33,5.51920626536744e-28,6.62841327554835e-29,1.69650755149645e-41,2.45355069950741e-21,8.13376424196277e-27,1.55659202233137e-25,1
"WR09",2.11679757178069e-21,1.83817642834397e-27,7.33867086608194e-32,2.07785897360205e-24,6.98582990393787e-23,5.9407739007634e-37,1.77259162435069e-18,2.26183551024852e-25,7.10335575145502e-21,1
"WR10",7.76401375150529e-30,1.42613226033885e-32,1.24183231149534e-35,1.6060311094529e-30,1.25089814914745e-32,9.6692308737635e-41,3.22247565881336e-23,2.40735790079262e-31,8.24900638062189e-27,1
"WR11",4.564032952056e-24,1.03530020657064e-25,1.95203647443416e-29,1.73156275557118e-25,2.49439088029682e-26,3.99290814843411e-33,1.10663628785728e-19,5.21841425876769e-27,1.32916954896045e-21,1
"WR12",6.32301289222204e-14,1.57341346431972e-16,1.49241805458787e-17,3.69874515221232e-15,2.53862143198925e-15,8.25986916204876e-22,3.99327695110082e-10,3.42351360212268e-16,1.51280003629286e-12,0.99999999959909
"WR13",0.000321808832880013,1.22533963185074e-06,4.71062722662067e-09,6.11067924335647e-07,1.13236632247868e-06,1.13818777760101e-11,0.940810834894468,0.000101468625294014,0.0106914750785286,0.0480714390729411
"WR14",7.32977064013018e-18,8.22944347081869e-22,8.78266770872122e-26,2.84708533478443e-18,1.09741477518095e-18,3.31918837589515e-27,6.04818613775897e-14,9.54029401587776e-20,2.29308225908571e-16,0.999999999999939
"WR15",1.17226683883367e-31,6.37619227740542e-37,7.08878732020709e-39,4.32073410957302e-31,1.38993191486078e-33,9.03669123753346e-44,1.32247196029575e-26,1.18634217633576e-32,3.44930110817067e-31,1
"WR16",3.79786997511162e-16,8.65502482007453e-19,5.29816966569972e-21,1.13062308851407e-17,1.76626186922631e-17,1.47452542989459e-23,8.793221739925e-11,1.02170119724356e-16,2.77299478921829e-13,0.99999999991179
