pot,region,pop,geno,lab,vwc_adj,biomass_belowground,biomass_rhizome,biomass_aboveground,flwr_mass_final,flwr_mass_1.2,flwr_mass_4,flwr_mass_lifetime,did_flwr,flwr_count_1.2,flwr_len_1.2,flwr_avg_ind_len,flwr_avg_ind_mass,max_height,ht.91-130,ht.80-90,ht.70-79,ht.49-69,ht.38-48,ht.30-37,ht.20-29,ht.10-19,ht.1-9,avg_predawn_mpa_expt,avg_midday_mpa_expt,avg_predawn_mpa_drydown,avg_midday_mpa_drydown,roottoshoot,biomass_total
1,Boulder,A,1,A01,19.05178571,0.67,0.54,1.14,0,0.1566,0.0461,0.2027,1,12,35.5,NA,NA,11.01,19.7167,29.1,30,42.5625,NA,18.0334,12,2.7667,-1.3333,NA,NA,NA,NA,-0.220606881,0.83
2,Boulder,A,2,A02,19.27571429,0.91,0.24,1.38,0,0,0.1053,0.1053,1,0,0,NA,NA,31.2,42.2,43.1,31.3,27.415,NA,13.3667,4.1,1.0333,0.2667,-2.2,-0.1,NA,NA,-0.355608243,1.51
3,Boulder,A,3,A03,21.15,NA,NA,NA,NA,NA,NA,NA,0,0,0,NA,NA,2.6,NA,NA,NA,NA,NA,3.7,3.7,3.7,-1.2333,NA,NA,NA,NA,NA,NA
4,Boulder,A,4,A04,21.22555556,0.48,0.05,0.07,0.0132,-0.0233,-0.0233,-0.0334,0,-1,-3.6,-0.1881,-4.54464,12.5,5.8833,-7.4,-7.1,-7.0425,NA,2.4333,-1.75,-2.5666,-0.1333,-3.15,-1.4,NA,NA,0.212758801,3.5118
5,Boulder,A,5,A05,16.58,NA,NA,NA,NA,NA,NA,NA,1,4,5.8,NA,NA,57.5,NA,NA,NA,NA,NA,12.5333,1.05,0.4333,-0.4,NA,NA,NA,NA,NA,NA
6,Boulder,A,6,A06,19.775,NA,NA,NA,NA,0.2531,0,0.2531,0,13,42.8,0.24,1.285,6.2,5.95,5.2,5,6.46,NA,31.1,23.85,16.3667,3.5,NA,NA,0,-0.7,NA,NA
7,Boulder,A,7,A07,21.43333334,0.42,-0.14,-0.08,-0.0065,-0.0095,-0.0119,-0.0279,0,-2,-8.3,-0.45,5.0275,9.5,3.05,11,1.8,-5.07,NA,-12.6,-13.15,-9.4333,-1.9,4,2.8,NA,NA,0.132153182,4.2083
8,Boulder,A,8,A08,20.45,NA,NA,NA,NA,NA,NA,NA,-1,-2,-4,NA,NA,-42.3,NA,NA,NA,NA,NA,-11.3667,-4,-1.3333,0.2,NA,NA,NA,NA,NA,NA
9,Boulder,A,9,A09,19.01,NA,NA,NA,NA,NA,NA,NA,1,0,0,NA,NA,64.3,NA,NA,NA,NA,NA,0.6,0.6,0,-0.4334,NA,NA,NA,NA,NA,NA
10,Boulder,A,10,A10,20.89857143,0.5,0.45,1.01,0,0.0182,0.0942,0.1124,0,2,5.1,NA,NA,16.1,10.0833,6.1,10.8,16.84,NA,22.0333,11.15,6.3,0.4666,0,0.2,NA,NA,-0.110286383,0.7425
11,Boulder,A,11,A11,16.5,NA,NA,NA,NA,NA,NA,NA,0,0,0,NA,NA,6.2,NA,NA,NA,NA,NA,6.4,6.4,6.4,4.6,NA,NA,NA,NA,NA,NA
12,Boulder,A,12,A12,21.40222222,0.23,0.24,0.43,0.0299,-0.0046,-0.0504,-0.0251,0,0,-1.7,-0.85,-2.23333,4.1,4.2833,6.9,4.2,1.7825,NA,-9.2666,-8.65,-7.4333,-0.1,0.95,0.05,NA,NA,0.114461426,2.3578
13,Boulder,A,13,A13,21.615,NA,NA,NA,NA,-0.0098,0.0569,0.0471,0,-3,-5.6,2.05,6.68333,28,21.8166,7,-0.3,0.1675,NA,-1.6,0.9,0.4333,-0.5,NA,NA,NA,NA,NA,NA
14,Boulder,A,14,A14,22.5,NA,NA,NA,NA,NA,NA,NA,0,0,0,NA,NA,-2.1,NA,NA,NA,NA,NA,-2.1,-2.1,-2.1,-0.5334,NA,NA,NA,NA,NA,NA
15,Boulder,A,15,A15,22.89,NA,NA,NA,NA,-0.0086,0,-0.0086,0,0,2.4,0.3,-1.22,5.5,5.55,1.3,5,7.245,NA,5.7667,3.1,0.7333,-0.1333,NA,NA,NA,NA,NA,NA
16,Boulder,A,16,A16,20.48333333,NA,NA,NA,NA,NA,NA,NA,1,8,26.6,NA,NA,51.5,NA,NA,NA,NA,NA,30.7667,18.25,11.3667,2.8,NA,NA,NA,NA,NA,NA
17,Boulder,A,17,A17,22.38333333,NA,NA,NA,NA,NA,NA,NA,1,1,3.5,NA,NA,54.9,NA,NA,NA,NA,NA,5.1,-0.65,-1.1667,0.1,NA,NA,NA,NA,NA,NA
35,Boulder,K,1,K01,21.36875,0.61,0.04,1.36,0,0.2621,0,0.2621,0,20,55.4,-0.77355,5.78621,2,3.5834,4.8,3.3,2.155,NA,0.9,-0.4,-0.4,1.9,-0.5,0,0.65,0.5,-0.419117354,5.4738
36,Boulder,K,2,K02,21.66428571,0.55,0.85,1.17,0.0767,0.0567,0.0767,0.2101,0,4,14.4,0.09697,2.49519,1.2,0.75,0.1,1,0.735,NA,1.6333,-2.3,-2.5667,-0.15,0.6,3.2,0.3,0.35,0.057530977,4.0727
37,Boulder,K,3,K03,18.8875,0.99,0.73,0.51,-0.0192,0.128,-0.0192,0.0896,0,11,25.9,-0.14127,2.1025,4.5,4.4833,5,3.4,10.7225,NA,3.3,5.55,2.4333,0.5,-1.8,-4.45,NA,NA,0.354452456,5.1095
38,Boulder,K,4,K04,22.42678571,-0.27,0.28,-1.66,-0.0146,-0.1188,-0.0146,-0.148,0,-12,-29.9,0.86429,4.63125,3.5,0.8833,6.4,2,1.785,NA,3.4,3.95,1.3667,-2.35,2,1.75,0.05,0.05,1.166681796,5.2485
39,Boulder,K,5,K05,22.55714286,0.29,0.45,-0.19,0.0787,-0.0593,0.0787,0.0981,0,-4,-13.6,-0.16969,0.95481,4.8,1.1,0.5,4.9,2.2175,NA,-2.3,-3.15,1.3667,0.95,1.9,0.8,NA,NA,0.346208611,4.7869
40,Boulder,K,6,K06,20.84285714,NA,NA,NA,NA,0.0047,0,0.0047,0,2,6.8,-0.06869,-3.32667,-14.685,-15.1,-4.2,-14.2,-15.605,NA,-3.5334,-6.75,-8.0667,-1.75,NA,NA,-0.1,-0.15,NA,NA
41,Boulder,K,7,K07,18.83,0.51,0.32,-0.18,-0.096,0.0148,-0.096,-0.1772,0,2,5,-0.45833,-2.43429,-8.5,-0.5833,2.7,2.8,2.0525,NA,4.2333,2.8,-0.5667,-1.25,NA,NA,NA,NA,0.333876469,5.5622
42,Boulder,K,8,K08,22.18666667,0.12,-0.26,-0.4,0.0989,-0.0632,0.0989,0.1346,0,-7,-22.3,-0.17252,-4.23778,1.4,1.7667,2.3,1.8,1.685,NA,5.9,2.2,1.7333,2.15,2.95,1.7,0.5,1.65,0.039939755,6.3498
43,Boulder,K,9,K09,21.86666666,1.15,0.19,1.9,0,0.2784,0,0.2784,0,19,66.5,-0.00286,-3.01478,11.8,12.3,11.6,10.3,12.45,NA,8.8667,1.75,1.5,-0.85,NA,NA,NA,NA,-0.159002138,7.3632
44,Boulder,K,10,K10,21.23125,0.81,0.46,0.8,-0.034,0.1994,-0.034,0.1314,0,15,42.2,0.42778,1.265,20.26,31.3834,28.6,22.9,21.4925,NA,10.9,2.3,3.4667,2.1,NA,NA,-0.4,0.35,0.134385001,4.4369
45,Boulder,K,11,K11,20.3,0.77,1.3,2.4,-0.1524,0.2214,-0.1524,-0.0834,0,7,23.1,-0.93333,16.51333,-6.2,7.75,38.5,8.4,7.125,NA,3.0667,-2.6,-3.5,-2.85,NA,NA,NA,NA,0.246339611,3.1145
46,Boulder,K,12,K12,23.625,-0.04,-0.2,-0.79,0,-0.072,0,-0.072,0,-5,-19.5,-0.28968,-1.80057,1.6,0.6,2.2,2.2,1.25,NA,-5.2,-7.4,-5.5,-1.45,2.05,2,0.35,0.25,0.198116212,6.95
47,Boulder,K,13,K13,20.475,NA,NA,NA,NA,0.0475,0,0.0475,0,2,4.4,0,3.09087,-0.95,1.7833,4.1,4.4,5.325,NA,6.4,0.7,2,1.1,NA,NA,NA,NA,NA,NA
48,Boulder,K,14,K14,21.68833333,NA,NA,NA,NA,0.0152,0,0.0152,0,0,-0.8,-0.2,6.6,13.5,14.2166,13.6,12.2,7.42,NA,2.5333,0.7,-1.9666,-1.1,NA,NA,NA,NA,NA,NA
49,Boulder,K,15,K15,20.575,0.48,0.84,0.53,0,-0.0948,0,-0.0948,0,-4,-23.4,-0.76,-1.56742,18.6,19.05,19.1,20,17.705,NA,10.1,-1.75,-1.4334,-0.55,NA,NA,NA,NA,0.242488827,6.4468
50,Boulder,K,16,K16,19.78333333,NA,NA,NA,NA,0.0881,0,0.0881,0,7,23.9,0.24102,4.05333,13.4,11.5167,13.6,12.6,13.635,NA,12.3666,5.05,3.3,1.25,NA,NA,NA,NA,NA,NA
51,Boulder,K,17,K17,22.16,1.02,0.07,-0.09,-0.1039,-0.0448,-0.1039,-0.2526,0,-1,-9.9,-0.22778,2.45182,12.9,13.1,13.8,13,11.4475,NA,0.4334,-2.25,1.5333,1.2,NA,NA,NA,NA,0.281171082,7.7501
69,Boulder,W,1,W01,14.43125,2.35,1.81,3.28,0,0.2692,0.0027,0.2719,0,11,48.4,NA,NA,20,28.64,39.15,36.8,46.99,43.9,29.85,27,14.1333,4.75,-6,-1.35,NA,NA,0.322184691,2.2493
70,Boulder,W,2,W02,20.3375,NA,NA,NA,NA,NA,NA,NA,1,2,6.7,NA,NA,46.7,NA,NA,NA,NA,25.6,11.95,7.9333,2.8667,0.4,NA,NA,NA,NA,NA,NA
71,Boulder,W,3,W03,19.49875,0.33,-1.29,-0.04,0,0.0532,0,0.0532,0,-1,1.7,0.49697,5.42692,27.2,26.94,28.05,28.4,24.13,30,15.75,5.6667,5.7667,1.45,-0.5,-0.6,NA,NA,-0.228689161,8.5634
72,Boulder,W,4,W04,17.98375,1.23,0.96,2.01,0,0.2819,-0.0215,0.2604,0,15,46.4,-0.09412,7.93509,28.1,31.38,33.6,31.2,32.385,27.4666,27.2,21.0333,8.6,1.95,NA,NA,0.03,-0.36,0.12153794,4.4299
73,Boulder,W,5,W05,NA,NA,NA,NA,NA,NA,NA,NA,NA,NA,NA,NA,NA,-48.3,NA,NA,NA,NA,-42.6333,-24.1,-18.6,-10.1667,-2.1,NA,NA,NA,NA,NA,NA
74,Boulder,W,6,W06,16.86,1.55,0.32,2.47,0,0.0665,-0.1398,-0.0733,0,7,21,-0.35,-10.99,8.7,18.4,24.45,23.9,25.4,26.7667,14.15,5.0667,-1,-0.45,-2.05,-5.3,NA,NA,-0.054576017,4.525
75,Boulder,W,7,W07,19.41428571,0.23,-0.27,0.55,0,0.0595,0.1234,0.1829,0,5,10.8,-0.48096,-12.10179,8.3,5.9,8.7,-1.3,3.81,2.6,-4.75,-10.3,-9.4334,-2.3,NA,NA,0.17,0.34,-0.155843347,6.2149
76,Boulder,W,8,W08,16.85,NA,NA,NA,NA,NA,NA,NA,1,5,18.4,NA,NA,57.9,NA,NA,NA,NA,37.7667,25.2,13.4333,4.3,1.2,NA,NA,NA,NA,NA,NA
77,Boulder,W,9,W09,17.3625,0.74,0.4,1.85,0,0.0785,-0.0223,0.0562,0,6,22.8,NA,NA,5.6,5.44,5.85,10.5,41.275,35.2,26.95,21.3667,11.7,2.35,-2.7,-3.95,NA,NA,-0.08147629,4.3259
78,Boulder,W,10,W10,17.85833333,1.24,1.37,1.43,0,0.0883,0.0273,0.1156,0,5,17.9,-0.1869,8.5627,19.3,20.52,20,19.8,21.59,8.7667,5.6,9.8,6.2334,0.25,2.5,0.65,NA,NA,0.296206655,5.2538
79,Boulder,W,11,W11,NA,NA,NA,NA,NA,NA,NA,NA,NA,NA,NA,NA,NA,-43.4,NA,NA,NA,NA,-36.7333,-29.95,-24.3667,-16.2333,-3.05,NA,NA,NA,NA,NA,NA
80,Boulder,W,12,W12,19.69,0.25,-0.1,-0.04,0,-0.0341,-0.0606,-0.0947,0,3,8.9,-0.09444,-17.64026,6.7,-2.08,2.8,1.2,5.08,2.4,5.8,3.9,0,1.4,4.6,4.1,NA,NA,0.066394422,6.8293
81,Boulder,W,13,W13,20.71607143,NA,NA,NA,NA,-0.241,0.0578,-0.1832,0,-12,-41.4,NA,NA,-3.16,-11.32,-31.8,-39.8,-43.815,-49.7667,-27.75,-17.7667,-6.9333,-0.3,NA,NA,NA,NA,NA,NA
82,Boulder,W,14,W14,14.855,1.8,2.05,3.23,0,0.4219,-0.0771,0.3448,0,20,73.2,NA,NA,16.7,22.88,32.4,40.3,54.61,45.6333,27.55,24.9,15.2,3.35,-4.6,-2.3,NA,NA,0.199435857,2.7371
83,Boulder,W,15,W15,21.83392857,NA,NA,NA,NA,-0.1694,0.022,-0.1474,0,-16,-46.4,0.01616,-3.27852,-1.5,-0.62,0.3,0.9,1.905,-5.5,-7,-8.4333,-8.5333,-2.35,NA,NA,NA,NA,NA,NA
84,Boulder,W,16,W16,NA,NA,NA,NA,NA,NA,NA,NA,NA,NA,NA,NA,NA,58.9,NA,NA,NA,NA,1.2667,0.7,-0.8333,-1.0333,-1.55,NA,NA,NA,NA,NA,NA
85,Boulder,W,17,W17,NA,NA,NA,NA,NA,NA,NA,NA,NA,NA,NA,NA,NA,NA,NA,NA,NA,NA,NA,NA,NA,NA,NA,NA,NA,NA,NA,NA,NA
103,Boulder,BT,1,BT01,18.33111111,1.55,0.64,1.46,-0.0406,0.1856,-0.0948,0.0502,0,8,30.3,0.375,2.17538,14.5,10.54,11.25,11.7,8.89,25.7334,13.85,8.3,6.3,1.8,0.6,0.45,NA,NA,0.239163238,5.2191
104,Boulder,BT,2,BT02,19.105,NA,NA,NA,NA,0.1611,0.1155,0.2835,0,11,36.3,-0.36667,13.28618,9.66,10.2,4.6,4.7,3.81,5.0666,8.4,6.8,6.0667,1.35,NA,NA,0.8,-1.29,NA,NA
105,Boulder,BT,3,BT03,21.72916667,1.52,0.18,2.5,0,-0.0325,0.0222,-0.0103,0,-2,-5.7,0.1425,1.30333,3.615,15.22,12.85,13.4,1.27,4.5333,5.4,-1.7333,0.6334,0.75,NA,NA,NA,NA,0.025575099,6.7264
106,Boulder,BT,4,BT04,18.43375,NA,NA,NA,NA,0.1443,-0.0077,0.1438,0,4,23.1,1.11667,15.09692,16.8,17.14,17.35,25.5,15.875,12.1333,1.3,-2.1666,-1.6333,-2.4,NA,NA,NA,NA,NA,NA
107,Boulder,BT,5,BT05,17.54375,0.59,1.36,2.09,0,0.2094,-0.0521,0.1573,0,13,50.6,0.6,-5.89215,22.5,28.22,36.5,44.4,42.545,8,6.3,6.9333,4.8667,-1.5,-1,-0.25,NA,NA,0.206701658,3.0252
108,Boulder,BT,6,BT06,21.67833333,-0.04,-0.14,-0.9,0,-0.1021,0.0117,-0.0904,0,-9,-26.9,1.45,1.95,7.8,7.72,7.7,6,3.81,-2.8,-9.3,-16.2,-11.0333,-1.8,-0.35,1.95,NA,NA,0.134121044,6.8094
109,Boulder,BT,7,BT07,20.5575,0.04,0.06,-0.95,0.0233,0.0797,0.0527,0.1557,0,6,20.6,0.475,3,2.2,2.12,1.2,0.7,2.54,5.6,-8,-2.5667,-2.8667,-1.6,3.4,3.95,NA,NA,0.20604155,6.0181
110,Boulder,BT,8,BT08,20.89166667,0.85,0.54,1.37,0,0.0498,0.0582,0.108,0,-1,-3.5,-0.02878,7.29423,9.6,9.025,8,7,6.985,7.2,2,-2.6,-0.5334,2.7,NA,NA,NA,NA,0.090272752,6.9234
111,Boulder,BT,9,BT09,20.91904762,0.38,-0.7,0.08,0.0052,-0.052,0.0381,-0.0087,0,-4,-10.4,0.48,1.2375,4.3,4.58,4.45,4.9,6.35,-0.3667,18.8,8.0666,5.5,0.75,NA,NA,NA,NA,-0.092034505,6.5313
112,Boulder,BT,10,BT10,18.15666667,-0.03,-0.39,-0.91,0,-0.0256,0,-0.0256,-1,-3,-7.4,NA,NA,-2.435,-10.38,-22.9,-26.9,-28.575,-34.0333,-23.3,-11.6334,-5.8333,-1.55,2,1.15,NA,NA,0.482791289,3.6856
113,Boulder,BT,11,BT11,13.9875,NA,NA,NA,NA,NA,NA,NA,1,2,5.2,NA,NA,51.6,NA,NA,NA,NA,49.1333,34.15,20.7667,7.4333,-1.4,NA,NA,NA,NA,NA,NA
114,Boulder,BT,12,BT12,17.75,NA,NA,NA,NA,NA,NA,NA,0,0,0,NA,NA,2.9,NA,NA,NA,NA,3.4333,2.9,2.5667,1.8666,-0.55,NA,NA,NA,NA,NA,NA
115,Boulder,BT,13,BT13,20.64285714,0.66,0.36,0.36,0,0.0069,-0.0285,-0.0216,0,1,9.4,0.46096,0.62721,-3.085,-10.78,-8.05,-3.6,-1.905,3.9667,5.85,14.4334,11.3334,2.75,1.9,4.8,NA,NA,0.188639652,6.5291
116,Boulder,BT,14,BT14,15.33333333,0.4,0.45,0.66,-0.025,0,-0.025,-0.05,-1,0,0,NA,NA,-3.2,-1.88,5.25,10.3,6.35,13.0333,4.8,3.2667,2.7,0.15,1.55,4.55,NA,NA,0.261193574,2.26
117,Boulder,BT,15,BT15,20.49464286,NA,NA,NA,NA,0.1244,0,0.1244,0,6,16.8,-0.13777,9.50374,-3.355,-1.38,-0.45,-0.1,-3.81,-12.5333,1.15,-1.5333,-0.2333,-0.35,NA,NA,0.28,0.88,NA,NA
118,Boulder,BT,16,BT16,16.775,NA,NA,NA,NA,0.1555,-0.0823,0.0732,0,7,20.1,0.13333,12.00333,-1.1,7.88,19.5,19,15.875,19.3,14.6,13.3333,6,0.45,NA,NA,NA,NA,NA,NA
119,Boulder,BT,17,BT17,19.88333333,0.85,0.39,0.69,0.0055,0.0961,-0.0163,0.0853,0,5,17.9,0.13175,5.41091,13.6,13.58,12.95,13,13.97,6.2,-9.65,-5.4,-0.1666,-1.8,NA,NA,0.03,0.67,0.138405085,6.2368
137,Boulder,DM,1,DM01,17.47666667,0.47,0.64,0.77,-0.0527,0.0507,0.0565,0.0545,0,6,14.5,-0.2125,-2.57778,-1.9,-1.7,-2,-1.6,-1.905,1.8333,3.05,-0.4333,0.3333,3.7,-0.45,0.25,NA,NA,0.357402401,2.0762
138,Boulder,DM,2,DM02,20.44666667,NA,NA,NA,NA,-0.2373,-0.0038,-0.2411,0,-13,-43.9,NA,NA,5.3,3.84,5.6,6.3,4.445,1.4667,-2.25,-5.0333,-3.2,-2.7,NA,NA,0.38,0.7,NA,NA
139,Boulder,DM,3,DM03,15.02,NA,NA,NA,NA,NA,NA,NA,1,1,1.4,NA,NA,0.645,NA,NA,NA,-17.145,-8.8667,-8.3,-1.7667,-0.1,0.25,NA,NA,NA,NA,NA,NA
140,Boulder,DM,4,DM04,22.2625,0.3,0.01,-1.15,-0.0051,-0.0622,-0.0416,-0.1089,0,-4,-15,-0.1625,-1.05143,2.2,-0.14,3.7,1.4,1.905,1.1,5.25,-0.2,-1.4333,-3,2.3,1,NA,NA,0.345526929,6.0335
141,Boulder,DM,5,DM05,18.15178571,0.5,0.69,0.2,0,0.0653,0.0005,0.0658,0,5,16.2,0.275,5.81111,10.6,18.96,16.7,7.8,9.525,17.1,14.3,14.5333,5.4667,0.3,1.9,2.85,NA,NA,0.351696528,4.5534
142,Boulder,DM,6,DM06,16.06571429,NA,NA,NA,NA,NA,NA,NA,1,2,6.7,NA,NA,30.8,26.28,30.3,29.4,30.48,24.2,14.15,8.5333,6.3334,0.55,NA,NA,NA,NA,NA,NA
143,Boulder,DM,7,DM07,19.7125,0.02,0.03,0.71,0,-0.0335,0.0846,0.0511,0,-2,-3.1,0.5,-0.12,2.64,2.42,3.1,3.5,11.43,-0.4333,-11.8,-10.2667,-1.4,-0.55,NA,NA,NA,NA,-0.126663081,6.9272
144,Boulder,DM,8,DM08,20.28125,0.56,0.07,-1.05,0,-0.0592,-0.1616,-0.2208,0,-3,-12.4,-0.095,3.60556,-7.3,-6.92,-6.25,13.7,-7.62,2.8666,5.5,-0.6333,-1.4334,1.55,NA,NA,NA,NA,0.437156755,6.3349
145,Boulder,DM,9,DM09,16.9,1.23,0.77,-0.03,0,0,-0.0472,-0.0472,0,0,0,NA,NA,8.26,6.09,7.25,7.8,8.89,7.9333,8.25,8.2333,2.5667,-0.55,NA,NA,NA,NA,0.716022877,4.6847
146,Boulder,DM,10,DM10,20.075,0.81,0.8,1.02,0,-0.1214,0,-0.1214,0,-9,-29.4,0.96364,-7.07692,10.3,11.7,10.05,10.3,12.7,9.9,9.35,4.5333,3.4,1.7,0.8,0.5,NA,NA,0.24128571,4.8482
147,Boulder,DM,11,DM11,19.0375,NA,NA,NA,NA,0.0329,0.0866,0.1195,0,4,10.1,-0.17917,2.80571,4.67,-0.7,2.85,4.4,3.81,15,1.85,-1.0667,-2.1,-0.9,NA,NA,-2,0,NA,NA
148,Boulder,DM,12,DM12,19.45833333,0.23,-0.3,0.11,-0.0226,0,-0.0393,-0.0619,0,0,0,NA,NA,5.8,6.84,3.5,-0.5,-4.445,-11.8667,-8.3,-8.6,-5.1,-0.05,1.15,1.05,NA,NA,-0.037358127,4.1171
149,Boulder,DM,13,DM13,19.26428571,NA,NA,NA,NA,-0.0413,0.062,0.0207,0,-4,-13.2,0.175,3.42889,6.155,NA,NA,NA,5.715,NA,NA,NA,NA,-0.65,NA,NA,NA,NA,NA,NA
150,Boulder,DM,14,DM14,20.31666667,NA,NA,NA,NA,-0.1876,0.1467,-0.0409,0,-17,-45.4,NA,NA,2.62,-5.69,-21.25,-28.5,-33.02,-32.1333,-18.5,-14.5667,-9.6,-1.35,NA,NA,NA,NA,NA,NA
151,Boulder,DM,15,DM15,20.08333333,0.71,0.25,-0.55,0,0.0344,0.0098,0.0442,0,4,13.1,-0.9,1.63333,2.52,-2.4467,-1.3,-4.8,11.43,-0.7,-5.1,-11.2,-5.9,-0.85,NA,NA,0.13,0.22,0.512327358,6.4548
152,Boulder,DM,16,DM16,18.7,0.47,-0.35,-0.45,-0.0442,-0.0266,-0.021,-0.0918,0,-2,-4.9,0.20857,1.13015,-2.015,-2.78,-3.25,-3.6,-0.635,12.5,13.65,13.4,7.5,2.25,2.2,0.55,NA,NA,0.145356614,5.2303
153,Boulder,DM,17,DM17,17.68333333,0.86,-0.19,1.29,-0.0223,-0.0331,-0.0745,-0.1299,0,-1,-0.1,0.41429,0.70972,13.9,13.54,12.1,13.7,20.32,10.9,1.25,-2.3667,-2.5,-1.4,3.75,3.1,NA,NA,-0.091164655,5.024
171,Boulder,HV,1,HV01,20.70625,NA,NA,NA,NA,0.1257,-0.0278,0.0979,0,7,37.1,0.62929,6.04667,9.8,13.4,13,9.525,9.6,7.8,11.25,7.6334,13.7666,8.2667,NA,NA,0.25,0.26,NA,NA
172,Boulder,HV,2,HV02,20.04166667,NA,NA,NA,NA,-0.0018,0.0322,0.0304,0,-1,-3.5,NA,NA,-1.4,8.8,8.6,-1.905,-8.85,-7.55,-6.35,-14.3,-14.3333,-3.1,0.85,-5.05,NA,NA,NA,NA
173,Boulder,HV,3,HV03,17.295,NA,NA,NA,NA,0.2365,0.0085,0.245,0,9,32.1,-0.32,8.75882,8.1,6.7,7,10.16,7.3,9.5,7.3,2.9,7.9,3.2,NA,NA,NA,NA,NA,NA
174,Boulder,HV,4,HV04,17.3875,0.36,0.77,0.23,0,-0.0538,0.008,-0.0458,0,-5,-10,0.51333,-1.68529,-1.04,2.1,-2.45,-2.54,2.05,5.25,1.85,0.1,-3,-1.6334,0.8,0.8,NA,NA,0.228535186,6.9794
175,Boulder,HV,5,HV05,NA,NA,NA,NA,NA,NA,NA,NA,NA,NA,NA,NA,NA,0.1,NA,NA,NA,NA,0.1,0.1,0.1,0.4333,0.0666,NA,NA,NA,NA,NA,NA
176,Boulder,HV,6,HV06,NA,NA,NA,NA,NA,NA,NA,NA,NA,NA,NA,NA,NA,-28.4,NA,NA,NA,-27,-23.9,-23.2,-22.7,-10.5333,-2.5,NA,NA,NA,NA,NA,NA
177,Boulder,HV,7,HV07,15.68333334,0.43,0,1.66,0,0.0385,0.093,0.1315,0,8,21.5,-0.32667,-3.75882,7.9,11.4,7.45,8.89,7.2,3.8,-0.05,-1,1.2666,0.1667,1.1,4.75,NA,NA,-0.300821807,3.3782
178,Boulder,HV,8,HV08,19.4625,-0.52,-0.6,0.27,0,-0.1361,0.0785,-0.0576,0,-7,-30.5,0.17045,-5.21154,-6.1,-6.1,-5.75,-7.62,0.55,-2.7,-1.05,-2.5,-2.5667,-1.5333,5.35,-4.85,NA,NA,-0.464115491,5.1235
179,Boulder,HV,9,HV09,NA,NA,NA,NA,NA,NA,NA,NA,NA,NA,NA,NA,NA,38.9,NA,NA,NA,NA,31.45,27.05,22.8,11.1333,2.3,NA,NA,NA,NA,NA,NA
180,Boulder,HV,10,HV10,15.1125,1.68,1.76,3.79,0,0.2115,0.0316,0.2431,0,13,51.6,0.84,7.93138,25,35.5,19.65,19.685,30.85,30.35,26.8,20.9,13.1333,3.6666,NA,NA,NA,NA,0.314972117,2.2128
181,Boulder,HV,11,HV11,14.77666667,NA,NA,NA,NA,0.1248,0.1802,0.4478,0,7,26.4,0.75556,9.3,34.4,21.4,22.25,13.97,31.85,22.1,20.2,15.5,13.3,2.8333,NA,NA,NA,NA,NA,NA
182,Boulder,HV,12,HV12,18.38333333,NA,NA,NA,NA,0.1224,0.0439,0.2011,0,12,37.7,-0.21729,-0.5225,8,33,18.9,11.43,8.2,9.85,10.85,7.0666,5.7333,1.6334,NA,NA,NA,NA,NA,NA
183,Boulder,HV,13,HV13,19.20625,-0.21,0.25,1.16,0,-0.0461,-0.0114,-0.0575,0,-7,-23.8,-0.19444,0.94798,7.6,11.3,10.95,11.43,-1.6,-4.45,-8.5,-0.4666,-1.8666,0.1333,3.87,1.57,NA,NA,-0.208861549,3.7403
184,Boulder,HV,14,HV14,18.18571429,0.28,0.91,2.05,0,-0.0636,0,-0.0636,0,-4,-11.9,0.09444,0.06978,0,0.2,0,0,-1.7,-3.6,-4.95,-9.1,-4.5667,-0.6333,0,1.95,NA,NA,0.041293126,6.5556
185,Boulder,HV,15,HV15,NA,NA,NA,NA,NA,NA,NA,NA,NA,NA,NA,NA,NA,1.7,NA,NA,NA,NA,1.05,0.2,-0.2,0.2667,0.3333,NA,NA,NA,NA,NA,NA
186,Boulder,HV,16,HV16,NA,NA,NA,NA,NA,NA,NA,NA,NA,NA,NA,NA,NA,-52.1,NA,NA,NA,-52.45,-51.05,-47.25,-37.9,-25.8333,-6.8,NA,NA,NA,NA,NA,NA
187,Boulder,HV,17,HV17,19.1375,-0.42,-0.24,-0.38,0,-0.162,-0.0744,-0.2364,0,-12,-45.7,-0.94375,-8.72889,-3.175,-14.3,-9,-3.175,-5.65,-10.05,-17.8,-27.8333,-19.7334,-6.0667,5.3,4.3,NA,NA,-0.089095832,5.7239
205,Boulder,ST,1,ST01,18.4875,NA,NA,NA,NA,0.0368,0.1009,0.2058,0,3,17.3,0.54167,2.71746,8.4,4.4,6.7,5.08,3.8,-1.2,2.75,2.0333,-5.2666,-2.4333,NA,NA,NA,NA,NA,NA
206,Boulder,ST,2,ST02,14.7625,0.5,0.49,1.01,0,0,0.0446,0.0446,1,0,0,NA,NA,8.2,8.2,19.75,26.67,18.9,9.9,0.95,0.0333,-0.2333,-0.0333,-0.05,0,NA,NA,-0.652610002,1.26
207,Boulder,ST,3,ST03,18.08333333,0.21,0.49,-0.47,0,0.061,0.0015,0.0625,0,1,8.9,0.52083,9.34921,15.1,10.6,16.95,15.24,17.15,21.3,18.7,17.2,9.4667,1.1333,1.2,1.1,NA,NA,0.391199402,4.7057
208,Boulder,ST,4,ST04,18.91875,NA,NA,NA,NA,0,0.0957,0.0957,0,0,0,NA,NA,-25.7,-25.7,-37.45,-40.64,-51.65,-44.55,-31.1,-18.0667,-5.2334,-0.3,NA,NA,-0.65,-0.2,NA,NA
209,Boulder,ST,5,ST05,NA,NA,NA,NA,NA,NA,NA,NA,NA,NA,NA,NA,NA,36.7,NA,NA,NA,21.6,8.25,2.35,2.4,2.8333,2.5333,NA,NA,NA,NA,NA,NA
210,Boulder,ST,6,ST06,16.625,0.41,2.09,3.9,0,0.0536,0.344,0.3976,0,8,26.4,-0.11111,-1.69667,11.4,10.2,10,12.7,14.85,7.2,9.35,8.7,8.3,1.7667,-5,-2.5,NA,NA,0.090015287,4.0767
211,Boulder,ST,7,ST07,20.8125,0.99,0.67,0.82,0,0.0928,0,0.0928,0,3,6,-0.04047,0.98571,3.06,2.5,3.75,5.08,0.5,0.95,-0.95,-4.7,-5.5666,-0.4334,0,-2.2,NA,NA,0.210992521,4.8185
212,Boulder,ST,8,ST08,16.37375,1.71,1.58,3.09,0,0.2265,0.3068,0.5333,0,12,56.4,0.54375,2.47556,9.9,16.1,12.5,8.255,10.15,13.45,9.8,1.4666,2.5666,0.3,-0.65,-0.5,NA,NA,0.252667407,4.0491
213,Boulder,ST,9,ST09,NA,NA,NA,NA,NA,NA,NA,NA,NA,NA,NA,NA,NA,66.15,NA,NA,NA,65.1,57.55,38.4,24.9,15.9,4.1,NA,NA,NA,NA,NA,NA
214,Boulder,ST,10,ST10,NA,NA,NA,NA,NA,NA,NA,NA,NA,NA,NA,NA,NA,17.8,NA,NA,NA,-0.25,-0.5,-0.5,-0.1,0.0667,0.0667,NA,NA,NA,NA,NA,NA
215,Boulder,ST,11,ST11,NA,NA,NA,NA,NA,NA,NA,NA,NA,NA,NA,NA,NA,-47.57,NA,NA,NA,-41.95,-36.45,-28.3,-22.3333,-12.1667,-1.7333,NA,NA,NA,NA,NA,NA
216,Boulder,ST,12,ST12,NA,NA,NA,NA,NA,NA,NA,NA,NA,NA,NA,NA,NA,-40.5,NA,NA,NA,-38.35,-24.7,-16.9,-7.7,0.3667,0.5666,NA,NA,NA,NA,NA,NA
217,Boulder,ST,13,ST13,19.4,NA,NA,NA,NA,NA,NA,NA,-1,-3,-12.4,NA,NA,-40.49,-39.8,-40.1,-41.91,-40.5,-30,-20.05,-10.9666,-8.5,-2.0333,NA,NA,NA,NA,NA,NA
218,Boulder,ST,14,ST14,22.01785714,NA,NA,NA,NA,-0.0938,-0.0355,-0.1293,0,1,4.1,0.03141,-10.7,10.6,10.6,10.55,10.795,8.5,-1.3,-7.7,-12.3,-8.7667,-1,NA,NA,NA,NA,NA,NA
219,Boulder,ST,15,ST15,NA,NA,NA,NA,NA,NA,NA,NA,NA,NA,NA,NA,NA,67.36,NA,NA,NA,66.9,59.85,43.2,22.9,8.1667,-0.4334,NA,NA,NA,NA,NA,NA
220,Boulder,ST,16,ST16,19.68666667,NA,NA,NA,NA,0.075,0.0281,0.1031,0,2,12.1,0.51587,-3.6775,2.9,0.9,1.25,2.54,5.55,7,4.55,1.0667,1.6333,2.3333,2.8,2.3,NA,NA,NA,NA
221,Boulder,ST,17,ST17,16.45,-0.29,-0.23,-1.6,0,-0.0382,0.0353,-0.0029,0,-2,-8.7,NA,NA,-37.81,-37.5,-44.9,-50.165,-38.8,-35.9,-30.05,-24.9,-12.5333,-3.3833,1.25,1.45,NA,NA,1.11349472,3.364
239,Boulder,WR,1,WR01,19.13125,NA,NA,NA,NA,-0.0016,0.0463,0.0836,0,-2,-4,0.115,1.535,5.2,-0.42,-4.8,-4.6,-9.525,-1.3667,-0.25,-3.5,-4.1666,-0.3,NA,NA,0.15,-0.3,NA,NA
240,Boulder,WR,2,WR02,15.63928571,-0.44,-0.52,-0.66,0,0,-0.03,-0.03,-1,0,0,NA,NA,-32.9,-36.28,-28,-25.8,-19.05,-13.4,-13.6,-14.3667,-11.9333,-4.45,NA,NA,NA,NA,-0.323905724,2.81
241,Boulder,WR,3,WR03,NA,NA,NA,NA,NA,NA,NA,NA,NA,NA,NA,NA,NA,-4,NA,NA,NA,NA,-4,-1.7,-1.6667,-1.4,-1.1,NA,NA,NA,NA,NA,NA
242,Boulder,WR,4,WR04,NA,NA,NA,NA,NA,NA,NA,NA,NA,NA,NA,NA,NA,-45.4,NA,NA,NA,NA,-44.5,-36.4,-22.4,-6.8,-1.4,NA,NA,NA,NA,NA,NA
243,Boulder,WR,5,WR05,NA,NA,NA,NA,NA,NA,NA,NA,NA,NA,NA,NA,NA,48.7,NA,NA,NA,NA,4.4333,1.85,1.6,1.3,0.5,NA,NA,NA,NA,NA,NA
244,Boulder,WR,6,WR06,19.89861111,0.51,-0.48,1.43,-0.0157,-0.0148,-0.0338,-0.0643,0,3,4.5,-0.30455,-0.51071,13.335,10.04,11.15,15.7,13.335,2.2333,-2.8,-3.5666,-2.9333,-2.25,6.05,1.35,NA,NA,-0.203624434,6.2834
245,Boulder,WR,7,WR07,17.45571429,1.58,-0.44,0.33,0,-0.1713,-0.0043,-0.1756,0,-13,-40.9,0.25568,1.38525,8.525,8.2,8.6,7.7,8.255,17.0333,8.55,-7,-12.6666,-5.1,0,1.35,NA,NA,0.229878307,7.7764
246,Boulder,WR,8,WR08,18.11111111,NA,NA,NA,NA,NA,NA,NA,-1,-4,-15.5,NA,NA,-59.075,-55.68,-58.85,-58.2,-60.96,-50.5334,-37.35,-24.7333,-12.9,-1.7,NA,NA,NA,NA,NA,NA
247,Boulder,WR,9,WR09,18.51833333,NA,NA,NA,NA,-0.162,-0.021,-0.183,0,-15,-76.8,-0.46111,0.17632,20.9,22.88,23,NA,23.495,23.5,13.3,1.0333,-0.5667,-0.45,NA,NA,0.85,-0.15,NA,NA
248,Boulder,WR,10,WR10,NA,NA,NA,NA,NA,NA,NA,NA,NA,NA,NA,NA,NA,-41.5,NA,NA,NA,NA,-1,-1,-1,-0.7333,-0.45,NA,NA,NA,NA,NA,NA
249,Boulder,WR,11,WR11,16.20625,1.17,0.65,1.77,0.0115,0.0459,-0.0066,0.0508,0,7,9.5,-0.13419,2.88466,9.1,7.68,9.4,6.1,9.525,10.5,6,-11.1666,-8.7667,-0.35,0,0.5,NA,NA,0.215430367,4.191
250,Boulder,WR,12,WR12,18.31875,0.12,0.25,1.24,0,0.0255,0.0604,0.0859,0,4,6.8,-0.39095,0.85017,3.3,3.36,3.1,2.2,3.81,12.6666,13,3.4,-1.6667,-1.6,0.05,0.25,NA,NA,-0.085558314,5.0103
251,Boulder,WR,13,WR13,12.975,NA,NA,NA,NA,NA,NA,NA,1,0,0,NA,NA,51.15,37.42,17.6,13.5,10.16,-0.7333,-1,-1.0667,-1.2,-0.35,NA,NA,NA,NA,NA,NA
252,Boulder,WR,14,WR14,18.26,0.35,-0.28,0.62,0.0278,-0.1181,0.0194,-0.0709,0,-13,-34.2,0.2227,-2.02857,7.1,8.3,7.35,5.6,6.985,1.1333,1.2,-1.3334,-2.7333,-1.05,1.55,1.55,NA,NA,-0.048576314,6.5209
253,Boulder,WR,15,WR15,NA,NA,NA,NA,NA,NA,NA,NA,NA,NA,NA,NA,NA,26.1,NA,NA,NA,NA,-0.1333,-0.4,-0.3333,0,0.15,NA,NA,NA,NA,NA,NA
254,Boulder,WR,16,WR16,16.775,5.74,1.83,5.4,-0.0133,0.7553,-0.0133,0.7287,0,39,150,0.02075,-8.42316,13.9,14.74,13.5,14.3,13.335,10.9334,14.75,4.4667,3.6334,-0.15,-0.6,-0.55,NA,NA,0.355097936,7.4133
255,Boulder,WR,17,WR17,16.73666667,1.52,0.49,2.15,0.0232,0.0687,-0.1649,-0.073,0,8,21.9,-0.52895,-3.18809,17,12.96,13.95,10.1,8.255,14.0667,9.85,1.7,4.5,2.65,1.7,-0.4,NA,NA,0.142900418,5.528
273,Boulder,RC,1,RC01,16.53571429,NA,NA,NA,NA,0.5599,0,0.5599,0,35,116,0.08285,7.72351,24.5,20,20.25,24.13,23.95,18.15,8,-2.9,-1.9333,0,4.29,4.7,NA,NA,NA,NA
274,Boulder,RC,2,RC02,20.07361111,0.55,0.57,1.77,0,0.0901,0.0634,0.1535,0,2,7.5,0.13031,9.58167,10.2,11.5,-0.55,3.175,4.6,2.6,2.35,-1.7667,-1.4333,1.8,1.1,3.85,NA,NA,-0.186373184,4.0275
275,Boulder,RC,3,RC03,19.3925,1.91,1.6,3.17,0,0.2473,0.0083,0.2556,0,10,32.2,0.08,7.90333,6.1,7.7,5.6,5.08,5.65,3.2,3.5,0.3334,-1.8,1.2,-0.8,0,NA,NA,0.064437927,4.4112
276,Boulder,RC,4,RC04,18.675,NA,NA,NA,NA,0.1183,0.016,0.1343,0,5,17.7,-0.07406,2.50774,-6.815,NA,NA,-8.89,-9,0.8,9.45,5.0333,2.2334,2.8,NA,NA,NA,NA,NA,NA
277,Boulder,RC,5,RC05,19.2625,2.51,1.24,3.2,0,0.1774,-0.0601,0.1173,0,14,39.1,-0.05312,-4.63694,7.9,4.8,6.55,7.62,7.55,6.7,7.05,4.8333,3.0333,3.7,1.1,0,NA,NA,0.113295199,6.1161
278,Boulder,RC,6,RC06,19.47321429,NA,NA,NA,NA,0.3042,0,0.3042,0,12,59.5,0.2225,-7.04127,4.6,3.2,4.2,5.08,7.45,9.15,5.45,-2.3,-2.5,-1.5,NA,NA,NA,NA,NA,NA
279,Boulder,RC,7,RC07,20.05625,0.49,0.47,0.52,0,-0.2081,0.0306,-0.1775,0,-9,-33.6,-0.13575,-7.2586,8.2,6.1,11.25,8.255,5,0.05,-2.25,-4.7333,-1.2667,1.1,3.6,1.7,NA,NA,0.198678235,5.5092
280,Boulder,RC,8,RC08,17.6547619,1.6,0.74,2.12,0,0.0871,-0.0597,0.0274,0,8,21.3,-0.27857,2.64375,4.3,4.6,7.05,1.905,3.85,3.85,2.3,2.3334,1.4334,1.4,-1.9,-1.45,NA,NA,0.223581418,3.5963
281,Boulder,RC,9,RC09,NA,NA,NA,NA,NA,NA,NA,NA,NA,NA,NA,NA,NA,18.9,NA,NA,NA,5.7,5.7,5.7,4.7334,3.6666,3.5,NA,NA,NA,NA,NA,NA
282,Boulder,RC,10,RC10,NA,NA,NA,NA,NA,NA,NA,NA,NA,NA,NA,NA,NA,-1.6,NA,NA,NA,1.3,1.1,-0.35,-1.8667,-2.6333,-2.2,NA,NA,NA,NA,NA,NA
283,Boulder,RC,11,RC11,20.02375,0.08,-0.25,0.61,0,-0.232,0.0515,-0.1805,0,-9,-26.3,0.18,-12.77857,7.7,8.6,8,8.255,7.7,6.05,5.2,10.6333,1.9333,0.6,4.9,3.3,NA,NA,-0.147415773,5.6002
284,Boulder,RC,12,RC12,20.54821429,-0.72,-0.46,-1.28,0,0.1435,0.08,0.2235,0,4,23.6,0.68,3.7375,2.345,NA,NA,3.175,0.7,-0.8,-0.85,3.3,1.3,0.5,NA,NA,0.05,0.9,-0.104641146,6.3289
285,Boulder,RC,13,RC13,20.56964286,0.59,-1.85,2.57,0,0.0616,-0.0063,0.0553,0,8,18,-0.66875,-2.35778,4.3,4.3,5.5,5.715,6.25,7.5,4.85,-7.3333,-6.9333,-8.8,NA,NA,0.22,0.1,-1.882883821,5.8067
286,Boulder,RC,14,RC14,18.85833333,0.4,-0.02,0.86,0,0.1033,-0.0125,0.0908,0,9,25.4,-0.63334,-3.23929,2.42,-2.5,0,5.08,6.75,7.85,12.65,14.5,9.0666,4.1,0.5,0.4,NA,NA,-0.092480759,5.9959
287,Boulder,RC,15,RC15,18.87666667,NA,NA,NA,NA,-0.1082,0.071,0.009,0,-6,-18.1,1.15,-3.83333,14.6,4.5,1.6,4.445,25.8,28.7,27.05,19.0666,11.0334,2.6,NA,NA,NA,NA,NA,NA
288,Boulder,RC,16,RC16,NA,NA,NA,NA,NA,NA,NA,NA,NA,NA,NA,NA,NA,3.7,NA,NA,NA,3.7,3.7,3.7,2.7334,1.7667,-1.5,NA,NA,NA,NA,NA,NA
289,Boulder,RC,17,RC17,NA,NA,NA,NA,NA,NA,NA,NA,NA,NA,NA,NA,NA,46.8,NA,NA,NA,29.3,24.8,21.05,14.5,6.1333,3.6,NA,NA,NA,NA,NA,NA
307,Boulder,RM,1,RM01,20.34375,NA,NA,NA,NA,-0.0818,0.1822,0.1747,0,-6,-22.9,-0.55893,2.2375,3.575,-2.92,-12.15,-14.6,-15.24,-16.1333,-2.35,1.7667,-1,-2.15,NA,NA,0.3,1.55,NA,NA
308,Boulder,RM,2,RM02,19.95,NA,NA,NA,NA,NA,NA,NA,1,14,56.6,NA,NA,73.2,NA,NA,NA,NA,62.1667,42.65,28.1667,12.3667,3.15,NA,NA,NA,NA,NA,NA
309,Boulder,RM,3,RM03,NA,NA,NA,NA,NA,NA,NA,NA,NA,NA,NA,NA,NA,3.5,NA,NA,NA,NA,2.9333,1.2,1.2333,1.5,1.6,NA,NA,NA,NA,NA,NA
310,Boulder,RM,4,RM04,20.76142857,NA,NA,NA,NA,-0.1102,0.0497,-0.0605,0,-12,-41.1,NA,NA,8.6,-7.96,-24.2,-24.6,-33.02,-56.9,-44.35,-35.3667,-15.8333,-2.85,NA,NA,0.45,1.1,NA,NA
311,Boulder,RM,5,RM05,NA,NA,NA,NA,NA,NA,NA,NA,NA,NA,NA,NA,NA,0.2,NA,NA,NA,NA,-0.2667,0.1,0.1,-0.0333,-0.15,NA,NA,NA,NA,NA,NA
312,Boulder,RM,6,RM06,NA,NA,NA,NA,NA,NA,NA,NA,NA,NA,NA,NA,NA,-45,NA,NA,NA,NA,-40.6,-26.05,-16.7333,-5.0667,0.95,NA,NA,NA,NA,NA,NA
313,Boulder,RM,7,RM07,20.5675,-0.68,-1.47,-2.42,0.0182,-0.151,0.0182,-0.1146,0,-13,-39.3,NA,NA,-14.1,-19.84,-33,-35.7,-37.465,-45.0333,-30.8,-21.5333,-9.5333,-2.8,1.85,0.95,NA,NA,-0.147832111,6.321
314,Boulder,RM,8,RM08,21.37875,0.2,-0.15,0.71,0,-0.0887,0.0598,-0.0289,0,-1,-8.1,-0.36047,-3.73971,12.9,15.78,12.9,13.3,13.97,-3.9,10.2,-1.1,-2.2,0.45,1.5,-0.2,NA,NA,-0.150245046,5.8264
315,Boulder,RM,9,RM09,20.67625,0.84,0.28,3.49,0.0694,-0.0274,0.1034,0.1454,0,-4,-14.7,0.32917,3.42714,9.35,9.18,10,8,11.43,7.5,1.9,-4.8333,-3.3,-3.45,-4,-1.1,NA,NA,-0.507991132,5.3079
316,Boulder,RM,10,RM10,NA,NA,NA,NA,NA,NA,NA,NA,NA,NA,NA,NA,NA,-55,NA,NA,NA,NA,-53.8,-40,-30.3,-12.9333,-2.3,NA,NA,NA,NA,NA,NA
317,Boulder,RM,11,RM11,NA,NA,NA,NA,NA,NA,NA,NA,NA,NA,NA,NA,NA,44,NA,NA,NA,NA,-0.6,-0.8,-1.1666,-0.9333,-0.6,NA,NA,NA,NA,NA,NA
318,Boulder,RM,12,RM12,NA,NA,NA,NA,NA,NA,NA,NA,NA,NA,NA,NA,NA,65.6,NA,NA,NA,NA,64.1,45.7,32.8667,16.5666,3.7,NA,NA,NA,NA,NA,NA
319,Boulder,RM,13,RM13,NA,NA,NA,NA,NA,NA,NA,NA,NA,NA,NA,NA,NA,-45.4,NA,NA,NA,NA,-33.5667,-27.7,-22.2667,-10.8667,-3.25,NA,NA,NA,NA,NA,NA
320,Boulder,RM,14,RM14,19.95277778,1.57,0.64,3.42,0,0.0341,0.13,0.1641,0,5,19.3,0.38846,-2.72333,-0.9,-1.48,-0.7,0.4,-0.635,8.0666,0.3,3.6333,1.2667,0.6,-1.25,-3.15,NA,NA,-0.288992501,6.4382
321,Boulder,RM,15,RM15,21.07916667,0.65,0.47,2.72,0,0.0607,0.0626,0.1233,0,3,10.4,-0.12159,3.29846,20,16.46,10.5,5.3,13.97,19.9334,9,2.7667,-0.3667,-3.35,0.15,-0.6,NA,NA,-0.230059135,4.653
322,Boulder,RM,16,RM16,21.96666667,0.91,0.89,3.47,-0.0204,0.1101,0.1162,0.2059,0,11,45.8,0.45,-0.63718,23.62,25.04,25.15,24.9,21.59,28.0666,11.1,-1.9666,-1.5666,-2.05,-2,0.35,NA,NA,-0.345501924,5.97
323,Boulder,RM,17,RM17,19.16,0.87,0.78,3.2,0,-0.0122,-0.0112,-0.0234,0,-3,-3.7,0.37333,-0.09566,8.99,8.98,8.55,8.9,8.89,6.7334,2.1,1.0333,-2.3333,0.05,-4.35,-4.35,NA,NA,-0.264631695,5.3259
341,N. Colorado,SGS,1,SGS01,19.295,NA,NA,NA,NA,-0.0481,0.0189,-0.0292,0,-2,-1.9,0.3028,-3.85,5.1,11.375,10.5,13.2,10.245,NA,3.6334,-10.75,-8.5333,-4.6333,NA,NA,0.05,0.35,NA,NA
342,N. Colorado,SGS,2,SGS02,18.02875,-1.05,-1.15,-4.13,-0.7934,-0.1984,-0.7934,-1.7852,0,-14,-45.2,NA,NA,-12.75,-19.3,-24.5,-29.2,-42.615,NA,-41.5334,-36.4,-17.2,-2.1667,5.5,2.17,NA,NA,0.864589333,9.8586
343,N. Colorado,SGS,3,SGS03,19.41166667,NA,NA,NA,NA,0.1963,-0.0563,0.14,0,8,31.6,0.51696,0.83793,0.6,5.05,6.4,7.5,6.925,NA,8.8667,7.4,10.8,2.6333,NA,NA,-0.25,0.25,NA,NA
344,N. Colorado,SGS,4,SGS04,19.6,-1.49,-1.09,-3.54,-0.3784,-0.1528,-0.3784,-0.9096,0,-14,-54.6,NA,NA,-20.65,-10.8833,-30.8,-48.1,-74.25,NA,-51.6667,-34.55,-14.6,-1.6,3.1,1.3,NA,NA,0.114164986,8.867
345,N. Colorado,SGS,5,SGS05,17.85166667,2.23,2.19,0.6,-0.2059,0.0715,-0.2059,-0.3403,0,11,39.3,-0.46,-3.135,-13.1,-13.7067,-12.9,-12.9,-11.26,NA,-3.1667,0.65,0.4667,1.1334,-1.63,-1.03,0.4,0.8,0.796130303,6.8197
346,N. Colorado,SGS,6,SGS06,19.02666667,NA,NA,NA,NA,-0.0388,0.0818,0.1248,0,-6,-14.9,NA,NA,-1.4,4.2667,-3.1,-9.9,-18.5425,NA,-21.3,-11.35,-6.0333,-1.2333,NA,NA,NA,NA,NA,NA
347,N. Colorado,SGS,7,SGS07,17.975,1.6,1.34,3.06,0.0615,0.1572,0.0615,0.2802,0,15,40.8,0.03957,0.73921,5.3,9.2166,8.9,4.5,7.2775,NA,1.6,-5.8,-2.1333,-0.7,1.4,-1.5,0.7,-0.1,0.022139002,8.4366
348,N. Colorado,SGS,8,SGS08,16.78666667,0.89,0.01,0.77,-0.1409,0.0034,-0.1409,-0.2784,0,3,7.1,-0.2075,-1.97143,13,8.6,-3.5,-3.9,-2.585,NA,-13.0334,-2.8,-2.5667,0,0.25,1.5,-0.35,-1.05,0.087298761,9.5647
349,N. Colorado,SGS,9,SGS09,19.825,0.83,0.57,-0.79,-0.1874,0.0011,-0.1874,-0.3737,0,2,0.8,-0.96667,-5.095,-5,-0.9334,9.2,-1,-4.265,NA,-10.3667,-17.55,-16.0667,-1.2333,2.12,1.11,-0.05,0.2,0.538751276,6.933
350,N. Colorado,SGS,10,SGS10,18.62222222,1.17,1.38,0.95,-0.3241,0.1493,-0.3241,-0.4989,0,12,39.3,0.16111,3.3725,-9.6,2.05,6.2,6.7,4.9875,NA,0.2666,1.75,5.1,3.6667,2.63,2.67,0.35,0.3,0.42489741,8.2275
351,N. Colorado,SGS,11,SGS11,NA,NA,NA,NA,NA,NA,NA,NA,NA,NA,NA,NA,NA,66.8,NA,NA,NA,NA,NA,4.5667,2,-0.8667,-0.4,NA,NA,NA,NA,NA,NA
352,N. Colorado,SGS,12,SGS12,18.68333333,NA,NA,NA,NA,0.2293,-0.2435,-0.0142,0,18,52,-0.05111,-0.38425,20,22.45,19.6,20.1,21.245,NA,15.5,3.95,4.3333,0.3333,NA,NA,NA,NA,NA,NA
353,N. Colorado,SGS,13,SGS13,19.11666666,NA,NA,NA,NA,-0.1612,0.2123,0.2634,0,-21,-72.2,-1.09692,-4.11428,-12.1,-17.4667,-21.2,-21.2,-14.485,NA,-22.5333,-19.1,-11.5667,-4.3334,NA,NA,NA,NA,NA,NA
354,N. Colorado,SGS,14,SGS14,18.08333334,NA,NA,NA,NA,0.1323,-0.2278,-0.0955,0,12,41.4,0.13186,-0.70179,15.2,23.275,24.6,20.2,20.61,NA,-3.9,-0.6,0.5,1,-0.75,-1.17,NA,NA,NA,NA
355,N. Colorado,SGS,15,SGS15,NA,NA,NA,NA,NA,NA,NA,NA,NA,NA,NA,NA,NA,-50.7,NA,NA,NA,NA,NA,-38.6667,-20.45,-11.2334,-0.8667,NA,NA,NA,NA,NA,NA
356,N. Colorado,SGS,16,SGS16,21.285,-0.65,-0.38,-2.73,-0.3023,-0.0953,-0.3023,-0.6999,0,-7,-21.8,NA,NA,-1.4,0.34,-8.3,-23,-29.5275,NA,-32.5333,-24.4,-14.9,-3.5,3.92,1.15,NA,NA,0.238311345,7.9367
357,N. Colorado,SGS,17,SGS17,20.33333333,NA,NA,NA,NA,-0.2176,0.21,0.2024,0,-14,-46.9,-0.14,-6.04091,6,5.75,5.4,6.6,5.59,NA,-9.7667,-9.8,-9.6333,-2.8,NA,NA,NA,NA,NA,NA
375,S. Colorado,CO,1,CO01,13.825,NA,NA,NA,NA,NA,NA,NA,1,21,73.5,NA,NA,79.495,NA,NA,NA,61.595,NA,NA,NA,NA,NA,NA,NA,NA,NA,NA,NA
376,S. Colorado,CO,2,CO02,16.46714286,1.3,0.13,0.34,-0.0321,0.0265,-0.0321,-0.0377,0,1,2.5,NA,NA,0.5,1.6,15.4,NA,22.225,NA,NA,NA,NA,NA,0.49,-0.32,NA,NA,0.518119686,3.3758
377,S. Colorado,CO,3,CO03,18.3125,NA,NA,NA,NA,NA,NA,NA,-1,-8,-25.7,NA,NA,-57.2,-54.64,-49.4,NA,-51.435,NA,NA,NA,NA,NA,NA,NA,NA,NA,NA,NA
378,S. Colorado,CO,4,CO04,19.0125,-1.47,-0.24,-2.43,-0.2656,-0.0309,-0.2656,-0.5621,0,-3,-7.8,NA,NA,-17.5,-12.28,-6,NA,0.635,NA,NA,NA,NA,NA,4.4,1.93,NA,NA,0.090746763,6.7207
379,S. Colorado,CO,5,CO05,17.08875,NA,NA,NA,NA,0.1476,0.1594,0.307,0,10,39.3,0.33125,9.18194,-1.8,-2.6333,2.95,NA,17.145,NA,NA,NA,NA,NA,0.9,0.8,-0.25,0.15,NA,NA
380,S. Colorado,CO,6,CO06,18.67,2.81,2.17,3.16,-0.2669,0.1433,-0.2669,-0.3905,0,21,51.6,0.04444,1.40733,10.5,9.18,10.45,NA,10.795,NA,NA,NA,NA,NA,1.03,0.95,0,0.25,0.375596676,9.0327
381,S. Colorado,CO,7,CO07,17.43333334,2.92,0.62,3.7,-0.0081,0.1294,-0.0081,0.1132,0,9,29.9,0.22834,3.10203,14.6,13.8,15.9,NA,5.715,NA,NA,NA,NA,NA,-2.03,-2.11,0.7,1,0.094406896,7.4329
382,S. Colorado,CO,8,CO08,18.81,NA,NA,NA,NA,-0.043,0,-0.043,0,-8,-21.9,-0.03096,1.99286,4.1,4.2,-2.7,NA,2.54,NA,NA,NA,NA,NA,NA,NA,NA,NA,NA,NA
383,S. Colorado,CO,9,CO09,20.39,NA,NA,NA,NA,-0.0164,0.1679,0.3194,0,2,3.7,-0.63333,-4.25238,2.3,-3.24,-10.2,NA,4.445,NA,NA,NA,NA,NA,NA,NA,0.65,1.45,NA,NA
384,S. Colorado,CO,10,CO10,18.85892857,NA,NA,NA,NA,-0.0144,0.0547,0.0403,0,2,11.2,0.29122,-3.57018,32.05,37.5667,23,NA,2.54,NA,NA,NA,NA,NA,2.24,0.99,0.5,0.95,NA,NA
385,S. Colorado,CO,11,CO11,18.38333333,NA,NA,NA,NA,0.0252,0.0819,0.189,0,6,18.3,-0.16667,-6.275,16.6,3.78,17.8,NA,1.905,NA,NA,NA,NA,NA,NA,NA,-0.1,0.1,NA,NA
386,S. Colorado,CO,12,CO12,17.99333333,NA,NA,NA,NA,0.1801,0.1898,0.3699,0,20,45.9,-0.22658,1.07976,15.97,19.9333,12.75,NA,6.985,NA,NA,NA,NA,NA,-1.22,-0.45,0.25,0.15,NA,NA
387,S. Colorado,CO,13,CO13,NA,NA,NA,NA,NA,NA,NA,NA,NA,NA,NA,NA,NA,-5.8,NA,9.5,NA,NA,NA,NA,NA,NA,NA,NA,NA,NA,NA,NA,NA
388,S. Colorado,CO,14,CO14,17.04,2.83,1.37,2.24,-0.216,0.0819,-0.216,-0.3501,0,8,29.6,NA,NA,-15,-17.58,-7.85,NA,29.845,NA,NA,NA,NA,NA,0.53,0.35,0,0.4,0.530767161,5.9806
389,S. Colorado,CO,15,CO15,17.90833333,NA,NA,NA,NA,-0.0382,0.4672,0.8962,0,-3,-3.7,0.75556,-2.45325,16.8,26.13,11.8,NA,13.97,NA,NA,NA,NA,NA,NA,NA,NA,NA,NA,NA
390,S. Colorado,CO,16,CO16,19.04166667,1.96,0.6,3.54,0.1586,0.0172,0.1586,0.3344,0,2,5.5,0.11587,0.53,21.5,24.5533,18.45,NA,12.7,NA,NA,NA,NA,NA,-0.33,-0.19,NA,NA,-0.066788688,7.5603
391,S. Colorado,CO,17,CO17,NA,NA,NA,NA,NA,NA,NA,NA,NA,NA,NA,NA,NA,0,NA,NA,NA,NA,NA,NA,NA,NA,NA,NA,NA,NA,NA,NA,NA
409,S. Dakota,BG,1,BG01,15.85833333,NA,NA,NA,NA,0.0586,0.2992,0.3578,0,7,9.6,-0.37,4.245,5.5,8.1667,5.95,NA,5.08,NA,NA,NA,NA,NA,-1.03,-0.58,0.2,2.6,NA,NA
410,S. Dakota,BG,2,BG02,15.775,NA,NA,NA,NA,0.0646,0.5476,1.1598,0,6,12.2,0.64444,6.78864,22.4,22.6267,20.75,NA,10.16,NA,NA,NA,NA,NA,NA,NA,0.05,0.1,NA,NA
411,S. Dakota,BG,3,BG03,19.53571429,0.03,0.03,-1.33,-0.272,0.0082,-0.272,-0.5358,0,1,2.8,0.33333,-1.87333,5.7,9.605,4.25,NA,-6.985,NA,NA,NA,NA,NA,3.45,2.1,0.05,0.7,0.35112726,8.4983
412,S. Dakota,BG,4,BG04,18.79125,NA,NA,NA,NA,0.0098,0,0.0098,0,4,0,-0.76884,-3.57115,-11.2,-16.56,-16.8,NA,-20.32,NA,NA,NA,NA,NA,NA,NA,NA,NA,NA,NA
413,S. Dakota,BG,5,BG05,19.01190476,-0.59,-1.14,-1.62,0.111,-0.0201,0.111,0.2019,0,-2,-3.8,0.26667,-1.86,12.5,11.62,-1.05,NA,1.27,NA,NA,NA,NA,NA,2.6,2.31,0.3,0.9,-0.263930374,6.3903
414,S. Dakota,BG,6,BG06,15.5025,NA,NA,NA,NA,0.1266,0.096,0.2226,0,17,35.4,-0.06053,-4.0619,20,19.6,19.55,NA,18.415,NA,NA,NA,NA,NA,-0.23,-0.01,0.5,0.25,NA,NA
415,S. Dakota,BG,7,BG07,NA,NA,NA,NA,NA,NA,NA,NA,NA,NA,NA,NA,NA,-46.5,NA,NA,NA,NA,NA,NA,NA,NA,NA,NA,NA,NA,NA,NA,NA
416,S. Dakota,BG,8,BG08,16.5575,0.73,0.99,1.03,0.0579,-0.0048,0.0579,0.111,0,1,4.1,0.27333,-1.94643,11.6,13.22,0.6,NA,-12.7,NA,NA,NA,NA,NA,1.7,2.25,0.6,0.8,0.223632656,5.6157
417,S. Dakota,BG,9,BG09,NA,NA,NA,NA,NA,NA,NA,NA,NA,NA,NA,NA,NA,-55,NA,NA,NA,NA,NA,NA,NA,NA,NA,NA,NA,NA,NA,NA,NA
418,S. Dakota,BG,10,BG10,18.71111111,NA,NA,NA,NA,0.2193,-0.069,0.1503,0,20,48.6,NA,NA,-6.1,3.2667,13.05,NA,6.35,NA,NA,NA,NA,NA,0.78,0.42,0.3,0.95,NA,NA
419,S. Dakota,BG,11,BG11,19.6875,NA,NA,NA,NA,NA,NA,NA,1,0,0,NA,NA,63.7,NA,NA,NA,NA,NA,NA,NA,NA,NA,NA,NA,NA,NA,NA,NA
420,S. Dakota,BG,12,BG12,20.46,NA,NA,NA,NA,-0.0376,-0.1095,-0.1471,0,-1,-7.3,-0.56111,-6.23,-12.6,-16.3333,-18.9,NA,-18.415,NA,NA,NA,NA,NA,0.05,-0.05,NA,NA,NA,NA
421,S. Dakota,BG,13,BG13,NA,NA,NA,NA,NA,NA,NA,NA,NA,NA,NA,NA,NA,43.3,NA,NA,NA,NA,NA,NA,NA,NA,NA,NA,NA,NA,NA,NA,NA
422,S. Dakota,BG,14,BG14,NA,NA,NA,NA,NA,NA,NA,NA,NA,NA,NA,NA,NA,6.8,NA,NA,NA,NA,NA,NA,NA,NA,NA,NA,NA,NA,NA,NA,NA
423,S. Dakota,BG,15,BG15,18.43194444,-0.02,-0.84,0.18,0,-0.0157,0,-0.0157,0,-5,-10.6,-0.11674,-2.51654,-1.6,-1.4917,-2.15,NA,-8.89,NA,NA,NA,NA,NA,1.66,1.32,NA,NA,-0.215954216,10.0138
424,S. Dakota,BG,16,BG16,NA,NA,NA,NA,NA,NA,NA,NA,NA,NA,NA,NA,NA,0,NA,NA,NA,NA,NA,NA,NA,NA,NA,NA,NA,NA,NA,NA,NA
425,S. Dakota,BG,17,BG17,14.785,NA,NA,NA,NA,-0.0039,0,-0.0039,0,-1,-1.4,0.08462,1.02524,0.9,-2.75,-4.8,NA,-3.175,NA,NA,NA,NA,NA,NA,NA,NA,NA,NA,NA
444,New Mexico,SEV,1,SEV01,18.95625,3.14,0.77,3.25,0.1598,0.0934,0.1598,0.413,0,3,16.8,0.32163,3.38444,23.4,21.4333,11.1,10.5,5.9,NA,-0.635,NA,NA,NA,NA,NA,1.35,2.95,0.207350157,7.5656
462,New Mexico,SEV,2,SEV02,18.865,NA,NA,NA,NA,-0.0444,-0.1237,-0.0444,0,0,-6.4,-0.53333,-4.33572,12.4,NA,13,11.85,8.3,NA,10.16,NA,NA,NA,NA,NA,NA,NA,NA,NA
463,New Mexico,SEV,3,SEV03,18.37,NA,NA,NA,NA,-0.0104,0.0412,0.072,0,-2,-4.7,0.22,3.73571,20.6,NA,18.7,21.1,16,NA,-4.445,NA,NA,NA,NA,NA,NA,NA,NA,NA
456,New Mexico,SEV,4,SEV04,20.08125,NA,NA,NA,NA,0.0187,0.0282,0.0469,0,1,2.5,-0.00972,-2.80273,11.1,10.3333,10.3,9.2,10.5,NA,3.81,NA,NA,NA,NA,NA,2.6,1.55,NA,NA
465,New Mexico,SEV,5,SEV05,18.20333333,0.99,0.9,5.28,0.1579,0.1889,0.1579,0.5047,0,24,69.2,-0.28,-0.28794,9.6,5.1333,9.6,8.2,5.2,NA,7.62,NA,NA,NA,NA,NA,NA,NA,-0.072291986,7.9504
464,New Mexico,SEV,6,SEV06,17.28333333,NA,NA,NA,NA,0.0237,-0.2513,-0.4789,0,3,13.6,0.53929,-0.53889,20.6,23.1667,18.6,18.8,11.6,NA,-1.27,NA,NA,NA,NA,NA,NA,NA,NA,NA
467,New Mexico,SEV,7,SEV07,NA,NA,NA,NA,NA,NA,NA,NA,NA,NA,NA,NA,NA,NA,NA,NA,NA,NA,NA,NA,NA,NA,NA,NA,NA,NA,NA,NA,NA
468,New Mexico,SEV,8,SEV08,17.72166667,1.03,0.19,2.23,0.1566,0.005,0.1566,0.3182,0,0,2.3,0.25556,-1.1,21.4,15.8,21.8,22,29.7,NA,5.715,NA,NA,NA,2.5,2.2,NA,NA,0.009525455,8.6779
469,New Mexico,SEV,9,SEV09,18.10833333,2.03,0.42,2.52,-0.1071,0.1443,-0.1071,-0.0699,0,9,32.6,0.28309,5.56316,19.2,14.5666,18.3,25.85,NA,NA,8.255,NA,NA,NA,1.8,-1.25,NA,NA,0.134386268,10.062
452,New Mexico,SEV,10,SEV10,19.10833333,NA,NA,NA,NA,-0.0358,-0.0111,-0.0469,0,0,1.3,0.1625,-4.22,11,16.6667,11.2,10.4,10.4,NA,0.635,NA,NA,NA,NA,NA,1,3.4,NA,NA
470,New Mexico,SEV,11,SEV11,18.40357143,NA,NA,NA,NA,0.0131,0.3904,0.7939,0,1,9.4,0.61889,-0.89318,7.3,NA,-0.3,-1.25,6.8,NA,5.08,NA,NA,NA,NA,NA,NA,NA,NA,NA
472,New Mexico,SEV,12,SEV12,16.54166666,NA,NA,NA,NA,0.07,0.3627,0.7954,0,4,17.4,0.58961,0.9875,9.5,NA,9.5,7.6,7.8,NA,13.97,NA,NA,NA,NA,NA,NA,NA,NA,NA
473,New Mexico,SEV,13,SEV13,15.8025,1.14,-0.16,0.62,-0.2406,-0.0253,-0.2406,-0.5065,0,-2,-5,0.22917,-0.04429,6.6,5.5667,6.6,6.6,5.4,NA,-6.985,NA,NA,NA,NA,NA,0.9,1.4,0.155660658,9.3064
454,New Mexico,SEV,14,SEV14,17.56666667,NA,NA,NA,NA,-0.062,-0.0045,-0.0665,0,-4,-10.1,0.00497,-1.74772,17.9,23.2667,22.7,17.95,9.6,NA,-3.175,NA,NA,NA,NA,NA,4,1.7,NA,NA
475,New Mexico,SEV,15,SEV15,17.43,-0.41,0.19,0.7,-0.0328,-0.0261,-0.0328,-0.0917,0,-6,-17.5,-0.01,1.325,5,5.0333,0.2,-6.95,-4.1,NA,5.715,NA,NA,NA,2.41,0.45,1.35,0.4,-0.082985124,9.6885
476,New Mexico,SEV,16,SEV16,20.2725,-0.06,0.23,-0.34,0.0825,-0.0141,0.0825,0.1509,0,-7,-19.6,0.59231,4.09333,11.7,9.2,11.7,6.6,-3.2,NA,0,NA,NA,NA,4.91,4.67,0,0.15,0.044181391,9.449
460,New Mexico,SEV,17,SEV17,17.525,0.03,-0.07,0.63,0.2312,-0.0248,0.2312,0.4376,0,-1,-8.4,-0.6619,-1.425,5.6,5.4667,5.6,6.3,14.2,NA,-7.62,NA,NA,NA,3.74,2.02,NA,NA,-0.125253126,8.1162
477,New Mexico,CIB,1,CI01,18.41,2.5,1.87,5.8,0.3821,0.257,0.3821,1.0212,0,12,65.6,0.40417,1.36538,9.4,9.6667,17.2,8.15,6,NA,6.35,NA,NA,NA,NA,NA,-2.65,-2.35,0.143345255,10.5371
478,New Mexico,CIB,2,CI02,16.7375,1.4,0.78,4.03,0.1254,0.2176,0.1254,0.4684,0,24,68.8,0.61538,5.45714,3.6,0.7334,2.1,2.85,11.9,NA,41.91,NA,NA,NA,NA,NA,0,-0.35,-0.043910456,8.3098
479,New Mexico,CIB,3,CI03,18.72125,2.07,0.12,2.12,-0.1257,-0.0157,-0.1257,-0.2671,0,1,6.9,0.52679,-2.86778,6.3,7.1333,11.6,13.9,8.1,NA,3.81,NA,NA,NA,NA,NA,-0.1,-0.3,0.245338475,6.0138
480,New Mexico,CIB,4,CI04,18.70892857,1.91,0.85,3.11,0.0102,0.0631,0.0102,0.0835,0,6,23.8,0.43297,2.36222,15.3,15.2667,8.9,8.1,8.4,NA,16.51,NA,NA,NA,NA,NA,2.4,2.4,0.190621606,7.64
481,New Mexico,CIB,5,CI05,19.46666666,0.64,0.01,2.56,-0.2882,-0.002,-0.2882,-0.5784,0,5,6.6,-0.25714,-1.84372,-4.1,-3.9333,9.8,8.1,5.9,NA,7.62,NA,NA,NA,-0.67,0.64,NA,NA,-0.032144568,9.701
482,New Mexico,CIB,6,CI06,19.26666667,NA,NA,NA,NA,0.0274,0.0365,0.2922,0,3,8.6,-0.14286,-3.83,6.5,3.3666,9.1,2.65,3.6,NA,1.905,NA,NA,NA,4.99,3.39,NA,NA,NA,NA
483,New Mexico,CIB,7,CI07,18.7875,NA,NA,NA,NA,0.0681,-0.0299,0.5523,0,3,17.4,0.61705,2.41538,9.4,9.5,13.2,15.7,13.8,NA,25.4,NA,NA,NA,2.4,3.27,NA,NA,NA,NA
484,New Mexico,CIB,8,CI08,17.99666667,2.9,1.03,5.48,-0.1342,0.2461,-0.22,-0.1081,0,14,41,0.06475,4.66428,8.2,5.7333,7.4,7.85,6,NA,7.62,NA,NA,NA,-0.08,-1.21,NA,NA,0.074539091,8.8913
485,New Mexico,CIB,9,CI09,19.81,0.65,0.59,1.6,-0.0778,-0.0749,-0.0778,-0.2305,0,-4,-13.4,0.48571,-3.43333,16.9,19.4667,16.9,9.9,5.1,NA,-19.685,NA,NA,NA,0.85,-0.99,NA,NA,0.080897177,9.2971
486,New Mexico,CIB,10,CI10,18.42142857,3.55,1.43,0.98,0.1363,0.0762,0.1363,0.3488,0,6,28.4,0.24885,2.00455,2.9,NA,2.4,3.5,3.7,NA,20.32,NA,NA,NA,NA,NA,NA,NA,0.619191647,8.3091
487,New Mexico,CIB,11,CI11,19.04166666,NA,NA,NA,NA,0.0553,-0.1286,0.0019,0,5,18.3,-0.08214,0.0375,23.6,17.0333,9.8,16.35,13.9,NA,-7.62,NA,NA,NA,NA,NA,2.7,2.05,NA,NA
488,New Mexico,CIB,12,CI12,18.78095238,0.65,-0.49,0.82,-0.0203,-0.0025,-0.0203,-0.0431,0,-2,-5,0.13651,1.43738,8.4,2.0334,8,5,6,NA,12.7,NA,NA,NA,NA,NA,2.8,0,-0.04585039,9.0054
489,New Mexico,CIB,13,CI13,19.78571429,1.68,0.88,4.49,0.7196,0.052,0.7196,1.4912,0,-1,15.7,1.05965,2.95857,12.1,14.4333,11,12.15,79,NA,5.08,NA,NA,NA,NA,NA,NA,NA,-0.084455091,8.1544
490,New Mexico,CIB,14,CI14,18.5125,NA,NA,NA,NA,0.0842,-0.0429,0.3013,0,14,33.1,-0.01475,-1.66786,-0.4,-3.9333,-5.1,-6.3,-0.7,NA,0.635,NA,NA,NA,NA,NA,1.05,0.3,NA,NA
491,New Mexico,CIB,15,CI15,18.55238096,-0.43,-0.3,-4.5,-0.3854,-0.0432,-0.3854,-0.814,0,-5,-24.3,-0.57917,-7.23,0.6,-1.8667,-3.9,-3.55,1,NA,-11.43,NA,NA,NA,NA,NA,NA,NA,0.299319144,9.9548
492,New Mexico,CIB,16,CI16,18.49333333,2.11,0.68,2.53,0.2676,0.0913,0.3223,0.6812,0,4,13.9,-0.06242,-0.32986,7.7,8.3,7.7,8.2,7.2,NA,6.985,NA,NA,NA,NA,NA,NA,NA,0.165039794,10.349
493,New Mexico,CIB,17,CI17,18.75416667,2.09,-0.59,2.71,0.038,0.0737,0.0019,0.1136,0,10,28,-0.42017,-0.63816,17.1,6.4,6.2,17.1,9.2,NA,1.905,NA,NA,NA,NA,NA,NA,NA,0.007949653,9.8667