pot,region,pop,trt,geno,lab,alt_lab1,alt_lab2,vwc_adj,group,biomass_belowground,biomass_rhizome,biomass_aboveground,flwr_mass_final,flwr_mass_1.2,flwr_mass_4,flwr_mass_lifetime,did_flwr,flwr_color,flwr_count_1.2,flwr_len_1.2,flwr_avg_ind_len,flwr_avg_ind_mass,max_height,ht.91-130,ht.80-90,ht.70-79,ht.49-69,ht.38-48,ht.30-37,ht.20-29,ht.10-19,ht.1-9,avg_predawn_mpa_expt,avg_midday_mpa_expt,avg_predawn_mpa_drydown,avg_midday_mpa_drydown
1,Boulder,A,ND,1,A01,A1ND,NDA1,28.8375,2,0.71,0.95,1.52,0,0.1566,0.0461,0.2027,1,green,12,35.5,2.95833,11.93571,54.61,51.5667,51.1,50.6,52.855,NA,41.5667,23.5,14.2667,6.2,-2.6,-1.8,NA,NA
2,Boulder,A,ND,2,A02,A2ND,NDA2,30.29,2,1.04,0.96,2.04,0,0,0.1053,0.1053,1,NA,0,0,NA,NA,76.6,76.1333,63.5,51.4,45.085,NA,22.6667,12.9,9.1,5.6,-2.5,-2.4,NA,NA
3,Boulder,A,ND,3,A03,A3ND,NDA3,32.95,2,no pot,no pot,no pot,no pot,NA,NA,NA,0,NA,0,0,NA,NA,8.5,NA,NA,NA,NA,NA,8.5,8.5,8.5,4.6667,NA,NA,NA,NA
4,Boulder,A,ND,4,A04,A4ND,NDA4,29.72,2,1.03,0.64,2.24,0.0132,0.0473,0.1079,0.1684,1,green,6,13.7,2.28333,6.1125,61.3,52.9,37.4,37.5,36.8475,NA,30.9333,15.75,8.5667,4.5667,-5.45,-5.85,NA,NA
5,Boulder,A,ND,5,A05,A5ND,NDA5,29.13,2,1.07,0.7,2.73,0,0.0052,0.0935,0.0987,1,green,4,5.8,1.45,1.4,64,62.3833,57.1,56.6,46.3875,NA,19.0333,7.55,6.8333,5.4,NA,NA,NA,NA
6,Boulder,A,ND,6,A06,A6ND,NDA6,28.35,2,1.7,1.47,3.35,0,0.3391,0,0.3391,1,green,18,57.6,3.2,18.885,71.8,71.2167,69.6,70.1,69.29,NA,63.6667,39.3,27.6,9.8333,NA,NA,-0.2,-1.25
7,Boulder,A,ND,7,A07,A7ND,NDA7,30.01666667,2,0.9,0.9,2.36,0.0167,0.0633,0.1404,0.2204,1,green,4,11.2,2.8,14.84,69.4,62.15,69.4,60.2,53.34,NA,30.2333,17.5,9.5,6,-2.5,-2.55,NA,NA
8,Boulder,A,ND,8,A08,A8ND,NDA8,30.4,2,no pot,no pot,no pot,no pot,NA,NA,NA,0,NA,0,0,NA,NA,9.3,NA,NA,NA,NA,NA,9.3,9.3,9.2667,7.5667,NA,NA,NA,NA
9,Boulder,A,ND,9,A09,A9ND,NDA9,29.46,2,0.22,0.59,0.75,0,0,0.0634,0.0634,1,NA,0,0,NA,NA,70.8,63.7667,31.8,29.9,20.72,NA,7.1,7.1,6.3667,5.6333,NA,NA,NA,NA
10,Boulder,A,ND,10,A10,A10ND,NDA10,30.42,2,0.62,0.7,1.31,0,0.0182,0.1667,0.1849,1,green,2,5.1,2.55,4.55,63,52.45,38.5,31.1,29.32,NA,27.6333,16.5,11.4,5.2333,-1.3,-2.05,NA,NA
11,Boulder,A,ND,11,A11,A11ND,NDA11,27.1,2,no pot,no pot,no pot,no pot,NA,NA,NA,0,NA,0,0,NA,NA,12.6,NA,NA,NA,NA,NA,12.6,12.6,12.6,10.9,NA,NA,NA,NA
12,Boulder,A,ND,12,A12,A12ND,NDA12,30.73,2,0.57,0.82,1.72,0.0299,0.0253,0.0675,0.1227,1,green,2,5.1,2.55,8.7,52.6,48.65,39,36.3,33.7075,NA,20.4667,14,7.7,5.9333,-0.6,-2.05,NA,NA
13,Boulder,A,ND,13,A13,A13ND,NDA13,29.85,2,0.58,1.02,1.64,0,0.0275,0.0569,0.0844,1,green,1,4.6,4.6,13.75,78.5,70.4833,57.5,49.2,49.365,NA,36.8,24.75,19.0333,9.2,-2.3,-2.4,NA,NA
14,Boulder,A,ND,14,A14,A14ND,NDA14,33,2,no pot,no pot,no pot,no pot,NA,NA,NA,0,NA,0,0,NA,NA,6.2,NA,NA,NA,NA,NA,6.2,6.2,6.2,5.8333,NA,NA,NA,NA
15,Boulder,A,ND,15,A15,A15ND,NDA15,31.1,2,1.09,1.29,2.36,0,0.0722,0,0.0722,1,green,8,21.9,2.7375,7.24,58.6,58.2833,54.4,58.1,58.21,NA,44.4667,23.8,15.8333,7.3,-1.8,-2.3,NA,NA
16,Boulder,A,ND,16,A16,A16ND,NDA16,31.23333333,2,1.21,1.65,2.32,0,0.0807,0.0381,0.1188,1,green,8,26.6,3.325,7.88,59.1,56.1333,45.4,47.1,47.045,NA,38.3667,25.85,18.9667,9.1,-2.4,-3.05,NA,NA
17,Boulder,A,ND,17,A17,A17ND,NDA17,31.28333333,2,0.35,0.95,1.16,0,0.0057,0.135,0.1407,1,green,1,3.5,3.5,2.85,63,59.3,41,38.1,37.7825,NA,13.2,7.45,6.9333,5.9667,NA,NA,NA,NA
18,Boulder,A,D,1,A01,A1D,DA1,9.785714286,1,0.04,0.41,0.38,0,0,0,0,0,NA,0,0,NA,NA,43.6,31.85,22,20.6,10.2925,NA,23.5333,11.5,11.5,7.5333,NA,NA,NA,NA
19,Boulder,A,D,2,A02,A2D,DA2,11.01428571,1,0.13,0.72,0.66,0,0,0,0,0,NA,0,0,NA,NA,45.4,33.9333,20.4,20.1,17.67,NA,9.3,8.8,8.0667,5.3333,-0.3,-2.3,NA,NA
20,Boulder,A,D,3,A03,A3D,DA3,11.8,1,no pot,no pot,no pot,no pot,NA,NA,NA,0,NA,0,0,NA,NA,5.9,NA,NA,NA,NA,NA,4.8,4.8,4.8,5.9,NA,NA,NA,NA
21,Boulder,A,D,4,A04,A4D,DA4,8.494444444,1,0.55,0.59,2.17,0,0.0706,0.1312,0.2018,1,green,7,17.3,2.47143,10.65714,48.8,47.0167,44.8,44.6,43.89,NA,28.5,17.5,11.1333,4.7,-2.3,-4.45,NA,NA
22,Boulder,A,D,5,A05,A5D,DA5,12.55,1,no pot,no pot,no pot,no pot,NA,NA,NA,0,NA,0,0,NA,NA,6.5,NA,NA,NA,NA,NA,6.5,6.5,6.4,5.8,NA,NA,NA,NA
23,Boulder,A,D,6,A06,A6D,DA6,8.575,1,tr,tr,tr,tr,0.086,0,0.086,1,green,5,14.8,2.96,17.6,65.6,65.2667,64.4,65.1,62.83,NA,32.5667,15.45,11.2333,6.3333,NA,NA,-0.2,-0.55
24,Boulder,A,D,7,A07,A7D,DA7,8.583333333,1,0.48,1.04,2.44,0.0232,0.0728,0.1523,0.2483,1,green,6,19.5,3.25,9.8125,59.9,59.1,58.4,58.4,58.41,NA,42.8333,30.65,18.9333,7.9,-6.5,-5.35,NA,NA
25,Boulder,A,D,8,A08,A8D,DA8,9.95,1,tr,tr,tr,tr,0.0198,0,0.0198,1,green,2,4,2,4.13333,51.6,48.6667,44.5,44.3,37.0725,NA,20.6667,13.3,10.6,7.3667,NA,NA,NA,NA
26,Boulder,A,D,9,A09,A9D,DA9,10.45,1,no pot,no pot,no pot,no pot,NA,NA,NA,0,NA,0,0,NA,NA,6.5,NA,NA,NA,NA,NA,6.5,6.5,6.3667,6.0667,NA,NA,NA,NA
27,Boulder,A,D,10,A10,A10D,DA10,9.521428571,1,0.12,0.25,0.3,0,0,0.0725,0.0725,1,NA,0,0,NA,NA,46.9,42.3667,32.4,20.3,12.48,NA,5.6,5.35,5.1,4.7667,-1.3,-2.25,NA,NA
28,Boulder,A,D,11,A11,A11D,DA11,10.6,1,no pot,no pot,no pot,no pot,NA,NA,NA,0,NA,0,0,NA,NA,6.4,NA,NA,NA,NA,NA,6.2,6.2,6.2,6.3,NA,NA,NA,NA
29,Boulder,A,D,12,A12,A12D,DA12,9.327777778,1,0.34,0.58,1.29,0,0.0299,0.1179,0.1478,1,green,2,6.8,3.4,10.93333,48.5,44.3667,32.1,32.1,31.925,NA,29.7333,22.65,15.1333,6.0333,-1.55,-2.1,NA,NA
30,Boulder,A,D,13,A13,A13D,DA13,8.235,1,tr,tr,tr,tr,0.0373,0,0.0373,1,green,4,10.2,2.55,7.06667,50.5,48.6667,50.5,49.5,49.1975,NA,38.4,23.85,18.6,9.7,NA,NA,-0.2,-0.45
31,Boulder,A,D,14,A14,A14D,DA14,10.5,1,no pot,no pot,no pot,no pot,NA,NA,NA,0,NA,0,0,NA,NA,8.3,NA,NA,NA,NA,NA,8.3,8.3,8.3,6.3667,NA,NA,NA,NA
32,Boulder,A,D,15,A15,A15D,DA15,8.21,1,tr,tr,tr,tr,0.0808,0,0.0808,1,green,8,19.5,2.4375,8.46,53.1,52.7333,53.1,53.1,50.965,NA,38.7,20.7,15.1,7.4333,NA,NA,-0.3,-0.6
33,Boulder,A,D,16,A16,A16D,DA16,10.75,1,no pot,no pot,no pot,no pot,NA,NA,NA,0,NA,0,0,NA,NA,7.6,NA,NA,NA,NA,NA,7.6,7.6,7.6,6.3,NA,NA,NA,NA
34,Boulder,A,D,17,A17,A17D,DA17,8.9,1,no pot,no pot,no pot,no pot,NA,NA,NA,0,NA,0,0,NA,NA,8.1,NA,NA,NA,NA,NA,8.1,8.1,8.1,5.8667,NA,NA,NA,NA
35,Boulder,K,ND,1,K01,K1ND,NDK1,29.3125,16,1.84,2.01,3.58,0,0.3159,0,0.3159,1,green,27,82.1,3.04074,11.78621,50.2,46.1167,49.4,49.2,49.115,NA,34.4333,25.6,18.9333,9.1,-6.5,-6.5,-0.5,-1.6
36,Boulder,K,ND,2,K02,K2ND,NDK2,30.5,16,1.27,2.02,3.21,0.0767,0.1994,0.0767,0.3528,1,green,15,50,3.33333,12.6875,53.3,52.6833,52,53.1,52.185,NA,39.9,28.7,19.3333,10.15,-2.4,-3.3,-0.3,-1.4
37,Boulder,K,ND,3,K03,K3ND,NDK3,29.825,16,1.74,1.68,3.83,0,0.1791,0,0.1791,1,green,18,44,2.44444,7.515,60.5,60.2,60.3,59.4,58.5925,NA,39.8,34.35,22,9.65,-4.35,-7,NA,NA
38,Boulder,K,ND,4,K04,K4ND,NDK4,30.8125,16,0.47,1.8,1.14,0,0.0405,0,0.0405,1,green,2,7,3.5,13.8,56.9,47.3833,55.5,55.4,54.955,NA,44.1333,35.2,21.7,7.45,-0.55,-1.8,-0.45,-2.1
39,Boulder,K,ND,5,K05,K5ND,NDK5,31.15,16,0.95,2.1,2.1,0.0787,0.1276,0.0787,0.285,1,green,11,30.4,2.76364,12.39231,54.9,51.15,50.3,54.9,51.8825,NA,35.9,22.45,19.8667,8.9,-0.5,-1.45,NA,NA
40,Boulder,K,ND,6,K06,K6ND,NDK6,29.6,16,1.54,2.08,3.11,0,0.1471,0,0.1471,1,green,11,40.8,3.70909,11.33333,55.8,55,55.1,55,54.2375,NA,43.8333,26.85,19.3,8.85,NA,NA,-0.55,-1.6
41,Boulder,K,ND,7,K07,K7ND,NDK7,30.93,16,1.19,1.72,2.74,0.1515,0.082,0.1515,0.385,1,green,6,20.5,3.41667,11.38571,71.9,70.75,67.2,67.3,66.37,NA,43.8,27.45,17.5333,8.25,NA,NA,NA,NA
42,Boulder,K,ND,8,K08,K8ND,NDK8,30.16666667,16,1.14,1.85,2.48,0.1496,0.1752,0.1496,0.4744,1,green,6,23.4,3.34286,11.12222,59.8,59.8,59.8,59.8,58.76,NA,44.6333,30.7,19.6,9.25,-3.55,-3.05,-0.25,-0.85
43,Boulder,K,ND,9,K09,K9ND,NDK9,28.73333333,16,2.17,2.92,5.24,0,0.5516,0,0.5516,1,purple,34,110.9,3.16857,15.49189,66.8,64.6167,65.9,65,65.15,NA,48.9,35.7,25.4333,8.85,NA,NA,NA,NA
44,Boulder,K,ND,10,K10,K10ND,NDK10,28.7875,16,1.6,1.76,3.02,0.0117,0.2349,0.0117,0.2583,1,purple,18,49.1,2.72778,10.965,60.9,60.5667,60.9,60.9,60.5625,NA,42.4667,28,19.6667,9.45,NA,NA,-1.6,-1.4
45,Boulder,K,ND,11,K11,K11ND,NDK11,30.6,16,1.05,1.93,4.2,0.0288,0.2635,0.0288,0.3211,1,green,9,32.1,3.56667,30.28,63.7,63.2333,63.7,63,58.505,NA,33.1,19.9,12.8,5.55,NA,NA,NA,NA
46,Boulder,K,ND,12,K12,K12ND,NDK12,30.825,16,1.33,1.75,2.68,0,0.088,0,0.088,1,green,9,27.8,3.08889,7.41818,55,53.2,54.9,54.7,53.8525,NA,36.6667,21.55,14.8667,5.6,-1.7,-2,-0.35,-1.5
47,Boulder,K,ND,13,K13,K13ND,NDK13,28.53333333,16,0.76,1.32,1.66,0,0.1558,0,0.1558,1,green,14,30.8,2.2,10.40625,44.45,42.9833,42.6,42.2,43.275,NA,33.5,24.7,20.2333,9.5,NA,NA,NA,NA
48,Boulder,K,ND,14,K14,K14ND,NDK14,29.88,16,1.06,1.48,2.12,0,0.0546,0,0.0546,1,green,4,10.5,2.625,13.86,60.9,60.0833,60.5,59.1,53.68,NA,32.6,21.6,13.3667,5.95,NA,NA,NA,NA
49,Boulder,K,ND,15,K15,K15ND,NDK15,27.525,16,1.66,2.69,3.77,0,0.082,0,0.082,1,green,11,33,3,11.13846,65.9,64.1,64.2,65.3,63.215,NA,51.2,37.9,27.2333,11.2,NA,NA,NA,NA
50,Boulder,K,ND,16,K16,K16ND,NDK16,29.08333333,16,1.14,2.5,4.39,0,0.1285,0,0.1285,1,green,13,41.7,3.20769,9.15333,86.9,84.8167,85.8,85.8,84.81,NA,43.8333,27.2,17,7.15,NA,NA,NA,NA
51,Boulder,K,ND,17,K17,K17ND,NDK17,29.1,16,1.95,1.97,4.29,0,0.2875,0,0.2875,1,green,18,48.1,2.67222,18.27,83,82.6333,82.4,81.9,79.87,NA,54.6667,37,25.5333,11.7,NA,NA,NA,NA
52,Boulder,K,D,1,K01,K1D,DK1,7.94375,15,1.23,1.97,2.22,0,0.0538,0,0.0538,1,green,7,26.7,3.81429,6,48.2,42.5333,44.6,45.9,46.96,NA,33.5333,26,19.3333,7.2,-6,-6.5,-1.15,-2.1
53,Boulder,K,D,2,K02,K2D,DK2,8.835714286,15,0.72,1.17,2.04,0,0.1427,0,0.1427,1,green,11,35.6,3.23636,10.19231,52.1,51.9333,51.9,52.1,51.45,NA,38.2667,31,21.9,10.3,-3,-6.5,-0.6,-1.75
54,Boulder,K,D,3,K03,K3D,DK3,10.9375,15,0.75,0.95,3.32,0.0192,0.0511,0.0192,0.0895,1,green,7,18.1,2.58571,5.4125,56,55.7167,55.3,56,47.87,NA,36.5,28.8,19.5667,9.15,-2.55,-2.55,NA,NA
55,Boulder,K,D,4,K04,K4D,DK4,8.385714286,15,0.74,1.52,2.8,0.0146,0.1593,0.0146,0.1885,1,green,14,36.9,2.63571,9.16875,53.4,46.5,49.1,53.4,53.17,NA,40.7333,31.25,20.3333,9.8,-2.55,-3.55,-0.5,-2.15
56,Boulder,K,D,5,K05,K5D,DK5,8.592857143,15,0.66,1.65,2.29,0,0.1869,0,0.1869,1,green,15,44,2.93333,11.4375,50.1,50.05,49.8,50,49.665,NA,38.2,25.6,18.5,7.95,-2.4,-2.25,NA,NA
57,Boulder,K,D,6,K06,K6D,DK6,8.757142857,15,tr,tr,tr,tr,0.1424,0,0.1424,1,green,9,34,3.77778,14.66,70.485,70.1,59.3,69.2,69.8425,NA,47.3667,33.6,27.3667,10.6,NA,NA,-0.45,-1.45
58,Boulder,K,D,7,K07,K7D,DK7,12.1,15,0.68,1.4,2.92,0.2475,0.0672,0.2475,0.5622,1,green,4,15.5,3.875,13.82,80.4,71.3333,64.5,64.5,64.3175,NA,39.5667,24.65,18.1,9.5,NA,NA,NA,NA
59,Boulder,K,D,8,K08,K8D,DK8,7.98,15,1.02,2.11,2.88,0.0507,0.2384,0.0507,0.3398,1,green,13,45.7,3.51538,15.36,58.4,58.0333,57.5,58,57.075,NA,38.7333,28.5,17.8667,7.1,-6.5,-4.75,-0.75,-2.5
60,Boulder,K,D,9,K09,K9D,DK9,6.866666667,15,1.02,2.73,3.34,0,0.2732,0,0.2732,1,green,15,44.4,3.17143,18.50667,55,52.3167,54.3,54.7,52.7,NA,40.0333,33.95,23.9333,9.7,NA,NA,NA,NA
61,Boulder,K,D,10,K10,K10D,DK10,7.55625,15,0.79,1.3,2.22,0.0457,0.0355,0.0457,0.1269,1,green,3,6.9,2.3,9.7,40.64,29.1833,32.3,38,39.07,NA,31.5667,25.7,16.2,7.35,NA,NA,-1.2,-1.75
62,Boulder,K,D,11,K11,K11D,DK11,10.3,15,0.28,0.63,1.8,0.1812,0.0421,0.1812,0.4045,1,green,2,9,4.5,13.76667,69.9,55.4833,25.2,54.6,51.38,NA,30.0333,22.5,16.3,8.4,NA,NA,NA,NA
63,Boulder,K,D,12,K12,K12D,DK12,7.2,15,1.37,1.95,3.47,0,0.16,0,0.16,1,green,14,47.3,3.37857,9.21875,53.4,52.6,52.7,52.5,52.6025,NA,41.8667,28.95,20.3667,7.05,-3.75,-4,-0.7,-1.75
64,Boulder,K,D,13,K13,K13D,DK13,8.058333333,15,tr,tr,tr,tr,0.1083,0,0.1083,1,green,12,26.4,2.2,7.31538,45.4,41.2,38.5,37.8,37.95,NA,27.1,24,18.2333,8.4,NA,NA,NA,NA
65,Boulder,K,D,14,K14,K14D,DK14,8.191666667,15,tr,tr,tr,tr,0.0394,0,0.0394,1,green,4,11.3,2.825,7.26,47.4,45.8667,46.9,46.9,46.26,NA,30.0667,20.9,15.3333,7.05,NA,NA,NA,NA
66,Boulder,K,D,15,K15,K15D,DK15,6.95,15,1.18,1.85,3.24,0,0.1768,0,0.1768,1,green,15,56.4,3.76,12.70588,47.3,45.05,45.1,45.3,45.51,NA,41.1,39.65,28.6667,11.75,NA,NA,NA,NA
67,Boulder,K,D,16,K16,K16D,DK16,9.3,15,tr,tr,tr,tr,0.0404,0,0.0404,1,green,6,17.8,2.96667,5.1,73.5,73.3,72.2,73.2,71.175,NA,31.4667,22.15,13.7,5.9,NA,NA,NA,NA
68,Boulder,K,D,17,K17,K17D,DK17,6.94,15,0.93,1.9,4.38,0.1039,0.3323,0.1039,0.5401,1,green,19,58,2.9,15.81818,70.1,69.5333,68.6,68.9,68.4225,NA,54.2333,39.25,24,10.5,NA,NA,NA,NA
69,Boulder,W,ND,1,W01,W1ND,NDW1,26.125,28,2.62,2.49,4.54,0,0.2692,0.042,0.3112,1,green,11,48.4,4.4,31.89231,73,72.66,72.65,71,72.39,50.4667,35.95,32.9,19.2333,8.8,-6.5,-2.95,NA,NA
70,Boulder,W,ND,2,W02,W2ND,NDW2,28.2875,28,0.54,1.24,1.92,0,0.0196,0.136,0.1556,1,green,2,6.7,3.35,7.16667,53.3,45.18,36.8,39.4,40.005,32,17.45,13,7.8667,4.3,NA,NA,NA,NA
71,Boulder,W,ND,3,W03,W3ND,NDW3,27.38,28,1.61,1.75,4.01,0,0.2466,0,0.2466,1,green,11,46.9,4.26364,23.87692,79.5,78.66,78.9,77.6,74.93,74.3,52.6,36.1,24.1667,9.7,-5,-5.1,NA,NA
72,Boulder,W,ND,4,W04,W4ND,NDW4,28.54,28,2.07,1.95,4.57,0,0.3003,0,0.3003,1,green,17,52.8,3.10588,17.76842,84.6,83.68,83.8,81.4,83.185,59.1333,45.5,31.7,15.5,6.15,NA,NA,-0.19,-1.84
73,Boulder,W,ND,5,W05,W5ND,NDW5,NA,28,no pot,no pot,no pot,no pot,NA,NA,NA,NA,NA,NA,NA,NA,NA,9.3,NA,NA,NA,NA,9.1,8.5,7.0333,4.4333,3.35,NA,NA,NA,NA
74,Boulder,W,ND,6,W06,W6ND,NDW6,27.21,28,1.78,2.22,4.68,0,0.1117,0,0.1117,1,green,8,24.4,3.05,11.61,66.4,66.04,65.5,64.2,66.04,49.1,31.95,21.2667,9.8333,4.8,-3.55,-7,NA,NA
75,Boulder,W,ND,7,W07,W7ND,NDW7,28.15,28,0.98,1.79,3.72,0,0.2266,0.1912,0.4178,1,green,12,34,2.83333,17.38571,65.5,60.84,62.6,52.6,56.515,40.8333,36.75,23.1333,11.6333,6.2,NA,NA,-0.22,-1.5
76,Boulder,W,ND,8,W08,W8ND,NDW8,27.8,28,2.02,1.64,4.68,0,0.157,0,0.157,1,green,5,18.4,3.68,26.53333,63.9,60,61.65,58.8,57.15,43.7667,31.2,19.4,9.6333,5.65,NA,NA,NA,NA
77,Boulder,W,ND,9,W09,W9ND,NDW9,28.425,28,1.38,1.66,4.11,0,0.0785,0.1436,0.2221,1,green,6,22.8,3.8,10.94286,79,78.3,78.15,75.6,74.295,54.9667,34.7,27.5667,17.0333,6.7,-6.1,-6.1,NA,NA
78,Boulder,W,ND,10,W10,W10ND,NDW10,26.4,28,2.04,2.98,4.17,0,0.1921,0.0273,0.2194,1,green,12,46.1,3.84167,26.70714,73.3,72.88,72.9,72,73.025,60.4,47.25,38.1,21.5667,7.35,-4,-5.05,NA,NA
79,Boulder,W,ND,11,W11,W11ND,NDW11,NA,28,no pot,no pot,no pot,no pot,NA,NA,NA,NA,NA,NA,NA,NA,NA,7.4,NA,NA,NA,NA,7.4,7.4,7.2,6.3,5.25,NA,NA,NA,NA
80,Boulder,W,ND,12,W12,W12ND,NDW12,28.29,28,1.4,1.67,3.65,0,0.1246,0,0.1246,1,green,9,28.4,3.15556,17.94545,74.7,65.8,70.2,69.1,69.85,55.1667,41.5,32.5333,13,5.35,-1.9,-2.9,NA,NA
81,Boulder,W,ND,13,W13,W13ND,NDW13,28.3375,28,0.55,0.89,2.1,0,0,0.0578,0.0578,1,NA,0,0,NA,NA,70.5,59.46,41.05,33.7,29.845,9.6333,8.35,8.4333,7.9,6.4,NA,NA,NA,NA
82,Boulder,W,ND,14,W14,W14ND,NDW14,27.875,28,2.01,3.05,4.68,0,0.4219,0,0.4219,1,green,20,73.2,3.85263,26.35714,73.8,72.52,71.85,71.8,72.39,57.0333,38.75,36.0333,25.5,9.8,-4.95,-3.7,NA,NA
83,Boulder,W,ND,15,W15,W15ND,NDW15,28.6125,28,1.21,1.95,4.49,0,0.1088,0.0608,0.1696,1,green,11,32.2,2.92727,10.90769,67.5,63.56,63.15,62.5,62.865,53.1667,31.25,18.6667,7.6,3.25,NA,NA,NA,NA
84,Boulder,W,ND,16,W16,W16ND,NDW16,29.3,28,0.2,0.65,0.85,0,0,0.0836,0.0836,1,NA,0,0,NA,NA,65.1,49.38,26.05,16.9,11.43,7.4667,6.8,5.1667,4.8,3.8,NA,NA,NA,NA
85,Boulder,W,ND,17,W17,W17ND,NDW17,NA,28,no pot,no pot,no pot,no pot,NA,NA,NA,0,NA,0,0,NA,NA,NA,NA,NA,NA,NA,NA,NA,NA,NA,NA,NA,NA,NA,NA
86,Boulder,W,D,1,W01,W1D,DW1,11.69375,27,0.27,0.68,1.26,0,0,0.0393,0.0393,1,NA,0,0,NA,NA,53,44.02,33.5,34.2,25.4,6.5667,6.1,5.9,5.1,4.05,-0.5,-1.6,NA,NA
87,Boulder,W,D,2,W02,W2D,DW2,7.95,27,no pot,no pot,no pot,no pot,NA,NA,NA,0,NA,0,0,NA,NA,6.6,NA,NA,NA,NA,6.4,5.5,5.0667,5,3.9,NA,NA,NA,NA
88,Boulder,W,D,3,W03,W3D,DW3,7.88125,27,1.28,3.04,4.05,0,0.1934,0,0.1934,1,green,12,45.2,3.76667,18.45,52.3,51.72,50.85,49.2,50.8,44.3,36.85,30.4333,18.4,8.25,-4.5,-4.5,NA,NA
89,Boulder,W,D,4,W04,W4D,DW4,10.55625,27,0.84,0.99,2.56,0,0.0184,0.0215,0.0399,1,green,2,6.4,3.2,9.83333,56.5,52.3,50.2,50.2,50.8,31.6667,18.3,10.6667,6.9,4.2,NA,NA,-0.22,-1.48
90,Boulder,W,D,5,W05,W5D,DW5,8.4125,27,0.23,tr,tr,tr,0.2618,0.0654,0.3272,1,green,17,54.7,3.21765,21.32632,57.6,55.12,53.95,53.4,54.61,51.7333,32.6,25.6333,14.6,5.45,NA,NA,NA,NA
91,Boulder,W,D,6,W06,W6D,DW6,10.35,27,0.23,1.9,2.21,0,0.0452,0.1398,0.185,1,green,1,3.4,3.4,22.6,57.7,47.64,41.05,40.3,40.64,22.3333,17.8,16.2,10.8333,5.25,-1.5,-1.7,NA,NA
92,Boulder,W,D,7,W07,W7D,DW7,8.735714286,27,0.75,2.06,3.17,0,0.1671,0.0678,0.2349,1,green,7,23.2,3.31429,29.4875,57.2,54.94,53.9,53.9,52.705,38.2333,41.5,33.4333,21.0667,8.5,NA,NA,-0.39,-1.84
93,Boulder,W,D,8,W08,W8D,DW8,10.95,27,no pot,no pot,no pot,no pot,NA,NA,NA,0,NA,0,0,NA,NA,6,NA,NA,NA,NA,6,6,5.9667,5.3333,4.45,NA,NA,NA,NA
94,Boulder,W,D,9,W09,W9D,DW9,11.0625,27,0.64,1.26,2.26,0,0,0.1659,0.1659,1,NA,0,0,NA,NA,73.4,72.86,72.3,65.1,33.02,19.7667,7.75,6.2,5.3333,4.35,-3.4,-2.15,NA,NA
95,Boulder,W,D,10,W10,W10D,DW10,8.541666667,27,0.8,1.61,2.74,0,0.1038,0,0.1038,1,green,7,28.2,4.02857,18.14444,54,52.36,52.9,52.2,51.435,51.6333,41.65,28.3,15.3333,7.1,-6.5,-5.7,NA,NA
96,Boulder,W,D,11,W11,W11D,DW11,7.46875,27,tr,tr,tr,tr,0.3161,0,0.3161,1,green,13,53.9,4.14615,30.59333,50.8,43.54,47.05,50.8,50.165,44.1333,37.35,31.5667,22.5333,8.3,NA,NA,NA,NA
97,Boulder,W,D,12,W12,W12D,DW12,8.6,27,1.15,1.77,3.69,0,0.1587,0.0606,0.2193,1,green,6,19.5,3.25,35.58571,68,67.88,67.4,67.9,64.77,52.7667,35.7,28.6333,13,3.95,-6.5,-7,NA,NA
98,Boulder,W,D,13,W13,W13D,DW13,7.621428571,27,tr,tr,tr,tr,0.241,0,0.241,1,green,12,41.4,3.45,26.21538,73.66,70.78,72.85,73.5,73.66,59.4,36.1,26.2,14.8333,6.7,NA,NA,NA,NA
99,Boulder,W,D,14,W14,W14D,DW14,13.02,27,0.21,1,1.45,0,0,0.0771,0.0771,1,NA,0,0,NA,NA,57.1,49.64,39.45,31.5,17.78,11.4,11.2,11.1333,10.3,6.45,-0.35,-1.4,NA,NA
100,Boulder,W,D,15,W15,W15D,DW15,6.778571429,27,tr,tr,tr,tr,0.2782,0.0388,0.317,1,green,27,78.6,2.91111,14.18621,69,64.18,62.85,61.6,60.96,58.6667,38.25,27.1,16.1333,5.6,NA,NA,NA,NA
101,Boulder,W,D,16,W16,W16D,DW16,NA,27,no pot,no pot,no pot,no pot,NA,NA,NA,NA,NA,NA,NA,NA,NA,6.2,NA,NA,NA,NA,6.2,6.1,6,5.8333,5.35,NA,NA,NA,NA
102,Boulder,W,D,17,W17,W17D,DW17,NA,27,no pot,no pot,no pot,no pot,NA,NA,NA,NA,NA,NA,NA,NA,NA,NA,NA,NA,NA,NA,NA,NA,NA,NA,NA,NA,NA,NA,NA
103,Boulder,BT,ND,1,BT01,BT1ND,NDBT1,27.12,6,2.22,2.18,4.25,0,0.2583,0.011,0.2693,1,green,12,43.2,3.6,19.71538,58.3,54.04,54.15,53.9,52.07,51.1667,33.65,24,12.9333,4.65,-2.85,-3,NA,NA
104,Boulder,BT,ND,2,BT02,BT2ND,NDBT2,26.88,6,1.88,1.78,4.57,0.0069,0.264,0.2186,0.4895,1,green,17,59.5,3.5,25.77368,63,60.14,57.05,56.5,57.15,49.6333,40.15,30.3667,19.0667,5.55,NA,NA,-0.31,-2.06
105,Boulder,BT,ND,3,BT03,BT3ND,NDBT3,29.01666667,6,2.51,1.75,6.44,0,0.1614,0.0547,0.2161,1,green,8,28.5,3.5625,22.72,61.4,60.42,60,60.9,59.055,59.6333,44.5,31.2,19.6667,6.8,NA,NA,NA,NA
106,Boulder,BT,ND,4,BT04,BT4ND,NDBT4,26.94,6,2.36,1.94,5.59,0.0072,0.2204,0.0222,0.2498,1,green,12,42.5,3.54167,25.77692,58,57.82,57.85,57.7,56.515,51.5333,31.1,20.8667,11.5,3.4,NA,NA,NA,NA
107,Boulder,BT,ND,5,BT05,BT5ND,NDBT5,28.1,6,0.96,1.96,4.05,0,0.2525,0,0.2525,1,green,15,57,3.8,14.54118,65.2,64.2,64.5,64.4,62.865,47.4667,31.15,20.3333,11.7,4.65,-3.1,-3,NA,NA
108,Boulder,BT,ND,6,BT06,BT6ND,NDBT6,28.57,6,1.11,1.31,3.17,0,0.0373,0.0117,0.049,1,green,1,4.6,4.6,18.65,75.6,75.12,74.8,73.5,71.12,57.4,39.25,22.7667,9.7667,3.75,-4.2,-4.55,NA,NA
109,Boulder,BT,ND,7,BT07,BT7ND,NDBT7,28.32,6,1.16,1.26,2.7,0.0299,0.1052,0.0687,0.2038,1,green,8,26.2,3.275,11.4,60.1,58.68,58.3,58,59.69,45.7,27,23.2333,11.9,4,-2.05,-2.1,NA,NA
110,Boulder,BT,ND,8,BT08,BT8ND,NDBT8,27.5,6,1.92,2.02,5.57,0,0.2049,0.0765,0.2814,1,green,11,34.7,3.15455,18.825,71.6,70.625,69.8,68.4,67.945,62.9667,43.4,27.5,14.0333,7.55,NA,NA,NA,NA
111,Boulder,BT,ND,9,BT09,BT9ND,NDBT9,29.03333333,6,1.13,1.16,3.74,0.0226,0.0984,0.1316,0.2526,1,green,6,22.8,3.8,13.3875,63.5,62.88,62.35,62.8,63.5,45.5,48.05,30.1333,19,5.35,NA,NA,NA,NA
112,Boulder,BT,ND,10,BT10,BT10ND,NDBT10,29.71666667,6,0.66,0.71,0.96,0,0,0,0,0,NA,0,0,NA,NA,49,40.02,26.75,22.2,22.86,5.6667,3.4,3.3333,3,2.8,-0.65,-1.65,NA,NA
113,Boulder,BT,ND,11,BT11,BT11ND,NDBT11,28.1875,6,0.95,0.93,2.29,0.0364,0.0252,0.0364,0.098,1,green,2,5.2,2.6,7.93333,59.1,51.68,47.9,47.9,51.435,54.4333,39.05,25.6667,12.2333,4.35,NA,NA,NA,NA
114,Boulder,BT,ND,12,BT12,BT12ND,NDBT12,29.2,6,no pot,no pot,no pot,no pot,NA,NA,NA,0,NA,0,0,NA,NA,7.6,7.18,7.25,7.4,6.35,7.1333,6.5,6.1667,5.4333,3.45,NA,NA,NA,NA
115,Boulder,BT,ND,13,BT13,BT13ND,NDBT13,28.95,6,1.63,2.24,3.84,0,0.1775,0,0.1775,1,green,15,44.2,2.94667,11.76471,56.515,48.82,51.45,55.6,56.515,47.6667,46.1,38.1667,20.5667,5.9,-1.85,-2.2,NA,NA
116,Boulder,BT,ND,14,BT14,BT14ND,NDBT14,27.5,6,0.8,0.78,2.14,0,0,0,0,0,NA,0,0,NA,NA,46.9,42.6,40.2,40,33.02,21.7,9.2,7.6667,6.9667,3.4,-0.95,-1.95,NA,NA
117,Boulder,BT,ND,15,BT15,BT15ND,NDBT15,28.9375,6,1.7,2.09,4.45,0,0.2392,0,0.2392,1,green,15,45.1,3.00667,19.57647,68.4,67.58,68,68,67.945,55.3,38.9,29.3,16.4667,4.65,NA,NA,-0.28,-1.08
118,Boulder,BT,ND,16,BT16,BT16ND,NDBT16,28.075,6,1.32,1.78,3.77,0,0.1864,0,0.1864,1,purple,9,25.5,2.83333,21.87,62.9,61.88,62,61.4,59.69,48.4667,32.35,24.9,11.0333,3.7,NA,NA,NA,NA
119,Boulder,BT,ND,17,BT17,BT17ND,NDBT17,27.98333333,6,2.01,2.12,3.87,0.0055,0.2309,0.0157,0.2521,1,green,14,46.8,3.34286,17.32,70.3,69.28,69.5,69.4,69.85,46.9333,28.5,17.5333,10.6667,4.05,NA,NA,-0.27,-1.35
120,Boulder,BT,D,1,BT01,BT1D,DBT1,8.788888889,5,0.67,1.54,2.79,0.0406,0.0727,0.1058,0.2191,1,green,4,12.9,3.225,17.54,43.8,43.5,42.9,42.2,43.18,25.4333,19.8,15.7,6.6333,2.85,-3.45,-3.45,NA,NA
121,Boulder,BT,D,2,BT02,BT2D,DBT2,7.775,5,tr,tr,tr,tr,0.1029,0.1031,0.206,1,green,6,23.2,3.86667,12.4875,53.34,49.94,52.45,51.8,53.34,44.5667,31.75,23.5667,13,4.2,NA,NA,-1.11,-0.77
122,Boulder,BT,D,3,BT03,BT3D,DBT3,7.2875,5,0.99,1.57,3.94,0,0.1939,0.0325,0.2264,1,green,10,34.2,3.42,21.41667,57.785,45.2,47.15,47.5,57.785,55.1,39.1,32.9333,19.0333,6.05,NA,NA,NA,NA
123,Boulder,BT,D,4,BT04,BT4D,DBT4,8.50625,5,tr,tr,tr,tr,0.0761,0.0299,0.106,1,green,8,19.4,2.425,10.68,41.2,40.68,40.5,32.2,40.64,39.4,29.8,23.0333,13.1333,5.8,NA,NA,NA,NA
124,Boulder,BT,D,5,BT05,BT5D,DBT5,10.55625,5,0.37,0.6,1.96,0,0.0431,0.0521,0.0952,1,green,2,6.4,3.2,20.43333,42.7,35.98,28,20,20.32,39.4667,24.85,13.4,6.8333,6.15,-2.1,-2.75,NA,NA
125,Boulder,BT,D,6,BT06,BT6D,DBT6,6.891666667,5,1.15,1.45,4.07,0,0.1394,0,0.1394,1,green,10,31.5,3.15,16.7,67.8,67.4,67.1,67.5,67.31,60.2,48.55,38.9667,20.8,5.55,-3.85,-6.5,NA,NA
126,Boulder,BT,D,7,BT07,BT7D,DBT7,7.7625,5,1.12,1.2,3.65,0.0066,0.0255,0.016,0.0481,1,green,2,5.6,2.8,8.4,57.9,56.56,57.1,57.3,57.15,40.1,35,25.8,14.7667,5.6,-5.45,-6.05,NA,NA
127,Boulder,BT,D,8,BT08,BT8D,DBT8,6.608333333,5,1.07,1.48,4.2,0,0.1551,0.0183,0.1734,1,green,12,38.2,3.18333,11.53077,62,61.6,61.8,61.4,60.96,55.7667,41.4,30.1,14.5667,4.85,NA,NA,NA,NA
128,Boulder,BT,D,9,BT09,BT9D,DBT9,8.114285714,5,0.75,1.86,3.66,0.0174,0.1504,0.0935,0.2613,1,green,10,33.2,3.32,12.15,59.2,58.3,57.9,57.9,57.15,45.8667,29.25,22.0667,13.5,4.6,NA,NA,NA,NA
129,Boulder,BT,D,10,BT10,BT10D,DBT10,11.56,5,0.69,1.1,1.87,0,0.0256,0,0.0256,1,green,3,7.4,2.46667,5.825,51.435,50.4,49.65,49.1,51.435,39.7,26.7,14.9667,8.8333,4.35,-2.65,-2.8,NA,NA
130,Boulder,BT,D,11,BT11,BT11D,DBT11,14.2,5,no pot,no pot,no pot,no pot,NA,NA,NA,0,NA,0,0,NA,NA,7.5,NA,NA,NA,NA,5.3,4.9,4.9,4.8,5.75,NA,NA,NA,NA
131,Boulder,BT,D,12,BT12,BT12D,DBT12,11.45,5,no pot,no pot,no pot,no pot,NA,NA,NA,0,NA,0,0,NA,NA,4.7,NA,NA,NA,NA,3.7,3.6,3.6,3.5667,4,NA,NA,NA,NA
132,Boulder,BT,D,13,BT13,BT13D,DBT13,8.307142857,5,0.97,1.88,3.48,0,0.1706,0.0285,0.1991,1,green,14,34.8,2.48571,11.1375,59.6,59.6,59.5,59.2,58.42,43.7,40.25,23.7333,9.2333,3.15,-3.75,-7,NA,NA
133,Boulder,BT,D,14,BT14,BT14D,DBT14,12.16666667,5,0.4,0.33,1.48,0.025,0,0.025,0.05,1,NA,0,0,NA,NA,50.1,44.48,34.95,29.7,26.67,8.6667,4.4,4.4,4.2667,3.25,-2.5,-6.5,NA,NA
134,Boulder,BT,D,15,BT15,BT15D,DBT15,8.442857143,5,tr,tr,tr,tr,0.1148,0,0.1148,1,green,9,28.3,3.14444,10.07273,71.755,68.96,68.45,68.1,71.755,67.8333,37.75,30.8333,16.7,5,NA,NA,-0.56,-1.96
135,Boulder,BT,D,16,BT16,BT16D,DBT16,11.3,5,tr,tr,tr,tr,0.0309,0.0823,0.1132,1,purple,2,5.4,2.7,9.86667,64,54,42.5,42.4,43.815,29.1667,17.75,11.5667,5.0333,3.25,NA,NA,NA,NA
136,Boulder,BT,D,17,BT17,BT17D,DBT17,8.1,5,1.16,1.73,3.18,0,0.1348,0.032,0.1668,1,green,9,28.9,3.21111,11.90909,56.7,55.7,56.55,56.4,55.88,40.7333,38.15,22.9333,10.8333,5.85,NA,NA,-0.3,-2.02
137,Boulder,DM,ND,1,DM01,DM1ND,NDDM1,28.11,12,0.6,0.98,2.13,0.0459,0.0997,0.1551,0.3007,1,green,8,19.9,2.4875,13.22222,48.5,48.5,48.4,48,48.26,34.0333,22.35,12.9667,8.2,7.8,-0.8,-1.5,NA,NA
138,Boulder,DM,ND,2,DM02,DM2ND,NDDM2,27.88,12,1.65,2,3.49,0,0,0.0305,0.0305,1,NA,0,0,NA,NA,56.1,53.96,54.85,55.5,54.61,45.7,31.35,22.9667,12.0667,3.3,NA,NA,-0.45,-1.51
139,Boulder,DM,ND,3,DM03,DM3ND,NDDM3,28.27,12,0.06,0.36,0.08,0,0.0042,0.0205,0.0247,1,green,1,1.4,1.4,2.1,21.6,17.48,11.35,7.8,3.81,6.3333,4.5,4.4333,4.1333,2.65,NA,NA,NA,NA
140,Boulder,DM,ND,4,DM04,DM4ND,NDDM4,30.075,12,1.07,1.27,2.47,0.0199,0.2078,0.0469,0.2746,1,green,8,26.1,3.2625,25.12,65.7,62.76,65.7,64.4,64.77,55.3667,38.65,25.5,12.8667,3.7,-0.3,-1.75,NA,NA
141,Boulder,DM,ND,5,DM05,DM5ND,NDDM5,27.4875,12,1.28,1.97,2.66,0,0.0861,0.0131,0.0992,1,green,8,24.6,3.075,10.81111,62.6,62.3,61.8,59,60.96,49.1333,33.95,28.1,13.8,4.05,-2.6,-1.65,NA,NA
142,Boulder,DM,ND,6,DM06,DM6ND,NDDM6,27.38,12,1.03,1.89,2.98,0,0.0408,0,0.0408,1,green,2,6.7,3.35,13.53333,42.1,35.44,41.2,40.3,41.275,34.7333,24.4,17.8333,13.1667,4.55,NA,NA,NA,NA
143,Boulder,DM,ND,7,DM07,DM7ND,NDDM7,27.4125,12,1.17,2.01,4.38,0,0.0874,0.0909,0.1783,1,green,7,26.6,3.8,11.75,66.04,65,65,64.8,66.04,45.0667,29.45,20.2333,12.2333,4,NA,NA,NA,NA
144,Boulder,DM,ND,8,DM08,DM8ND,NDDM8,28,12,1.28,1.49,2.7,0,0.1013,0.1228,0.2241,1,green,5,19.4,3.88,21.05,75.7,74.72,74.95,75.6,73.66,58.8333,40.45,25.5667,10.8333,4.85,NA,NA,NA,NA
145,Boulder,DM,ND,9,DM09,DM9ND,NDDM9,25.86666667,12,1.91,1.84,2.85,0,0,0.0075,0.0075,1,NA,0,0,NA,NA,60.96,57.64,59.35,59.9,60.96,48.5,34.55,24.8,11.5667,4.35,NA,NA,NA,NA
146,Boulder,DM,ND,10,DM10,DM10ND,NDDM10,27.25,12,1.76,2.07,3.52,0,0.0068,0,0.0068,1,green,1,4,4,3.4,59.8,59.62,59.15,59.3,59.69,46.9333,33.65,22.3,12.1333,5.25,-2.3,-2.3,NA,NA
147,Boulder,DM,ND,11,DM11,DM11ND,NDDM11,27.55,12,1.02,1.84,3.15,0,0.1576,0.0866,0.2442,1,green,12,34.6,2.88333,16.13571,54.2,45.52,50.05,53.7,53.34,52.4667,33.1,21.2333,11,4.45,NA,NA,-2.29,-0.53
148,Boulder,DM,ND,12,DM12,DM12ND,NDDM12,27.675,12,0.76,0.7,2.53,0.0247,0,0.0805,0.1052,1,NA,0,0,NA,NA,62.5,57.3,55.85,56.1,50.8,38.0333,24.35,15.0667,6.1333,3.75,-0.25,-1.35,NA,NA
149,Boulder,DM,ND,13,DM13,DM13ND,NDDM13,27,12,1.15,0.95,1.92,0,0.0961,0.1557,0.2518,1,green,4,14.6,3.65,21.24,61.4,56.76,61.2,61,60.96,43.8667,25.25,17.4,8.1333,3.05,NA,NA,NA,NA
150,Boulder,DM,ND,14,DM14,DM14ND,NDDM14,27.66666667,12,0.69,0.88,1.67,0,0,0.1467,0.1467,1,NA,0,0,NA,NA,58.5,48.96,33.35,26.1,22.86,6.3,4.55,4.5,4.2667,3.1,NA,NA,NA,NA
151,Boulder,DM,ND,15,DM15,DM15ND,NDDM15,27.38333333,12,2.11,1.99,2.75,0,0.0492,0.0098,0.059,1,green,5,17.5,3.5,9.03333,58.42,51.02,51.7,51.1,58.42,45.4,27.2,14.2667,7.2667,3.15,NA,NA,-0.21,-0.53
152,Boulder,DM,ND,16,DM16,DM16ND,NDDM16,26.66666667,12,1.08,0.88,2.6,0.0486,0.0966,0.1033,0.2485,1,green,5,15.9,3.18,15.98571,57.785,56.96,56.25,55.8,57.785,48.9,35.9,26.5,13.3667,5.1,-0.5,-1.2,NA,NA
153,Boulder,DM,ND,17,DM17,DM17ND,NDDM17,25.98333333,12,1.64,1.38,3.69,0,0.129,0.0151,0.1441,1,green,7,23.9,3.41429,24.9875,71.9,71.5,69.9,71.2,68.58,51.6333,36,21.7333,10.7333,3.95,-0.55,-1.9,NA,NA
154,Boulder,DM,D,1,DM01,DM1D,DDM1,10.63333333,11,0.13,0.34,1.36,0.0986,0.049,0.0986,0.2462,1,green,2,5.4,2.7,15.8,50.4,50.2,50.4,49.6,50.165,32.2,19.3,13.4,7.8667,4.1,-0.35,-1.75,NA,NA
155,Boulder,DM,D,2,DM02,DM2D,DDM2,7.433333333,11,tr,tr,tr,tr,0.2373,0.0343,0.2716,1,green,13,43.9,3.37692,24.75333,50.8,50.12,49.25,49.2,50.165,44.2333,33.6,28,15.2667,6,NA,NA,-0.83,-2.21
156,Boulder,DM,D,3,DM03,DM3D,DDM3,13.25,11,NA,NA,NA,NA,NA,NA,NA,0,NA,0,0,NA,NA,20.955,NA,NA,NA,20.955,15.2,12.8,6.2,4.2333,2.4,NA,NA,NA,NA
157,Boulder,DM,D,4,DM04,DM4D,DDM4,7.8125,11,0.77,1.26,3.62,0.025,0.27,0.0885,0.3835,1,green,12,41.1,3.425,26.17143,63.5,62.9,62,63,62.865,54.2667,33.4,25.7,14.3,6.7,-2.6,-2.75,NA,NA
158,Boulder,DM,D,5,DM05,DM5D,DDM5,9.335714286,11,0.78,1.28,2.46,0,0.0208,0.0126,0.0334,1,green,3,8.4,2.8,5,52,43.34,45.1,51.2,51.435,32.0333,19.65,13.5667,8.3333,3.75,-4.5,-4.5,NA,NA
159,Boulder,DM,D,6,DM06,DM6D,DDM6,11.31428571,11,no pot,no pot,no pot,no pot,NA,NA,NA,0,NA,0,0,NA,NA,11.3,9.16,10.9,10.9,10.795,10.5333,10.25,9.3,6.8333,4,NA,NA,NA,NA
160,Boulder,DM,D,7,DM07,DM7D,DDM7,7.7,11,1.15,1.98,3.67,0,0.1209,0.0063,0.1272,1,green,9,29.7,3.3,11.87,63.4,62.58,61.9,61.3,54.61,45.5,41.25,30.5,13.6333,4.55,NA,NA,NA,NA
161,Boulder,DM,D,8,DM08,DM8D,DDM8,7.71875,11,0.72,1.42,3.75,0,0.1605,0.2844,0.4449,1,green,8,31.8,3.975,17.44444,83,81.64,81.2,61.9,81.28,55.9667,34.95,26.2,12.2667,3.3,NA,NA,NA,NA
162,Boulder,DM,D,9,DM09,DM9D,DDM9,8.966666667,11,0.68,1.07,2.88,0,0,0.0547,0.0547,1,NA,0,0,NA,NA,52.7,51.55,52.1,52.1,52.07,40.5667,26.3,16.5667,9,4.9,NA,NA,NA,NA
163,Boulder,DM,D,10,DM10,DM10D,DDM10,7.175,11,0.95,1.27,2.5,0,0.1282,0,0.1282,1,green,10,33.4,3.03636,10.47692,49.5,47.92,49.1,49,46.99,37.0333,24.3,17.7667,8.7333,3.55,-3.1,-2.8,NA,NA
164,Boulder,DM,D,11,DM11,DM11D,DDM11,8.5125,11,tr,tr,tr,tr,0.1247,0,0.1247,1,green,8,24.5,3.0625,13.33,49.53,46.22,47.2,49.3,49.53,37.4667,31.25,22.3,13.1,5.35,NA,NA,-0.29,-0.53
165,Boulder,DM,D,12,DM12,DM12D,DDM12,8.216666667,11,0.53,1,2.42,0.0473,0,0.1198,0.1671,1,NA,0,0,NA,NA,56.7,50.46,52.35,56.6,55.245,49.9,32.65,23.6667,11.2333,3.8,-1.4,-2.4,NA,NA
166,Boulder,DM,D,13,DM13,DM13D,DDM13,7.735714286,11,tr,tr,tr,tr,0.1374,0.0937,0.2311,1,green,8,27.8,3.475,17.81111,55.245,NA,NA,NA,55.245,NA,NA,NA,NA,3.7,NA,NA,NA,NA
167,Boulder,DM,D,14,DM14,DM14D,DDM14,7.35,11,tr,tr,tr,tr,0.1876,0,0.1876,1,green,17,45.4,2.67059,13.45,55.88,54.65,54.6,54.6,55.88,38.4333,23.05,19.0667,13.8667,4.45,NA,NA,NA,NA
168,Boulder,DM,D,15,DM15,DM15D,DDM15,7.3,11,1.4,1.74,3.3,0,0.0148,0,0.0148,1,green,1,4.4,4.4,7.4,55.9,53.4667,53,55.9,46.99,46.1,32.3,25.4667,13.1667,4,NA,NA,-0.34,-0.75
169,Boulder,DM,D,16,DM16,DM16D,DDM16,7.966666667,11,0.61,1.23,3.05,0.0928,0.1232,0.1243,0.3403,1,green,7,20.8,2.97143,14.85556,59.8,59.74,59.5,59.4,58.42,36.4,22.25,13.1,5.8667,2.85,-2.7,-1.75,NA,NA
170,Boulder,DM,D,17,DM17,DM17D,DDM17,8.3,11,0.78,1.57,2.4,0.0223,0.1621,0.0896,0.274,1,green,8,24,3,24.27778,58,57.96,57.8,57.5,48.26,40.7333,34.75,24.1,13.2333,5.35,-4.3,-5,NA,NA
171,Boulder,HV,ND,1,HV01,HV1ND,NDHV1,27.975,14,1.63,2.27,4.71,0,0.1945,0.0581,0.2526,1,green,18,77.6,4.31111,11.28,77.5,77.5,76.55,76.2,76.6,64.55,58.45,41.8667,28.8333,12.8,NA,NA,-0.15,-1.19
172,Boulder,HV,ND,2,HV02,HV2ND,NDHV2,27.56666667,14,0.29,1.03,1.94,0,0,0.0322,0.0322,1,NA,0,0,NA,NA,53.8,53.8,53.4,51.435,45.7,36.75,28.8,18.7667,6.4,3.2667,-0.6,-6.5,NA,NA
173,Boulder,HV,ND,3,HV03,HV3ND,NDHV3,26.88,14,1.68,1.97,4.85,0,0.3226,0.0085,0.3311,1,green,15,56.7,3.78,20.85882,73.9,72.5,72.15,73.66,71.75,64.2,52.25,42.9667,26.8667,8.9,-3.9,-4.16,NA,NA
174,Boulder,HV,ND,4,HV04,HV4ND,NDHV4,25.3875,14,1.28,2.59,4.3,0,0.1156,0.008,0.1236,1,green,10,35.4,3.54,9.75,65,63.9,63,63.5,64.2,58.95,50.15,39.6,28.3,13.0333,-3.1,-3.1,NA,NA
175,Boulder,HV,ND,5,HV05,HV5ND,NDHV5,NA,14,no pot,no pot,no pot,no pot,NA,NA,NA,NA,NA,NA,NA,NA,NA,3.5,NA,NA,NA,3.5,3.5,3.5,3.5,3.5,2.9333,NA,NA,NA,NA
176,Boulder,HV,ND,6,HV06,HV6ND,NDHV6,NA,14,no pot,no pot,no pot,no pot,NA,NA,NA,NA,NA,NA,NA,NA,NA,3.6,NA,NA,NA,3.6,3.6,3.6,3.6,3.3,3.0333,NA,NA,NA,NA
177,Boulder,HV,ND,7,HV07,HV7ND,NDHV7,25.91666667,14,0.83,1.15,3.39,0,0.1185,0.1112,0.2297,1,green,15,44.6,2.97333,6.64118,63.5,63.5,63.05,63.5,61.95,56.7,42.85,35.4,24.4333,8.2667,-1.2,-1.75,NA,NA
178,Boulder,HV,ND,8,HV08,HV8ND,NDHV8,26.9625,14,0.43,0.94,2.61,0,0.0648,0.1711,0.2359,1,green,4,18.5,4.625,10.65,59.9,59.9,58.45,55.88,56.95,48.3,40.5,29.4,16.5,6.8,-1.15,-6.5,NA,NA
179,Boulder,HV,ND,9,HV09,HV9ND,NDHV9,25.975,14,NA,NA,NA,NA,0,0,0,0,NA,0,0,NA,NA,42.5,42.5,41.95,41.91,39.5,35.05,30.65,26.2,13.9333,4.8333,NA,NA,NA,NA
180,Boulder,HV,ND,10,HV10,HV10ND,NDHV10,26.7125,14,1.85,2.24,5.33,0,0.2343,0.0316,0.2659,1,green,15,57.6,3.84,15.56471,63.8,57.5,58,58.42,63.7,61.1,57.2,50.9333,39.8,16.8333,-2.75,-4.1,NA,NA
181,Boulder,HV,ND,11,HV11,HV11ND,NDHV11,27.26666667,14,0.54,1.17,3.09,0.1428,0.1363,0.1802,0.4593,1,green,9,32,3.55556,12.7,53.8,35.8,36.35,31.75,49.8,41.4,39.4,34.6667,28.6,11,-0.58,-2.2,NA,NA
182,Boulder,HV,ND,12,HV12,HV12ND,NDHV12,27.45,14,1.94,3.01,4.44,0.0348,0.2433,0.0592,0.3373,1,green,19,62.1,3.26842,13.69,64.5,60.8,59.05,62.865,64.5,61.85,53.95,42.5333,29.2,10.7667,-2.98,-3.73,NA,NA
183,Boulder,HV,ND,13,HV13,HV13ND,NDHV13,27.35,14,0.67,0.87,3.21,0,0.1138,0.019,0.1328,1,green,9,26.6,2.95556,10.00909,57.4,57.4,57.4,56.515,47.75,41.75,32.25,33.4667,22.3667,7.9333,-2.63,-2.83,NA,NA
184,Boulder,HV,ND,14,HV14,HV14ND,NDHV14,25.9,14,1.25,2.02,6.24,0,0.222,0,0.222,1,green,18,62.9,3.49444,11.235,61,61,60.8,60.96,59.25,53.2,48.3,38.5667,28.4333,11.0667,-6.5,-3.4,NA,NA
185,Boulder,HV,ND,15,HV15,HV15ND,NDHV15,NA,14,no pot,no pot,no pot,no pot,NA,NA,NA,NA,NA,NA,NA,NA,NA,5.2,NA,NA,NA,5.2,4.55,3.7,3.3,3.1,2.9,NA,NA,NA,NA
186,Boulder,HV,ND,16,HV16,HV16ND,NDHV16,NA,14,no pot,no pot,no pot,no pot,NA,NA,NA,NA,NA,NA,NA,NA,NA,2.9,NA,NA,NA,1.5,2.2,2.9,2.5333,2.1,2,NA,NA,NA,NA
187,Boulder,HV,ND,17,HV17,HV17ND,NDHV17,26.475,14,0.66,0.96,2.81,0,0.0175,0,0.0175,1,green,4,10.2,2.55,2.46,52.705,41,46.05,52.705,49.4,42.15,29.2,16.6667,13.3333,5.0333,-1.2,-2.2,NA,NA
188,Boulder,HV,D,1,HV01,HV1D,DHV1,7.26875,13,tr,tr,tr,tr,0.0688,0.0859,0.1547,1,green,11,40.5,3.68182,5.23333,67.7,64.1,63.55,66.675,67,56.75,47.2,34.2333,15.0667,4.5333,NA,NA,-0.4,-1.45
189,Boulder,HV,D,2,HV02,HV2D,DHV2,7.525,13,tr,tr,tr,tr,0.0018,0,0.0018,1,green,1,3.5,3.5,0.9,55.2,45,44.8,53.34,54.55,44.3,35.15,33.0667,20.7333,6.3667,-1.45,-1.45,NA,NA
190,Boulder,HV,D,3,HV03,HV3D,DHV3,9.585,13,tr,tr,tr,tr,0.0861,0,0.0861,1,green,6,24.6,4.1,12.1,65.8,65.8,65.15,63.5,64.45,54.7,44.95,40.0667,18.9667,5.7,NA,NA,-1,-1.8
191,Boulder,HV,D,4,HV04,HV4D,DHV4,8,13,0.92,1.82,4.07,0,0.1694,0,0.1694,1,green,15,45.4,3.02667,11.43529,66.04,61.8,65.45,66.04,62.15,53.7,48.3,39.5,31.3,14.6667,-3.9,-3.9,NA,NA
192,Boulder,HV,D,5,HV05,HV5D,DHV5,NA,13,no pot,no pot,no pot,no pot,NA,NA,NA,NA,NA,NA,NA,NA,NA,3.4,NA,NA,NA,NA,3.4,3.4,3.4,3.0667,2.8667,NA,NA,NA,NA
193,Boulder,HV,D,6,HV06,HV6D,DHV6,10.69375,13,0.3,0.65,1.84,0,0,0,0,0,NA,0,0,NA,NA,32,32,31.75,26.67,30.6,27.5,26.8,26.3,13.8333,5.5333,NA,NA,NA,NA
194,Boulder,HV,D,7,HV07,HV7D,DHV7,10.23333333,13,0.4,1.15,1.73,0,0.08,0.0182,0.0982,1,green,7,23.1,3.3,10.4,55.6,52.1,55.6,54.61,54.75,52.9,42.9,36.4,23.1667,8.1,-2.3,-6.5,NA,NA
195,Boulder,HV,D,8,HV08,HV8D,DHV8,7.5,13,0.95,1.54,2.34,0,0.2009,0.0926,0.2935,1,green,11,49,4.45455,15.86154,66,66,64.2,63.5,56.4,51,41.55,31.9,19.0667,8.3333,-6.5,-1.65,NA,NA
196,Boulder,HV,D,9,HV09,HV9D,DHV9,NA,13,no pot,no pot,no pot,no pot,NA,NA,NA,NA,NA,NA,NA,NA,NA,3.6,NA,NA,NA,NA,3.6,3.6,3.4,2.8,2.5333,NA,NA,NA,NA
197,Boulder,HV,D,10,HV10,HV10D,DHV10,11.6,13,0.17,0.48,1.54,0,0.0228,0,0.0228,1,green,2,6,3,7.63333,38.8,22,38.35,38.735,32.85,30.75,30.4,30.0333,26.6667,13.1667,NA,NA,-0.3,-0.8
198,Boulder,HV,D,11,HV11,HV11D,DHV11,12.49,13,NA,NA,NA,NA,0.0115,0,0.0115,1,green,2,5.6,2.8,3.4,19.4,14.4,14.1,17.78,17.95,19.3,19.2,19.1667,15.3,8.1667,NA,NA,NA,NA
199,Boulder,HV,D,12,HV12,HV12D,DHV12,9.066666667,13,tr,tr,tr,tr,0.1209,0.0153,0.1362,1,green,7,24.4,3.48571,14.2125,56.5,27.8,40.15,51.435,56.3,52,43.1,35.4667,23.4667,9.1333,NA,NA,-0.9,-1.7
200,Boulder,HV,D,13,HV13,HV13D,DHV13,8.14375,13,0.88,0.62,2.05,0,0.1599,0.0304,0.1903,1,green,16,50.4,3.15,9.06111,49.8,46.1,46.45,45.085,49.35,46.2,40.75,33.9333,24.2333,7.8,-6.5,-4.4,NA,NA
201,Boulder,HV,D,14,HV14,HV14D,DHV14,7.714285714,13,0.97,1.11,4.19,0,0.2856,0,0.2856,1,green,22,74.8,3.4,11.16522,61,60.8,60.8,60.96,60.95,56.8,53.25,47.6667,33,11.7,-6.5,-5.35,NA,NA
202,Boulder,HV,D,15,HV15,HV15D,DHV15,NA,13,no pot,no pot,no pot,no pot,NA,NA,NA,NA,NA,NA,NA,NA,NA,3.5,NA,NA,NA,NA,3.5,3.5,3.5,2.8333,2.5667,NA,NA,NA,NA
203,Boulder,HV,D,16,HV16,HV16D,DHV16,8.307142857,13,0.67,0.67,3.63,0,0.2894,0.0195,0.3089,1,green,20,64.4,3.06667,16.26522,55,52.3,51.9,50.8,53.95,53.25,50.15,40.4333,27.9333,8.8,NA,NA,NA,NA
204,Boulder,HV,D,17,HV17,HV17D,DHV17,7.3375,13,1.08,1.2,3.19,0,0.1795,0.0744,0.2539,1,green,16,55.9,3.49375,11.18889,55.88,55.3,55.05,55.88,55.05,52.2,47,44.5,33.0667,11.1,-6.5,-6.5,NA,NA
205,Boulder,ST,ND,1,ST01,ST1ND,NDST1,26.05,26,0.63,1.33,3.19,0.0681,0.1198,0.1009,0.2888,1,green,12,38.9,3.24167,10.92857,63.9,59.2,61.85,59.69,58.4,43.15,35.75,31.9333,12.7667,3.5,-2,-2.48,NA,NA
206,Boulder,ST,ND,2,ST02,ST2ND,NDST2,27.7875,26,0.69,1.12,1.45,0,0,0.0446,0.0446,1,NA,0,0,NA,NA,42.2,42.2,42.2,40.005,23,13.5,4.55,3.6333,3.2667,2.9,-0.7,-2.25,NA,NA
207,Boulder,ST,ND,3,ST03,ST3ND,NDST3,27.25,26,0.93,1.61,2.26,0,0.0894,0.1088,0.1982,1,green,7,23.1,2.8875,13.07778,49.5,45,47.25,44.45,49.2,44.45,34.25,24.6,12.9667,4.2,-5.3,-5.4,NA,NA
208,Boulder,ST,ND,4,ST04,ST4ND,NDST4,28.9125,26,0.16,1.06,1,0,0,0.1431,0.1431,1,NA,0,0,NA,NA,31.2,31.2,18.65,15.24,4.3,4.1,4.1,4.2333,3.8333,3.7,NA,NA,-1.05,-2
209,Boulder,ST,ND,5,ST05,ST5ND,NDST5,28.625,26,0.13,0.56,1.01,0,0,0.109,0.109,1,NA,0,0,NA,NA,40.3,39.9,40.3,33.02,25.2,11.85,5.95,6,5.9333,5.4333,NA,NA,NA,NA
210,Boulder,ST,ND,6,ST06,ST6ND,NDST6,27.025,26,0.83,2.9,6.56,0,0.1695,0.4148,0.5843,1,green,18,61.9,3.43889,12.12,76.2,75,74.35,76.2,73.65,55.65,44,30.7,16.7333,5.8667,-6.5,-4.15,NA,NA
211,Boulder,ST,ND,7,ST07,ST7ND,NDST7,28.25,26,2.24,1.91,3.01,0,0.2313,0,0.2313,1,green,15,45.4,3.24286,16,60.96,60.4,60.3,60.96,56.8,47.35,33.9,22.4333,8.6667,3.5333,-6.5,-6.5,NA,NA
212,Boulder,ST,ND,8,ST08,ST8ND,NDST8,25.03,26,2.4,2.17,5.75,0,0.2823,0.3601,0.6424,1,green,16,72.3,4.51875,18.15556,68.4,66.4,66.4,66.04,68.15,64.05,48.95,34.0333,21.1333,6.8333,-6.5,-6.5,NA,NA
213,Boulder,ST,ND,9,ST09,ST9ND,NDST9,26.75,26,1.44,2.08,3.94,0.0404,0.3171,0.2713,0.6288,1,green,18,57.9,3.21667,19.66,69.85,69,68.75,69.85,68.8,61.25,42.1,28.5333,18.9,6.6,-2.45,-2.38,NA,NA
214,Boulder,ST,ND,10,ST10,ST10ND,NDST10,29.0375,26,0.06,0.55,0.35,0,0,0,0,0,NA,0,0,NA,NA,21.3,21.3,17.75,12.7,3.25,3,3,3.2667,3.3667,3.2,NA,NA,NA,NA
215,Boulder,ST,ND,11,ST11,ST11ND,NDST11,NA,26,no pot,no pot,no pot,no pot,NA,NA,NA,NA,NA,NA,NA,NA,NA,4.5,NA,NA,NA,3,3,3.5,4.1667,4.5,3.6667,NA,NA,NA,NA
216,Boulder,ST,ND,12,ST12,ST12ND,NDST12,NA,26,no pot,no pot,no pot,no pot,NA,NA,NA,NA,NA,NA,NA,NA,NA,6.1,NA,NA,NA,5.65,4.5,4,4.9,3.8667,3.7333,NA,NA,NA,NA
217,Boulder,ST,ND,13,ST13,ST13ND,NDST13,28.45,26,no pot,no pot,no pot,no pot,NA,NA,NA,0,NA,0,0,NA,NA,6.5,6.5,6.2,5.08,5.65,3.95,3.5,3.9667,2.9333,2.6667,NA,NA,NA,NA
218,Boulder,ST,ND,14,ST14,ST14ND,NDST14,28.775,26,1.9,1.79,4.49,0,0.175,0,0.175,1,green,13,48.4,3.72308,13.3,82,82,81.75,81.28,78.85,58.85,41.8,26.5333,11.5,4.1667,-3.9,-3.08,NA,NA
219,Boulder,ST,ND,15,ST15,ST15ND,NDST15,28.1875,26,1.37,1.54,3.69,0.0228,0.2025,0.1186,0.3439,1,green,8,35.9,4.4875,21.8,73.66,6.6,66.5,73.66,73.2,66.15,49.5,29.2,14.4,4.5333,-2.98,-3.4,NA,NA
220,Boulder,ST,ND,16,ST16,ST16ND,NDST16,27.11666667,26,1.37,1.92,3.49,0,0.2027,0.0922,0.2949,1,green,9,38.2,4.24444,14.26,60.9,58.9,59.15,60.325,60.55,49.55,35.35,26.3667,16.8,6.8,-3.7,-4.2,NA,NA
221,Boulder,ST,ND,17,ST17,ST17ND,NDST17,26.05,26,0.21,0.58,0.4,0,0,0.0511,0.0511,1,NA,0,0,NA,NA,16.8,16.8,9,4.445,13,5,3.55,3.1333,3.0667,2.4667,-0.6,-1,NA,NA
222,Boulder,ST,D,1,ST01,ST1D,DST1,7.5625,25,tr,tr,tr,tr,0.083,0,0.083,1,green,9,21.6,2.7,8.21111,55.5,54.8,55.15,54.61,54.6,44.35,33,29.9,18.0333,5.9333,NA,NA,-0.65,-1.5
223,Boulder,ST,D,2,ST02,ST2D,DST2,13.025,25,0.19,0.63,0.44,0,0,0,0,0,NA,0,0,NA,NA,34,34,22.45,13.335,4.1,3.6,3.6,3.6,3.5,2.9333,-0.65,-2.25,NA,NA
224,Boulder,ST,D,3,ST03,ST3D,DST3,9.166666667,25,0.72,1.12,2.73,0,0.0284,0.1073,0.1357,1,green,6,14.2,2.36667,3.72857,34.4,34.4,30.3,29.21,32.05,23.15,15.55,7.4,3.5,3.0667,-6.5,-6.5,NA,NA
225,Boulder,ST,D,4,ST04,ST4D,DST4,9.99375,25,tr,tr,tr,tr,0,0.0474,0.0474,1,NA,0,0,NA,NA,56.9,56.9,56.1,55.88,55.95,48.65,35.2,22.3,9.0667,4,NA,NA,-0.4,-1.8
226,Boulder,ST,D,5,ST05,ST5D,DST5,NA,25,no pot,no pot,no pot,no pot,NA,NA,NA,NA,NA,NA,NA,NA,NA,3.6,NA,NA,NA,3.6,3.6,3.6,3.6,3.1,2.9,NA,NA,NA,NA
227,Boulder,ST,D,6,ST06,ST6D,DST6,10.4,25,0.42,0.81,2.66,0,0.1159,0.0708,0.1867,1,green,10,35.5,3.55,13.81667,64.8,64.8,64.35,63.5,58.8,48.45,34.65,22,8.4333,4.1,-1.5,-1.65,NA,NA
228,Boulder,ST,D,7,ST07,ST7D,DST7,7.4375,25,1.25,1.24,2.19,0,0.1385,0,0.1385,1,green,12,39.4,3.28333,15.01429,57.9,57.9,56.55,55.88,56.3,46.4,34.85,27.1333,14.2333,3.9667,-6.5,-4.3,NA,NA
229,Boulder,ST,D,8,ST08,ST8D,DST8,8.65625,25,0.69,0.59,2.66,0,0.0558,0.0533,0.1091,1,green,4,15.9,3.975,15.68,58.5,50.3,53.9,57.785,58,50.6,39.15,32.5667,18.5667,6.5333,-5.85,-6,NA,NA
230,Boulder,ST,D,9,ST09,ST9D,DST9,NA,25,no pot,no pot,no pot,no pot,NA,NA,NA,NA,NA,NA,NA,NA,NA,3.7,NA,NA,NA,3.7,3.7,3.7,3.6333,3,2.5,NA,NA,NA,NA
231,Boulder,ST,D,10,ST10,ST10D,DST10,NA,25,no pot,no pot,no pot,no pot,NA,NA,NA,NA,NA,NA,NA,NA,NA,3.5,NA,NA,NA,3.5,3.5,3.5,3.3667,3.3,3.1333,NA,NA,NA,NA
232,Boulder,ST,D,11,ST11,ST11D,DST11,7.822222222,25,tr,tr,tr,tr,0.1663,0,0.1663,1,green,13,42.5,3.26923,14.86,52.07,40.2,51.4,52.07,44.95,39.45,31.8,26.5,16.6667,5.4,NA,NA,NA,NA
233,Boulder,ST,D,12,ST12,ST12D,DST12,8.892857143,25,0.5,0.72,1.82,0,0.0327,0.0729,0.1056,1,green,1,4.9,4.9,16.35,46.6,40.3,46.15,45.72,44,29.2,20.9,12.6,3.5,3.1667,NA,NA,NA,NA
234,Boulder,ST,D,13,ST13,ST13D,DST13,9.05,25,0.39,0.97,1.57,0,0.0557,0.0712,0.1269,1,green,3,12.4,4.13333,15.575,46.99,46.3,46.3,46.99,46.15,33.95,23.55,14.9333,11.4333,4.7,NA,NA,-0.35,-1.47
235,Boulder,ST,D,14,ST14,ST14D,DST14,6.757142857,25,tr,tr,tr,tr,0.2688,0.0355,0.3043,1,green,12,44.3,3.69167,24,71.4,71.4,71.2,70.485,70.35,60.15,49.5,38.8333,20.2667,5.1667,NA,NA,-3.45,-3.3
236,Boulder,ST,D,15,ST15,ST15D,DST15,NA,25,no pot,no pot,no pot,no pot,NA,NA,NA,NA,NA,NA,NA,NA,NA,6.3,NA,NA,NA,6.3,6.3,6.3,6.3,6.2333,4.9667,NA,NA,NA,NA
237,Boulder,ST,D,16,ST16,ST16D,DST16,7.43,25,no pot,no pot,no pot,no pot,0.1277,0.0641,0.1918,1,green,7,26.1,3.72857,17.9375,58,58,57.9,57.785,55,42.55,30.8,25.3,15.1667,4.4667,-6.5,-6.5,NA,NA
238,Boulder,ST,D,17,ST17,ST17D,DST17,9.6,25,0.5,0.81,2,0,0.0382,0.0158,0.054,1,green,2,8.7,4.35,18.46667,54.61,54.3,53.9,54.61,51.8,40.9,33.6,28.0333,15.6,5.85,-1.85,-2.45,NA,NA
239,Boulder,WR,ND,1,WR01,WR1ND,NDWR1,27.0875,30,1.14,0.77,3.47,0.0389,0.0536,0.1322,0.2247,1,green,8,20.6,2.575,6.91,54.1,48.04,43,43,39.37,38.5333,33.15,19.9333,11.6667,7.15,NA,NA,-0.4,-1.05
240,Boulder,WR,ND,2,WR02,WR2ND,NDWR2,26.875,30,0,0.5,0.66,0,0,0,0,0,NA,0,0,NA,NA,28.6,16.72,8.2,7.8,6.35,5.9,5.7,5.4333,5.3667,4.45,NA,NA,NA,NA
241,Boulder,WR,ND,3,WR03,WR3ND,NDWR3,NA,30,no pot,no pot,no pot,no pot,NA,NA,NA,NA,NA,NA,NA,NA,NA,3.2,NA,NA,NA,NA,3.2,3.2,3.2,3.0667,3,NA,NA,NA,NA
242,Boulder,WR,ND,4,WR04,WR4ND,NDWR4,NA,30,no pot,no pot,no pot,no pot,NA,NA,NA,NA,NA,NA,NA,NA,NA,7.1,NA,NA,NA,NA,7.1,7.1,7.0667,6.9,5.3,NA,NA,NA,NA
243,Boulder,WR,ND,5,WR05,WR5ND,NDWR5,27.33333333,30,0.34,0.31,1.7,0.0193,0,0.0566,0.0759,1,NA,0,0,NA,NA,53.1,40.68,20.8,17.4,27.305,8.8333,6.25,5.7333,5.2667,3.9,NA,NA,NA,NA
244,Boulder,WR,ND,6,WR06,WR6ND,NDWR6,27.3875,30,1.37,1.37,4.72,0,0.2191,0,0.2191,1,green,25,72.8,2.8,11.13929,57.15,51.74,54.05,56.9,57.15,40.2333,35.55,32.8667,20.3667,7.05,-0.45,-1.4,NA,NA
245,Boulder,WR,ND,7,WR07,WR7ND,NDWR7,24.42,30,2.98,1.69,4.26,0,0.133,0.0078,0.1408,1,green,11,39.8,3.61818,14.55833,62.5,61.86,61.8,61.1,62.23,61.8333,48.55,32.3667,15.1667,4.5,-1.95,-1.95,NA,NA
246,Boulder,WR,ND,8,WR08,WR8ND,NDWR8,26.81666667,30,NA,NA,NA,NA,NA,NA,NA,0,NA,0,0,NA,NA,7.6,7.32,7.05,6.9,5.715,6.6333,5.95,5.9,5.9,5.25,NA,NA,NA,NA
247,Boulder,WR,ND,9,WR09,WR9ND,NDWR9,25.06,30,2.48,2.41,7.28,0,0.0396,0,0.0396,1,green,3,13.7,4.56667,12.75,66.3,65.46,64,64,64.77,62.7333,51.1,34.5333,21.1333,8.65,NA,NA,-0.3,-1.3
248,Boulder,WR,ND,10,WR10,WR10ND,NDWR10,NA,30,no pot,no pot,no pot,no pot,NA,NA,NA,NA,NA,NA,NA,NA,NA,3.6,NA,NA,NA,NA,3.6,3.6,3.6,3.5,3.35,NA,NA,NA,NA
249,Boulder,WR,ND,11,WR11,WR11ND,NDWR11,25.825,30,1.81,1.29,4.42,0.0217,0.1528,0.1373,0.3118,1,green,16,34.8,2.67692,13.89375,60.1,58.36,59.65,55.9,59.055,57.1667,47.6,26.5667,11.8,5.65,-2.2,-3.25,NA,NA
250,Boulder,WR,ND,12,WR12,WR12ND,NDWR12,26.5375,30,1.01,1.18,4.2,0,0.2285,0.0877,0.3162,1,green,17,50.5,2.97059,15.53684,53.9,53.8,53.3,52,53.34,53.2333,50.9,36.3,17.9,5.7,-1.95,-2,NA,NA
251,Boulder,WR,ND,13,WR13,WR13ND,NDWR13,25.825,30,0.49,0.58,1.73,0.0506,0,0.1137,0.1643,1,NA,0,0,NA,NA,57.5,42.62,22.8,18.6,16.51,4.2667,3.9,3.8,3.5333,3.25,NA,NA,NA,NA
252,Boulder,WR,ND,14,WR14,WR14ND,NDWR14,26.54,30,1.1,1.28,4.46,0.0278,0.231,0.0412,0.3,1,green,19,60.4,3.17895,11.6381,57,56.52,56.25,54.4,54.61,39.2,31,15.7333,5.9667,2.3,-2,-2,NA,NA
253,Boulder,WR,ND,15,WR15,WR15ND,NDWR15,26.43333333,30,0.33,0.3,0.68,0.0601,0,0.0601,0.1202,1,NA,0,0,NA,NA,31.3,23.5,13.5,8.7,6.985,5.0667,3.7,3.7,3.6667,3.45,NA,NA,NA,NA
254,Boulder,WR,ND,16,WR16,WR16ND,NDWR16,23.425,30,7,3.39,9.56,0,1.162,0,1.162,1,purple,70,271.2,3.93043,16.04559,65.5,64.56,64.35,64.2,63.5,56.7667,54.7,37,23.0667,7,-6.5,-6.5,NA,NA
255,Boulder,WR,ND,17,WR17,WR17ND,NDWR17,26.21666667,30,2.28,1.77,5.28,0.0329,0.2192,0.0329,0.285,1,green,18,57.4,3.02105,12.09524,63.4,58.78,60.35,55.8,54.61,50.7,38.95,26.8,16.6667,6.55,-0.9,-2.4,NA,NA
256,Boulder,WR,D,1,WR01,WR1D,DWR1,7.95625,29,tr,tr,tr,tr,0.0552,0.0859,0.1411,1,green,10,24.6,2.46,5.375,48.9,48.46,47.8,47.6,48.895,39.9,33.4,23.4333,15.8333,7.45,NA,NA,-0.55,-0.75
257,Boulder,WR,D,2,WR02,WR2D,DWR2,11.23571429,29,0.44,1.02,1.32,0,0,0.03,0.03,1,NA,0,0,NA,NA,61.5,53,36.2,33.6,25.4,19.3,19.3,19.8,17.3,8.9,NA,NA,NA,NA
258,Boulder,WR,D,3,WR03,WR3D,DWR3,NA,29,no pot,no pot,no pot,no pot,0.0519,0,0.0519,1,green,3,11.5,3.83333,13.975,7.2,NA,NA,NA,NA,7.2,4.9,4.8667,4.4667,4.1,NA,NA,NA,NA
259,Boulder,WR,D,4,WR04,WR4D,DWR4,7.278571429,29,tr,tr,tr,tr,0.175,0.0079,0.1829,1,green,22,70.6,3.20909,7.68333,52.5,49.98,49.7,47.5,48.895,51.6,43.5,29.4667,13.7,6.7,NA,NA,NA,NA
260,Boulder,WR,D,5,WR05,WR5D,DWR5,NA,29,no pot,no pot,no pot,no pot,NA,NA,NA,NA,NA,NA,NA,NA,NA,4.4,NA,NA,NA,NA,4.4,4.4,4.1333,3.9667,3.4,NA,NA,NA,NA
261,Boulder,WR,D,6,WR06,WR6D,DWR6,7.488888889,29,0.86,1.85,3.29,0.0157,0.2339,0.0338,0.2834,1,green,22,68.3,3.10455,11.65,43.815,41.7,42.9,41.2,43.815,38,38.35,36.4333,23.3,9.3,-6.5,-2.75,NA,NA
262,Boulder,WR,D,7,WR07,WR7D,DWR7,6.964285714,29,1.4,2.13,3.93,0,0.3043,0.0121,0.3164,1,green,24,80.7,3.3625,13.17308,53.975,53.66,53.2,53.4,53.975,44.8,40,39.3667,27.8333,9.6,-1.95,-3.3,NA,NA
263,Boulder,WR,D,8,WR08,WR8D,DWR8,8.705555556,29,tr,tr,tr,tr,0.0592,0.0339,0.0931,1,green,4,15.5,3.875,16.02,66.675,63,65.9,65.1,66.675,57.1667,43.3,30.6333,18.8,6.95,NA,NA,NA,NA
264,Boulder,WR,D,9,WR09,WR9D,DWR9,6.541666667,29,tr,tr,tr,tr,0.2016,0.021,0.2226,1,green,18,90.5,5.02778,12.57368,45.4,42.58,41,NA,41.275,39.2333,37.8,33.5,21.7,9.1,NA,NA,-1.15,-1.15
265,Boulder,WR,D,10,WR10,WR10D,DWR10,13.11,29,0.38,0.43,1.28,0.0435,0,0.0569,0.1004,1,NA,0,0,NA,NA,45.1,39.08,25.5,19.7,12.7,4.6,4.6,4.6,4.2333,3.8,NA,NA,NA,NA
266,Boulder,WR,D,11,WR11,WR11D,DWR11,9.61875,29,0.64,0.64,2.65,0.0102,0.1069,0.1439,0.261,1,green,9,25.3,2.81111,11.00909,51,50.68,50.25,49.8,49.53,46.6667,41.6,37.7333,20.5667,6,-2.2,-3.75,NA,NA
267,Boulder,WR,D,12,WR12,WR12D,DWR12,8.21875,29,0.89,0.93,2.96,0,0.203,0.0273,0.2303,1,green,13,43.7,3.36154,14.68667,50.6,50.44,50.2,49.8,49.53,40.5667,37.9,32.9,19.5667,7.3,-2,-2.25,NA,NA
268,Boulder,WR,D,13,WR13,WR13D,DWR13,12.85,29,no pot,no pot,no pot,no pot,NA,NA,NA,0,NA,0,0,NA,NA,6.35,5.2,5.2,5.1,6.35,5,4.9,4.8667,4.7333,3.6,NA,NA,NA,NA
269,Boulder,WR,D,14,WR14,WR14D,DWR14,8.28,29,0.75,1.56,3.84,0,0.3491,0.0218,0.3709,1,green,32,94.6,2.95625,13.66667,49.9,48.22,48.9,48.8,47.625,38.0667,29.8,17.0667,8.7,3.35,-3.55,-3.55,NA,NA
270,Boulder,WR,D,15,WR15,WR15D,DWR15,NA,29,no pot,no pot,no pot,no pot,NA,NA,NA,NA,NA,NA,NA,NA,NA,5.2,NA,NA,NA,NA,5.2,4.1,4.0333,3.6667,3.3,NA,NA,NA,NA
271,Boulder,WR,D,16,WR16,WR16D,DWR16,6.65,29,1.26,1.56,4.16,0.0133,0.4067,0.0133,0.4333,1,green,31,121.2,3.90968,24.46875,51.6,49.82,50.85,49.9,50.165,45.8333,39.95,32.5333,19.4333,7.15,-5.9,-5.95,NA,NA
272,Boulder,WR,D,17,WR17,WR17D,DWR17,9.48,29,0.76,1.28,3.13,0.0097,0.1505,0.1978,0.358,1,green,10,35.5,3.55,15.28333,46.4,45.82,46.4,45.7,46.355,36.6333,29.1,25.1,12.1667,3.9,-2.6,-2,NA,NA
273,Boulder,RC,ND,1,RC01,RC1ND,NDRC1,23.4,18,4.95,3.55,6.9,0,0.6181,0,0.6181,1,green,43,141.7,3.29535,16.37907,63.1,56.5,56.4,57.15,62.55,54.15,42.6,28.0667,13.7,6.6,-3.95,-4.1,NA,NA
274,Boulder,RC,ND,2,RC02,RC2ND,NDRC2,28.3625,18,1.54,1.56,3.72,0,0.1773,0.0737,0.251,1,green,11,34.8,3.16364,21.09167,59.9,59.9,49.15,52.07,52.45,42.45,32.55,22.7333,12.5667,8.3,-2,-2.65,NA,NA
275,Boulder,RC,ND,3,RC03,RC3ND,NDRC3,26.5625,18,3.06,2.56,5.34,0,0.3785,0.0083,0.3868,1,green,20,69.6,3.48,19.97,57.7,57.7,57.2,55.88,56.75,48.2,38.8,25.3667,11.5,5.7,-6.5,-6.5,NA,NA
276,Boulder,RC,ND,4,RC04,RC4ND,NDRC4,26.325,18,2.52,3.02,5.95,0,0.3814,0.0281,0.4095,1,green,19,71.2,3.74737,22.69524,62.4,NA,NA,60.325,58.05,62.3,59.05,42.9333,25.0667,16.6,-3.85,-4.05,NA,NA
277,Boulder,RC,ND,5,RC05,RC5ND,NDRC5,27.45,18,3.43,3.23,6.12,0,0.3912,0.0122,0.4034,1,green,30,75.1,2.34688,10.32188,62.8,59,61.25,57.15,62.05,56.8,50.1,36,18.7,10.3,-4.2,-6.5,NA,NA
278,Boulder,RC,ND,6,RC06,RC6ND,NDRC6,26.7375,18,5.14,3.26,7.3,0,0.4765,0,0.4765,1,green,20,96.2,4.81,17.28095,61.9,59.3,60.9,60.96,60.25,56.25,45.2,30.8667,14.1667,8.6,-4.05,-4,NA,NA
279,Boulder,RC,ND,7,RC07,RC7ND,NDRC7,27.4125,18,1.51,1.46,3.55,0,0.2611,0.0306,0.2917,1,green,16,53.7,3.35625,15.35294,54.8,50.1,54.15,51.435,51.15,42.75,33.45,19.1667,9.0333,6,-2.6,-4.8,NA,NA
280,Boulder,RC,ND,8,RC08,RC8ND,NDRC8,27.98333333,18,2.23,1.51,4.18,0,0.1637,0,0.1637,1,green,14,40.2,2.87143,14.33125,58.6,51.7,54,50.8,58.05,57.7,49.2,40.4667,24.4667,12.9,-4,-3.8,NA,NA
281,Boulder,RC,ND,9,RC09,RC9ND,NDRC9,28.43,18,0.06,0.17,0.37,0,0,0.0337,0.0337,1,NA,0,0,NA,NA,25.8,25.8,12,8.89,12.6,12.6,12.6,11.4667,9.5333,8.1,NA,NA,NA,NA
282,Boulder,RC,ND,10,RC10,RC10ND,NDRC10,NA,18,no pot,no pot,no pot,no pot,NA,NA,NA,NA,NA,NA,NA,NA,NA,5.8,NA,NA,NA,5.8,5.6,5.6,5.5333,4.6667,3.8,NA,NA,NA,NA
283,Boulder,RC,ND,11,RC11,RC11ND,NDRC11,27.88,18,1.13,1.21,3.39,0,0.0695,0.0602,0.1297,1,green,5,17.9,3.58,11.47143,53.4,52.2,52.1,51.435,53.4,48.95,41.3,35.6,16.7333,7.2,-1.6,-3.2,NA,NA
284,Boulder,RC,ND,12,RC12,RC12ND,NDRC12,28.3125,18,0.59,1.21,1.9,0,0.3022,0.0902,0.3924,1,green,14,58.8,4.2,20.6625,55.245,NA,NA,55.245,52.55,47.95,41.25,34.7667,15.8,8.9,NA,NA,-0.7,-1.8
285,Boulder,RC,ND,13,RC13,RC13ND,NDRC13,28.8625,18,1.55,1.37,4.08,0,0.172,0,0.172,1,green,16,46.7,2.91875,12.47222,49.8,49.8,49.8,49.53,47.65,46.05,41.3,28.5667,18.9,11.1,NA,NA,-0.58,-1.8
286,Boulder,RC,ND,14,RC14,RC14ND,NDRC14,27.55,18,1.38,1.69,4.06,0,0.1571,0.0396,0.1967,1,green,12,36.4,3.03333,13.13571,58.42,53.5,55.7,58.42,55.15,48.45,42.95,35.4,18.8333,9.2,-6,-6.1,NA,NA
287,Boulder,RC,ND,15,RC15,RC15ND,NDRC15,26.16666667,18,2.61,2.11,3.73,0.0462,0.0383,0.0816,0.1661,1,green,2,9.1,4.55,13.16667,76,61.8,61.5,65.405,75.9,72.9,62,42.9333,22.8667,11.1,-2.08,-3.73,NA,NA
288,Boulder,RC,ND,16,RC16,RC16ND,NDRC16,NA,18,no pot,no pot,no pot,no pot,NA,NA,NA,NA,NA,NA,NA,NA,NA,7.2,NA,NA,NA,7.2,7.2,7.2,6.1667,4.5,1,NA,NA,NA,NA
289,Boulder,RC,ND,17,RC17,RC17ND,NDRC17,25.625,18,NA,NA,NA,NA,NA,NA,NA,0,NA,0,0,NA,NA,49.8,49.8,42.45,40.64,32.3,27.8,24.05,17.5,8.9333,6.2,NA,NA,NA,NA
290,Boulder,RC,D,1,RC01,RC1D,DRC1,6.864285714,17,tr,tr,tr,tr,0.0582,0,0.0582,1,green,8,25.7,3.2125,8.65556,38.6,36.5,36.15,33.02,38.6,36,34.6,30.9667,15.6333,6.6,-8.24,-8.8,NA,NA
291,Boulder,RC,D,2,RC02,RC2D,DRC2,8.288888889,17,0.99,0.99,1.95,0,0.0872,0.0103,0.0975,1,green,9,27.3,3.03333,11.51,49.7,48.4,49.7,48.895,47.85,39.85,30.2,24.5,14,6.5,-3.1,-6.5,NA,NA
292,Boulder,RC,D,3,RC03,RC3D,DRC3,7.17,17,1.15,0.96,2.17,0,0.1312,0,0.1312,1,green,10,37.4,3.4,12.06667,51.6,50,51.6,50.8,51.1,45,35.3,25.0333,13.3,4.5,-5.7,-6.5,NA,NA
293,Boulder,RC,D,4,RC04,RC4D,DRC4,7.65,17,tr,tr,tr,tr,0.2631,0.0121,0.2752,1,green,14,53.5,3.82143,20.1875,69.215,68.8,68.55,69.215,67.05,61.5,49.6,37.9,22.8333,13.8,NA,NA,NA,NA
294,Boulder,RC,D,5,RC05,RC5D,DRC5,8.1875,17,0.92,1.99,2.92,0,0.2138,0.0723,0.2861,1,green,16,36,2.4,14.95882,54.9,54.2,54.7,49.53,54.5,50.1,43.05,31.1667,15.6667,6.6,-5.3,-6.5,NA,NA
295,Boulder,RC,D,6,RC06,RC6D,DRC6,7.264285714,17,tr,tr,tr,tr,0.1723,0,0.1723,1,green,8,36.7,4.5875,24.32222,57.3,56.1,56.7,55.88,52.8,47.1,39.75,33.1667,16.6667,10.1,NA,NA,-4.95,-6.5
296,Boulder,RC,D,7,RC07,RC7D,DRC7,7.35625,17,1.02,0.99,3.03,0,0.4692,0,0.4692,1,green,25,87.3,3.492,22.61154,46.6,44,42.9,43.18,46.15,42.7,35.7,23.9,10.3,4.9,-6.2,-6.5,NA,NA
297,Boulder,RC,D,8,RC08,RC8D,DRC8,10.32857143,17,0.63,0.77,2.06,0,0.0766,0.0597,0.1363,1,green,6,18.9,3.15,11.6875,54.3,47.1,46.95,48.895,54.2,53.85,46.9,38.1333,23.0333,11.5,-2.1,-2.35,NA,NA
298,Boulder,RC,D,9,RC09,RC9D,DRC9,NA,17,no pot,no pot,no pot,no pot,NA,NA,NA,NA,NA,NA,NA,NA,NA,6.9,NA,NA,NA,6.9,6.9,6.9,6.7333,5.8667,4.6,NA,NA,NA,NA
299,Boulder,RC,D,10,RC10,RC10D,DRC10,NA,17,no pot,no pot,no pot,no pot,NA,NA,NA,NA,NA,NA,NA,NA,NA,7.4,NA,NA,NA,4.5,4.5,5.95,7.4,7.3,6,NA,NA,NA,NA
300,Boulder,RC,D,11,RC11,RC11D,DRC11,7.85625,17,1.05,1.46,2.78,0,0.3015,0.0087,0.3102,1,green,14,44.2,3.4,24.25,45.7,43.6,44.1,43.18,45.7,42.9,36.1,24.9667,14.8,6.6,-6.5,-6.5,NA,NA
301,Boulder,RC,D,12,RC12,RC12D,DRC12,7.764285714,17,1.31,1.67,3.18,0,0.1587,0.0102,0.1689,1,green,10,35.2,3.52,16.925,52.9,52.9,52.65,52.07,51.85,48.75,42.1,31.4667,14.5,8.4,NA,NA,-0.75,-2.7
302,Boulder,RC,D,13,RC13,RC13D,DRC13,8.292857143,17,0.96,3.22,1.51,0,0.1104,0.0063,0.1167,1,green,8,28.7,3.5875,14.83,45.5,45.5,44.3,43.815,41.4,38.55,36.45,35.9,25.8333,19.9,NA,NA,-0.8,-1.9
303,Boulder,RC,D,14,RC14,RC14D,DRC14,8.691666667,17,0.98,1.71,3.2,0,0.0538,0.0521,0.1059,1,purple,3,11,3.66667,16.375,56,56,55.7,53.34,48.4,40.6,30.3,20.9,9.7667,5.1,-6.5,-6.5,NA,NA
304,Boulder,RC,D,15,RC15,RC15D,DRC15,7.29,17,tr,tr,tr,tr,0.1465,0.0106,0.1571,1,green,8,27.2,3.4,17,61.4,57.3,59.9,60.96,50.1,44.2,34.95,23.8667,11.8333,8.5,NA,NA,NA,NA
305,Boulder,RC,D,16,RC16,RC16D,DRC16,NA,17,no pot,no pot,no pot,no pot,NA,NA,NA,NA,NA,NA,NA,NA,NA,3.5,NA,NA,NA,3.5,3.5,3.5,3.4333,2.7333,2.5,NA,NA,NA,NA
306,Boulder,RC,D,17,RC17,RC17D,DRC17,NA,17,no pot,no pot,no pot,no pot,NA,NA,NA,NA,NA,NA,NA,NA,NA,3,NA,NA,NA,3,3,3,3,2.8,2.6,NA,NA,NA,NA
307,Boulder,RM,ND,1,RM01,RM1ND,NDRM1,27.8125,20,0.77,1.44,2.13,0.0743,0.1063,0.1822,0.3628,1,green,8,20.1,2.5125,14.65,51.2,44.16,34.75,31.8,32.385,30.3667,33.15,27.3,14.3667,4.3,NA,NA,-0.2,-1.65
308,Boulder,RM,ND,2,RM02,RM2ND,NDRM2,28.15,20,1.53,2.13,6.13,0,0.2235,0.1742,0.3977,1,green,14,56.6,4.04286,15.625,76.3,75.3,75,73.9,74.93,65.0667,45.55,31.0667,15.2667,6.05,NA,NA,NA,NA
309,Boulder,RM,ND,3,RM03,RM3ND,NDRM3,NA,20,no pot,no pot,no pot,no pot,NA,NA,NA,NA,NA,NA,NA,NA,NA,6.5,NA,NA,NA,NA,5.9333,4.2,4.2,4.3333,4.15,NA,NA,NA,NA
310,Boulder,RM,ND,4,RM04,RM4ND,NDRM4,29.19,20,0.48,1.05,1.8,0,0,0.0497,0.0497,1,NA,0,0,NA,NA,75.5,54.02,42.65,42,33.02,7.2,4,3.8333,3.5,3.3,NA,NA,-0.25,-2.15
311,Boulder,RM,ND,5,RM05,RM5ND,NDRM5,NA,20,no pot,no pot,no pot,no pot,NA,NA,NA,NA,NA,NA,NA,NA,NA,4,NA,NA,NA,NA,3.5333,3.9,3.7667,3.3667,3.1,NA,NA,NA,NA
312,Boulder,RM,ND,6,RM06,RM6ND,NDRM6,NA,20,no pot,no pot,no pot,no pot,NA,NA,NA,NA,NA,NA,NA,NA,NA,4.9,NA,NA,NA,NA,4.7667,4.5,4.3667,4.1,4.15,NA,NA,NA,NA
313,Boulder,RM,ND,7,RM07,RM7ND,NDRM7,28.43,20,0.22,0.42,0.96,0.0182,0,0.0182,0.0364,1,NA,0,0,NA,NA,50.6,43.66,31.3,26.8,26.67,9.7,3.65,2.5,2.1667,2,-0.4,-1.3,NA,NA
314,Boulder,RM,ND,8,RM08,RM8ND,NDRM8,29.91,20,1.46,1.35,3.55,0,0.0994,0.0981,0.1975,1,green,14,37.7,2.69286,7.825,66.3,66.3,66.05,66.3,66.04,44.2,42.2,25.0667,10.6,4.3,-2.3,-2.9,NA,NA
315,Boulder,RM,ND,9,RM09,RM9ND,NDRM9,27.87,20,2.08,1.89,5.73,0.0694,0.1905,0.1034,0.3633,1,green,8,37.3,4.6625,19.82,57.15,56.2,57.1,55,57.15,51.0667,32.45,19.9667,10.3,2.3,-6,-3.2,NA,NA
316,Boulder,RM,ND,10,RM10,RM10ND,NDRM10,NA,20,no pot,no pot,no pot,no pot,NA,NA,NA,NA,NA,NA,NA,NA,NA,5.5,NA,NA,NA,NA,5.5,5.5,5.5,5.1667,4.55,NA,NA,NA,NA
317,Boulder,RM,ND,11,RM11,RM11ND,NDRM11,29.5875,20,0.05,0.28,0.42,0.0549,0,0.0549,0.1098,1,NA,0,0,NA,NA,49,45,28.3,15.5,6.35,4.4,4.2,3.7667,3.5,3.5,NA,NA,NA,NA
318,Boulder,RM,ND,12,RM12,RM12ND,NDRM12,29.75,20,1,2.06,3.95,0.0415,0.1218,0.1102,0.2735,1,green,6,25.3,4.21667,16.675,73.5,73.28,73.3,62.8,73.025,71.3,52.2,39.3667,23.0333,9.55,NA,NA,NA,NA
319,Boulder,RM,ND,13,RM13,RM13ND,NDRM13,NA,20,no pot,no pot,no pot,no pot,NA,NA,NA,NA,NA,NA,NA,NA,NA,4.2,NA,NA,NA,NA,4.2,4.15,4.1,4.1,3,NA,NA,NA,NA
320,Boulder,RM,ND,14,RM14,RM14ND,NDRM14,27.54166667,20,3,2.65,6.24,0,0.2123,0.13,0.3423,1,green,18,51.3,2.85,11.03,68.7,67.32,68.2,68,67.945,64.4333,41.75,30.9,17.3667,6.8,-6.25,-6.25,NA,NA
321,Boulder,RM,ND,15,RM15,RM15ND,NDRM15,29.2375,20,1.34,1.89,5.11,0,0.2047,0.0716,0.2763,1,green,11,41.7,3.79091,16.03846,84.5,80.42,74.3,69.1,78.105,71.9667,53.45,38,21.4333,6.85,-3.25,-2.75,NA,NA
322,Boulder,RM,ND,16,RM16,RM16ND,NDRM16,29.26666667,20,2.4,2.53,6.1,0,0.2435,0.1724,0.4159,1,green,22,81.7,3.71364,12.11667,79.5,78.88,78.9,78.4,77.47,75.4333,56.15,38.1667,19.7667,6.15,-3.5,-2.35,NA,NA
323,Boulder,RM,ND,17,RM17,RM17ND,NDRM17,26.9,20,1.97,2.35,5.59,0,0.2087,0.0338,0.2425,1,green,15,52.1,3.47333,13.74118,63.6,63.04,62.55,61.9,63.5,57.2667,43.6,32.3,14.5667,5.8,-7,-7,NA,NA
324,Boulder,RM,D,1,RM01,RM1D,DRM1,7.46875,19,tr,tr,tr,tr,0.1881,0,0.1881,1,green,14,43,3.07143,12.4125,47.625,47.08,46.9,46.4,47.625,46.5,35.5,25.5333,15.3667,6.45,NA,NA,-0.5,-3.2
325,Boulder,RM,D,2,RM02,RM2D,DRM2,8.2,19,no pot,no pot,no pot,no pot,NA,NA,NA,0,NA,0,0,NA,NA,3.1,NA,NA,NA,NA,2.9,2.9,2.9,2.9,2.9,NA,NA,NA,NA
326,Boulder,RM,D,3,RM03,RM3D,DRM3,NA,19,no pot,no pot,no pot,no pot,NA,NA,NA,NA,NA,NA,NA,NA,NA,3,NA,NA,NA,NA,3,3,2.9667,2.8333,2.55,NA,NA,NA,NA
327,Boulder,RM,D,4,RM04,RM4D,DRM4,8.428571429,19,tr,tr,tr,tr,0.1102,0,0.1102,1,green,12,41.1,3.425,11.30714,66.9,61.98,66.85,66.6,66.04,64.1,48.35,39.2,19.3333,6.15,NA,NA,-0.7,-3.25
328,Boulder,RM,D,5,RM05,RM5D,DRM5,NA,19,no pot,no pot,no pot,no pot,NA,NA,NA,NA,NA,NA,NA,NA,NA,3.8,NA,NA,NA,NA,3.8,3.8,3.6667,3.4,3.25,NA,NA,NA,NA
329,Boulder,RM,D,6,RM06,RM6D,DRM6,12.17857143,19,0.74,1.04,2.44,0.0119,0.0301,0.124,0.166,1,green,2,6.4,3.2,10.23333,49.9,49.08,49.2,48.4,48.895,45.3667,30.55,21.1,9.1667,3.2,NA,NA,NA,NA
330,Boulder,RM,D,7,RM07,RM7D,DRM7,7.8625,19,0.9,1.89,3.38,0,0.151,0,0.151,1,green,13,39.3,3.02308,11.9,64.7,63.5,64.3,62.5,64.135,54.7333,34.45,24.0333,11.7,4.8,-2.25,-2.25,NA,NA
331,Boulder,RM,D,8,RM08,RM8D,DRM8,8.53125,19,1.26,1.5,2.84,0,0.1881,0.0383,0.2264,1,green,15,45.8,3.05333,11.56471,53.4,50.52,53.15,53,52.07,48.1,32,26.1667,12.8,3.85,-3.8,-2.7,NA,NA
332,Boulder,RM,D,9,RM09,RM9D,DRM9,7.19375,19,1.24,1.61,2.24,0,0.2179,0,0.2179,1,green,12,52,4.33333,16.39286,47.8,47.02,47.1,47,45.72,43.5667,30.55,24.8,13.6,5.75,-2,-2.1,NA,NA
333,Boulder,RM,D,10,RM10,RM10D,DRM10,9.808333333,19,tr,tr,tr,tr,0.0835,0.047,0.1305,1,green,6,20.7,3.45,13.775,60.5,52.9,52.7,55.5,59.69,59.3,45.5,35.8,18.1,6.85,NA,NA,NA,NA
334,Boulder,RM,D,11,RM11,RM11D,DRM11,NA,19,no pot,no pot,no pot,no pot,NA,NA,NA,NA,NA,NA,NA,NA,NA,5,NA,NA,NA,NA,5,5,4.9333,4.4333,4.1,NA,NA,NA,NA
335,Boulder,RM,D,12,RM12,RM12D,DRM12,NA,19,no pot,no pot,no pot,no pot,NA,NA,NA,NA,NA,NA,NA,NA,NA,7.9,NA,NA,NA,NA,7.2,6.5,6.5,6.4667,5.85,NA,NA,NA,NA
336,Boulder,RM,D,13,RM13,RM13D,DRM13,9.594444444,19,1.26,tr,tr,tr,0.0536,0,0.0536,1,green,2,8.5,4.25,13.4,49.6,48.64,48.35,47.9,48.895,37.7667,31.85,26.3667,14.9667,6.25,NA,NA,NA,NA
337,Boulder,RM,D,14,RM14,RM14D,DRM14,7.588888889,19,1.43,2.01,2.82,0,0.1782,0,0.1782,1,green,13,32,2.46154,13.75333,69.6,68.8,68.9,67.6,68.58,56.3667,41.45,27.2667,16.1,6.2,-5,-3.1,NA,NA
338,Boulder,RM,D,15,RM15,RM15D,DRM15,8.158333333,19,0.69,1.42,2.39,0,0.144,0.009,0.153,1,green,8,31.3,3.9125,12.74,64.5,63.96,63.8,63.8,64.135,52.0333,44.45,35.2333,21.8,10.2,-3.4,-2.15,NA,NA
339,Boulder,RM,D,16,RM16,RM16D,DRM16,7.3,19,1.49,1.64,2.63,0.0204,0.1334,0.0562,0.21,1,green,11,35.9,3.26364,12.75385,55.88,53.84,53.75,53.5,55.88,47.3667,45.05,40.1333,21.3333,8.2,-1.5,-2.7,NA,NA
340,Boulder,RM,D,17,RM17,RM17D,DRM17,7.74,19,1.1,1.57,2.39,0,0.2209,0.045,0.2659,1,green,18,55.8,3.1,13.83684,54.61,54.06,54,53,54.61,50.5333,41.5,31.2667,16.9,5.75,-2.65,-2.65,NA,NA
341,N. Colorado,SGS,ND,1,SGS01,SGS1ND,NDSGS1,27.27,24,NA,NA,NA,NA,0.0934,0.2076,0.301,1,green,11,32.1,2.91818,7.01667,57.5,54.625,54.4,56.4,55.34,NA,55.3667,32.65,21.1,6.3,NA,NA,-1.25,-1.45
342,N. Colorado,SGS,ND,2,SGS02,SGS2ND,NDSGS2,26.81,24,0.21,0.79,0.6,0.0717,0,0.0717,0.1434,1,NA,0,0,NA,NA,44.4,33.6333,27.4,22.7,11.41,NA,5.9333,5.6,5.3,5.0333,-0.73,-1.58,NA,NA
343,N. Colorado,SGS,ND,3,SGS03,SGS3ND,NDSGS3,26.82,24,NA,NA,NA,NA,0.3561,0.0337,0.3898,1,green,27,73.5,2.72222,11.43793,68,67.3,68,67.5,66.77,NA,51.9,34.85,21.9667,6.7,NA,NA,-0.75,-1.75
344,N. Colorado,SGS,ND,4,SGS04,SGS4ND,NDSGS4,27.75,24,0.16,0.61,0.83,0.1187,0,0.1187,0.2374,1,NA,0,0,NA,NA,61.9,53.1667,34.2,16.4,8.025,NA,7.1,7.25,7.4,7.2,-0.6,-1.4,NA,NA
345,N. Colorado,SGS,ND,5,SGS05,SGS5ND,NDSGS5,26.86,24,2.97,3.08,5.15,0.0907,0.118,0.0907,0.2994,1,green,15,56.1,3.74,8.025,72.1,70.46,72,71.5,70.31,NA,54.9,40.6,23.5,7.4667,-2.89,-3.39,-0.75,-1.4
346,N. Colorado,SGS,ND,6,SGS06,SGS6ND,NDSGS6,29.21,24,0.69,0.85,1.23,0.0818,0,0.0818,0.1636,1,NA,0,0,NA,NA,57,54.1167,39.5,27.4,18.205,NA,3.9,3.9,3.8667,3.2,NA,NA,NA,NA
347,N. Colorado,SGS,ND,7,SGS07,SGS7ND,NDSGS7,24.7,24,3.15,3.61,7.53,0.0615,0.3038,0.0615,0.4268,1,green,30,77.9,2.5129,10.23333,60.6,58.9833,60,58.9,59.51,NA,54.9333,34.25,24.0667,9.5333,-3.25,-5.05,-1.5,-2.4
348,N. Colorado,SGS,ND,8,SGS08,SGS8ND,NDSGS8,25.96666667,24,2.62,2.53,5.33,0.2088,0.0587,0.2088,0.4763,1,green,8,21.7,2.7125,7.1,74.2,65.1167,56.5,56.1,55.355,NA,40.9333,27.5,17.1333,6.7667,-2.6,-3.03,-1.75,-2.45
349,N. Colorado,SGS,ND,9,SGS09,SGS9ND,NDSGS9,29.2,24,1.91,1.67,3.08,0.228,0.0533,0.228,0.5093,1,green,6,14,2.33333,6.825,58.5,57.3833,53.9,36.1,35.985,NA,34.1333,17.9,5.4333,4.1,-2.9,-2.72,-0.4,-1.5
350,N. Colorado,SGS,ND,10,SGS10,SGS10ND,NDSGS10,27.1,24,2.82,3.17,5.04,0,0.1986,0,0.1986,1,green,18,57.5,3.19444,10.085,54.3,53.6167,53.8,54.3,52.8675,NA,48.7333,34.05,21.9333,7.7667,-1.02,-2.33,-0.4,-1.75
351,N. Colorado,SGS,ND,11,SGS11,SGS11ND,NDSGS11,28.68333333,24,0.41,0.44,1.32,0.2037,0,0.2037,0.4074,1,NA,0,0,NA,NA,71.9,67.2833,52.5,47.1,37.8075,NA,9.6667,7,4.0333,4.3,NA,NA,NA,NA
352,N. Colorado,SGS,ND,12,SGS12,SGS12ND,NDSGS12,26.675,24,NA,NA,NA,NA,0.392,0.0571,0.4491,1,green,31,90.7,2.92581,11.94242,74.3,73.375,73.9,73.9,73.98,NA,66.0667,42.35,27.5,8.5,NA,NA,NA,NA
353,N. Colorado,SGS,ND,13,SGS13,SGS13ND,NDSGS13,26.68333333,24,1.07,1.33,2.65,0.2123,0.0301,0.2123,0.4547,1,green,5,10.4,2.08,6.07143,53.5,47.4,44,43.4,49.8325,NA,35,20.7,11.0333,4.6333,NA,NA,NA,NA
354,N. Colorado,SGS,ND,14,SGS14,SGS14ND,NDSGS14,25.61666667,24,NA,NA,NA,NA,0.338,0.0609,0.3989,1,green,26,85.7,3.29615,13.66071,78.4,77.4,75.9,75,74.965,NA,57.1333,42.65,28.7667,10,-1.13,-2,NA,NA
355,N. Colorado,SGS,ND,15,SGS15,SGS15ND,NDSGS15,NA,24,no pot,no pot,no pot,no pot,NA,NA,NA,NA,NA,NA,NA,NA,NA,6.5,NA,NA,NA,NA,NA,6.1,6.3,6.3333,5.3,NA,NA,NA,NA
356,N. Colorado,SGS,ND,16,SGS16,SGS16ND,NDSGS16,29.61,24,0.46,0.95,1.72,0.1734,0,0.1734,0.3468,1,NA,0,0,NA,NA,64.8,61.4,52,38.8,32.17,NA,15.6667,6.05,5.3,3.6667,-0.54,-2.15,NA,NA
357,N. Colorado,SGS,ND,17,SGS17,SGS17ND,NDSGS17,27.7,24,2.89,1.76,4.68,0.21,0.0716,0.21,0.4916,1,green,6,18.9,3.15,9.05,68.4,66.65,67.8,68.4,67.2875,NA,46.2,29.05,18.3667,6.2333,NA,NA,NA,NA
358,N. Colorado,SGS,D,1,SGS01,SGS1D,DSGS1,7.975,23,NA,NA,NA,NA,0.1415,0.1887,0.3302,1,green,13,34,2.61538,10.86667,52.4,43.25,43.9,43.2,45.095,NA,51.7333,43.4,29.6333,10.9333,NA,NA,-1.3,-1.8
359,N. Colorado,SGS,D,2,SGS02,SGS2D,DSGS2,8.78125,23,1.26,1.94,4.73,0.8651,0.1984,0.8651,1.9286,1,green,14,45.2,3.22857,14.4875,57.15,52.9333,51.9,51.9,54.025,NA,47.4667,42,22.5,7.2,-6.23,-3.75,NA,NA
360,N. Colorado,SGS,D,3,SGS03,SGS3D,DSGS3,7.408333333,23,NA,NA,NA,NA,0.1598,0.09,0.2498,1,green,19,41.9,2.20526,10.6,67.4,62.25,61.6,60,59.845,NA,43.0333,27.45,11.1667,4.0667,NA,NA,-0.5,-2
361,N. Colorado,SGS,D,4,SGS04,SGS4D,DSGS4,8.15,23,1.65,1.7,4.37,0.4971,0.1528,0.4971,1.147,1,green,14,54.6,3.9,11.525,82.55,64.05,65,64.5,82.275,NA,58.7667,41.8,22,8.8,-3.7,-2.7,NA,NA
362,N. Colorado,SGS,D,5,SGS05,SGS5D,DSGS5,9.008333333,23,0.74,0.89,4.55,0.2966,0.0465,0.2966,0.6397,1,green,4,16.8,4.2,11.16,85.2,84.1667,84.9,84.4,81.57,NA,58.0667,39.95,23.0333,6.3333,-1.26,-2.36,-1.15,-2.2
363,N. Colorado,SGS,D,6,SGS06,SGS6D,DSGS6,10.18333333,23,tr,tr,tr,tr,0.0388,0,0.0388,1,green,6,14.9,2.48333,6.5875,58.4,49.85,42.6,37.3,36.7475,NA,25.2,15.25,9.9,4.4333,NA,NA,NA,NA
364,N. Colorado,SGS,D,7,SGS07,SGS7D,DSGS7,6.725,23,1.55,2.27,4.47,0,0.1466,0,0.1466,1,green,15,37.1,2.47333,9.49412,55.3,49.7667,51.1,54.4,52.2325,NA,53.3333,40.05,26.2,10.2333,-4.65,-3.55,-2.2,-2.3
365,N. Colorado,SGS,D,8,SGS08,SGS8D,DSGS8,9.18,23,1.73,2.52,4.56,0.3497,0.0553,0.3497,0.7547,1,green,5,14.6,2.92,9.07143,61.2,56.5167,60,60,57.94,NA,53.9667,30.3,19.7,6.7667,-2.85,-4.53,-1.4,-1.4
366,N. Colorado,SGS,D,9,SGS09,SGS9D,DSGS9,9.375,23,1.08,1.1,3.87,0.4154,0.0522,0.4154,0.883,1,green,4,13.2,3.3,11.92,63.5,58.3167,44.7,37.1,40.25,NA,44.5,35.45,21.5,5.3333,-5.02,-3.83,-0.35,-1.7
367,N. Colorado,SGS,D,10,SGS10,SGS10D,DSGS10,8.477777778,23,1.65,1.79,4.09,0.3241,0.0493,0.3241,0.6975,1,green,6,18.2,3.03333,6.7125,63.9,51.5667,47.6,47.6,47.88,NA,48.4667,32.3,16.8333,4.1,-3.65,-5,-0.75,-2.05
368,N. Colorado,SGS,D,11,SGS11,SGS11D,DSGS11,NA,23,no pot,no pot,no pot,no pot,NA,NA,NA,NA,NA,NA,NA,NA,NA,5.1,NA,NA,NA,NA,NA,5.1,5,4.9,4.7,NA,NA,NA,NA
369,N. Colorado,SGS,D,12,SGS12,SGS12D,DSGS12,7.991666667,23,NA,NA,NA,NA,0.1627,0.3006,0.4633,1,green,13,38.7,2.97692,12.32667,54.3,50.925,54.3,53.8,52.735,NA,50.5667,38.4,23.1667,8.1667,NA,NA,NA,NA
370,N. Colorado,SGS,D,13,SGS13,SGS13D,DSGS13,7.566666667,23,tr,tr,tr,tr,0.1913,0,0.1913,1,green,26,82.6,3.17692,10.18571,65.6,64.8667,65.2,64.6,64.3175,NA,57.5333,39.8,22.6,8.9667,-3.73,-4.4,NA,NA
371,N. Colorado,SGS,D,14,SGS14,SGS14D,DSGS14,7.533333333,23,NA,NA,NA,NA,0.2057,0.2887,0.4944,1,green,14,44.3,3.16429,14.3625,63.2,54.125,51.3,54.8,54.355,NA,61.0333,43.25,28.2667,9,-0.38,-0.83,NA,NA
372,N. Colorado,SGS,D,15,SGS15,SGS15D,DSGS15,7.6125,23,tr,tr,tr,tr,0,0,0,0,NA,0,0,NA,NA,57.2,56.9,56.9,57.2,56.8575,NA,44.7667,26.75,17.5667,6.1667,-10,-9.5,NA,NA
373,N. Colorado,SGS,D,16,SGS16,SGS16D,DSGS16,8.325,23,1.11,1.33,4.45,0.4757,0.0953,0.4757,1.0467,1,green,7,21.8,3.11429,14.675,66.2,61.06,60.3,61.8,61.6975,NA,48.2,30.45,20.2,7.1667,-4.46,-3.3,NA,NA
374,N. Colorado,SGS,D,17,SGS17,SGS17D,DSGS17,7.366666667,23,tr,tr,tr,tr,0.2892,0,0.2892,1,green,20,65.8,3.29,15.09091,62.4,60.9,62.4,61.8,61.6975,NA,55.9667,38.85,28,9.0333,NA,NA,NA,NA
375,S. Colorado,CO,ND,1,CO01,CO1ND,NDCO1,25.1,10,5.2,3.16,8.38,0.3105,0.2274,0.3105,0.8484,1,green,21,73.5,3.5,10.43913,81.4,79.74,70.7,NA,63.5,NA,NA,NA,NA,NA,NA,NA,NA,NA
376,S. Colorado,CO,ND,2,CO02,CO2ND,NDCO2,27.56,10,1.95,0.75,2.09,0.1458,0.0265,0.1458,0.3181,1,green,1,2.5,2.5,13.25,62.8,62.14,60.35,NA,32.385,NA,NA,NA,NA,NA,-0.46,-1.98,NA,NA
377,S. Colorado,CO,ND,3,CO03,CO3ND,NDCO3,27.725,10,NA,NA,NA,NA,NA,NA,NA,0,NA,0,0,NA,NA,7.8,7.8,7.6,NA,4.445,NA,NA,NA,NA,NA,NA,NA,NA,NA
378,S. Colorado,CO,ND,4,CO04,CO4ND,NDCO4,28.3125,10,0.26,0.57,1.07,0.0593,0,0.0593,0.1186,1,NA,0,0,NA,NA,57,53.68,41.95,NA,33.655,NA,NA,NA,NA,NA,-0.6,-1.64,NA,NA
379,S. Colorado,CO,ND,5,CO05,CO5ND,NDCO5,26.97,10,NA,NA,NA,NA,0.2527,0.3537,0.6064,1,green,16,59.7,3.73125,17.34444,79.5,78.4667,70.7,NA,65.405,NA,NA,NA,NA,NA,-2.22,-2.25,-0.6,-1.55
380,S. Colorado,CO,ND,6,CO06,CO6ND,NDCO6,27.62,10,5.23,3.48,7.6,0.1456,0.181,0.1456,0.4722,1,green,27,66,2.44444,6.34483,75.7,73.98,75.25,NA,73.025,NA,NA,NA,NA,NA,-2.72,-2.83,-0.3,-2
381,S. Colorado,CO,ND,7,CO07,CO7ND,NDCO7,24.51666667,10,4.55,2.12,7.75,0.0532,0.2597,0.0532,0.3661,1,green,24,70.6,2.94167,10.99615,79.1,74,78.75,NA,60.96,NA,NA,NA,NA,NA,-3.68,-4.46,-1.15,-2
382,S. Colorado,CO,ND,8,CO08,CO8ND,NDCO8,25.91,10,2.39,1.49,3.7,0,0.0747,0,0.0747,1,green,6,16.1,2.68333,10.14286,59,58.2,52.2,NA,55.88,NA,NA,NA,NA,NA,NA,NA,NA,NA
383,S. Colorado,CO,ND,9,CO09,CO9ND,NDCO9,27.98,10,1.6,1.19,2.38,0.1679,0.0293,0.1679,0.3651,1,green,6,18.7,3.11667,4.71429,54.5,48.96,41.35,NA,43.815,NA,NA,NA,NA,NA,NA,NA,-0.25,-1.8
384,S. Colorado,CO,ND,10,CO10,CO10ND,NDCO10,26.5375,10,NA,NA,NA,NA,0.1432,0.1684,0.3116,1,green,21,59.5,2.83333,5.88696,76.5,76.5,63.55,NA,46.99,NA,NA,NA,NA,NA,-0.4,-1.54,-0.2,-1.45
385,S. Colorado,CO,ND,11,CO11,CO11ND,NDCO11,27.25,10,3.57,1.65,3.98,0.0819,0.0774,0.0819,0.2412,1,green,9,28.2,3.13333,7.1,77.2,63.98,68.6,NA,42.545,NA,NA,NA,NA,NA,NA,NA,-0.3,-1.35
386,S. Colorado,CO,ND,12,CO12,CO12ND,NDCO12,25.66,10,NA,NA,NA,NA,0.3409,0.204,0.5449,1,green,39,97.9,2.51026,10.675,65.5,64.6333,60.9,NA,56.515,NA,NA,NA,NA,NA,-1.55,-2.2,-0.25,-1.5
387,S. Colorado,CO,ND,13,CO13,CO13ND,NDCO13,NA,10,no pot,no pot,no pot,tr,NA,NA,NA,NA,NA,NA,NA,NA,NA,54.3,NA,54.3,NA,NA,NA,NA,NA,NA,NA,NA,NA,NA,NA
388,S. Colorado,CO,ND,14,CO14,CO14ND,NDCO14,27.05,10,4.32,2.36,5.19,0.0593,0.0819,0.0593,0.2005,1,green,8,29.6,3.7,8.7,60,57.22,56,NA,55.245,NA,NA,NA,NA,NA,-1.35,-2.03,-0.25,-1.7
389,S. Colorado,CO,ND,15,CO15,CO15ND,NDCO15,26.125,10,2.67,2.2,6.76,0.4672,0.1044,0.4672,1.0388,1,green,9,38.3,4.25556,9.21818,75.3,73.28,70.15,NA,66.675,NA,NA,NA,NA,NA,NA,NA,NA,NA
390,S. Colorado,CO,ND,16,CO16,CO16ND,NDCO16,26.7,10,3.38,2.54,7.19,0.4051,0.0745,0.4051,0.8847,1,green,9,21.1,2.34444,9.03,73.5,71.22,62.2,NA,49.53,NA,NA,NA,NA,NA,-2.57,-2.75,NA,NA
391,S. Colorado,CO,ND,17,CO17,CO17ND,NDCO17,NA,10,no pot,no pot,no pot,no pot,NA,NA,NA,NA,NA,NA,NA,NA,NA,0,NA,NA,NA,NA,NA,NA,NA,NA,NA,NA,NA,NA,NA
392,S. Colorado,CO,D,1,CO01,CO1D,DCO1,11.275,9,NA,NA,NA,NA,NA,NA,NA,0,NA,0,0,NA,NA,1.905,NA,NA,NA,1.905,NA,NA,NA,NA,NA,NA,NA,NA,NA
393,S. Colorado,CO,D,2,CO02,CO2D,DCO2,11.09285714,9,0.65,0.62,1.75,0.1779,0,0.1779,0.3558,1,NA,0,0,NA,NA,62.3,60.54,44.95,NA,10.16,NA,NA,NA,NA,NA,-0.95,-1.66,NA,NA
394,S. Colorado,CO,D,3,CO03,CO3D,DCO3,9.4125,9,2.1,1.18,3.78,0.4547,0.0976,0.4547,1.007,1,green,8,25.7,3.2125,10.34,65,62.44,57,NA,55.88,NA,NA,NA,NA,NA,NA,NA,NA,NA
395,S. Colorado,CO,D,4,CO04,CO4D,DCO4,9.3,9,1.73,0.81,3.5,0.3249,0.0309,0.3249,0.6807,1,green,3,7.8,2.6,7.675,74.5,65.96,47.95,NA,33.02,NA,NA,NA,NA,NA,-5,-3.57,NA,NA
396,S. Colorado,CO,D,5,CO05,CO5D,DCO5,9.88125,9,NA,NA,NA,NA,0.1051,0.1943,0.2994,1,green,6,20.4,3.4,8.1625,81.3,81.1,67.75,NA,48.26,NA,NA,NA,NA,NA,-3.12,-3.05,-0.35,-1.7
397,S. Colorado,CO,D,6,CO06,CO6D,DCO6,8.95,9,2.42,1.31,4.44,0.4125,0.0377,0.4125,0.8627,1,green,6,14.4,2.4,4.9375,65.2,64.8,64.8,NA,62.23,NA,NA,NA,NA,NA,-3.75,-3.78,-0.3,-2.25
398,S. Colorado,CO,D,7,CO07,CO7D,DCO7,7.083333333,9,1.63,1.5,4.05,0.0613,0.1303,0.0613,0.2529,1,green,15,40.7,2.71333,7.89412,64.5,60.2,62.85,NA,55.245,NA,NA,NA,NA,NA,-1.65,-2.35,-1.85,-3
399,S. Colorado,CO,D,8,CO08,CO8D,DCO8,7.1,9,tr,tr,tr,tr,0.1177,0,0.1177,1,green,14,38,2.71429,8.15,54.9,54,54.9,NA,53.34,NA,NA,NA,NA,NA,NA,NA,NA,NA
400,S. Colorado,CO,D,9,CO09,CO9D,DCO9,7.59,9,tr,tr,tr,tr,0.0457,0,0.0457,1,green,4,15,3.75,8.96667,52.2,52.2,51.55,NA,39.37,NA,NA,NA,NA,NA,NA,NA,-0.9,-3.25
401,S. Colorado,CO,D,10,CO10,CO10D,DCO10,7.678571429,9,NA,NA,NA,NA,0.1576,0.1137,0.2713,1,green,19,48.3,2.54211,9.45714,44.45,38.9333,40.55,NA,44.45,NA,NA,NA,NA,NA,-2.64,-2.53,-0.7,-2.4
402,S. Colorado,CO,D,11,CO11,CO11D,DCO11,8.866666667,9,tr,tr,tr,tr,0.0522,0,0.0522,1,green,3,9.9,3.3,13.375,60.6,60.2,50.8,NA,40.64,NA,NA,NA,NA,NA,NA,NA,-0.2,-1.45
403,S. Colorado,CO,D,12,CO12,CO12D,DCO12,7.666666667,9,NA,NA,NA,NA,0.1608,0.0142,0.175,1,green,19,52,2.73684,9.59524,49.53,44.7,48.15,NA,49.53,NA,NA,NA,NA,NA,-0.33,-1.75,-0.5,-1.65
404,S. Colorado,CO,D,13,CO13,CO13D,DCO13,7.35,9,1.57,1.43,3.38,0.2227,0.0849,0.2227,0.5303,1,green,9,23.3,2.58889,10.90909,60.1,47.94,44.8,NA,53.34,NA,NA,NA,NA,NA,NA,NA,NA,NA
405,S. Colorado,CO,D,14,CO14,CO14D,DCO14,10.01,9,1.49,0.99,2.95,0.2753,0,0.2753,0.5506,1,NA,0,0,NA,NA,75,74.8,63.85,NA,25.4,NA,NA,NA,NA,NA,-1.88,-2.38,-0.25,-2.1
406,S. Colorado,CO,D,15,CO15,CO15D,DCO15,8.216666667,9,tr,tr,tr,tr,0.1426,0,0.1426,1,green,12,42,3.5,11.67143,58.5,47.15,58.35,NA,52.705,NA,NA,NA,NA,NA,NA,NA,NA,NA
407,S. Colorado,CO,D,16,CO16,CO16D,DCO16,7.658333333,9,1.42,1.94,3.65,0.2465,0.0573,0.2465,0.5503,1,green,7,15.6,2.22857,8.5,52,46.6667,43.75,NA,36.83,NA,NA,NA,NA,NA,-2.24,-2.56,NA,NA
408,S. Colorado,CO,D,17,CO17,CO17D,DCO17,NA,9,no pot,no pot,no pot,no pot,0.0056,0,0.0056,1,green,2,4.8,2.4,2,0,NA,NA,NA,NA,NA,NA,NA,NA,NA,NA,NA,NA,NA
409,S. Dakota,BG,ND,1,BG01,BG1ND,NDBG1,25.075,4,NA,NA,NA,NA,0.0875,0.4244,0.5119,1,green,10,15.3,1.53,9.825,52.5,50.5667,42.05,NA,40.64,NA,NA,NA,NA,NA,-2.68,-3.33,-0.2,-1.4
410,S. Dakota,BG,ND,2,BG02,BG2ND,NDBG2,25.8875,4,2.11,1.37,4.21,0.5476,0.0844,0.5476,1.1796,1,green,9,15.4,1.71111,12.26364,71.4,69.26,53,NA,38.1,NA,NA,NA,NA,NA,NA,NA,-0.2,-1.7
411,S. Dakota,BG,ND,3,BG03,BG3ND,NDBG3,28.4,4,1.49,1.79,2.79,0.2915,0.0395,0.2915,0.6225,1,green,3,6.4,2.13333,7.86,56.9,56.08,45.55,NA,34.29,NA,NA,NA,NA,NA,-1.3,-2.45,-0.3,-1.7
412,S. Dakota,BG,ND,4,BG04,BG4ND,NDBG4,27.66,4,0.58,2.85,4.89,0,0.0459,0,0.0459,1,green,11,14.8,1.34545,5.15385,42.2,36.34,36,NA,31.75,NA,NA,NA,NA,NA,NA,NA,NA,NA
413,S. Dakota,BG,ND,5,BG05,BG5ND,NDBG5,27.78333333,4,0.71,0.47,1.58,0.2367,0.0088,0.2367,0.4822,1,green,1,2.3,2.3,4.4,51,48.36,34.45,NA,35.56,NA,NA,NA,NA,NA,-1.08,-1.87,-0.25,-1.7
414,S. Dakota,BG,ND,6,BG06,BG6ND,NDBG6,26.5625,4,NA,NA,NA,NA,0.1562,0.096,0.2522,1,green,19,39.7,2.08947,8.17143,50,49.6,49.3,NA,48.26,NA,NA,NA,NA,NA,-0.68,-0.93,-0.2,-2.2
415,S. Dakota,BG,ND,7,BG07,BG7ND,NDBG7,NA,4,no pot,no pot,no pot,no pot,NA,NA,NA,NA,NA,NA,NA,NA,NA,0,NA,NA,NA,NA,NA,NA,NA,NA,NA,NA,NA,NA,NA
416,S. Dakota,BG,ND,8,BG08,BG8ND,NDBG8,26.9875,4,1.75,2.06,3.52,0.5365,0.0737,0.5365,1.1467,1,green,6,16.4,2.73333,9.325,63.5,61.18,51.9,NA,38.1,NA,NA,NA,NA,NA,-2.8,-3.25,-0.5,-1.9
417,S. Dakota,BG,ND,9,BG09,BG9ND,NDBG9,NA,4,no pot,no pot,no pot,no pot,NA,NA,NA,NA,NA,NA,NA,NA,NA,0,NA,NA,NA,NA,NA,NA,NA,NA,NA,NA,NA,NA,NA
418,S. Dakota,BG,ND,10,BG10,BG10ND,NDBG10,26.55,4,NA,NA,NA,NA,0.2193,0.0517,0.271,1,green,20,48.6,2.43,10.77727,49.8,49.1,48.8,NA,45.72,NA,NA,NA,NA,NA,-1.3,-2.23,-0.2,-1.55
419,S. Dakota,BG,ND,11,BG11,BG11ND,NDBG11,27.6375,4,1.12,1.12,2.49,0.4697,0,0.4697,0.9394,1,NA,0,0,NA,NA,63.7,60.26,49.4,NA,24.765,NA,NA,NA,NA,NA,NA,NA,NA,NA
420,S. Dakota,BG,ND,12,BG12,BG12ND,NDBG12,28.4,4,NA,NA,NA,NA,0.0783,0.0564,0.1347,1,green,8,18,2.25,6.89,43.4,39.4667,36.8,NA,37.465,NA,NA,NA,NA,NA,-0.25,-2.25,NA,NA
421,S. Dakota,BG,ND,13,BG13,BG13ND,NDBG13,27.4375,4,2.17,1.86,3.75,0,0.0751,0,0.0751,1,green,9,20.5,2.27778,9.89,43.3,41.94,38.8,NA,41.275,NA,NA,NA,NA,NA,NA,NA,NA,NA
422,S. Dakota,BG,ND,14,BG14,BG14ND,NDBG14,27.9125,4,NA,NA,NA,NA,NA,NA,NA,0,NA,0,0,NA,NA,6.8,6.2333,5.7,NA,4.445,NA,NA,NA,NA,NA,NA,NA,NA,NA
423,S. Dakota,BG,ND,15,BG15,BG15ND,NDBG15,25.9875,4,2.56,1.91,4.76,0,0.0881,0,0.0881,1,green,12,28,2.15385,6.05714,49.2,48.3333,47.9,NA,40.64,NA,NA,NA,NA,NA,-2.42,-3.53,NA,NA
424,S. Dakota,BG,ND,16,BG16,BG16ND,NDBG16,23.95,4,no pot,no pot,no pot,no pot,NA,NA,NA,0,NA,0,0,NA,NA,0,NA,NA,NA,NA,NA,NA,NA,NA,NA,NA,NA,NA,NA
425,S. Dakota,BG,ND,17,BG17,BG17ND,NDBG17,23.825,4,2.73,1.71,3.59,0,0.0806,0,0.0806,1,green,12,30,2.5,8.67857,56.1,52.1,50.1,NA,51.435,NA,NA,NA,NA,NA,NA,NA,NA,NA
426,S. Dakota,BG,D,1,BG01,BG1D,DBG1,9.216666667,3,NA,NA,NA,NA,0.0289,0.1252,0.1541,1,green,3,5.7,1.9,5.58,47,42.4,36.1,NA,35.56,NA,NA,NA,NA,NA,-1.65,-2.75,-0.4,-4
427,S. Dakota,BG,D,2,BG02,BG2D,DBG2,10.1125,3,tr,tr,tr,tr,0.0198,0,0.0198,1,green,3,3.2,1.06667,5.475,49,46.6333,32.25,NA,27.94,NA,NA,NA,NA,NA,NA,NA,-0.25,-1.8
428,S. Dakota,BG,D,3,BG03,BG3D,DBG3,8.864285714,3,1.46,1.76,4.12,0.5635,0.0313,0.5635,1.1583,1,green,2,3.6,1.8,9.73333,51.2,46.475,41.3,NA,41.275,NA,NA,NA,NA,NA,-4.75,-4.55,-0.35,-2.4
429,S. Dakota,BG,D,4,BG04,BG4D,DBG4,8.86875,3,tr,tr,tr,tr,0.0361,0,0.0361,1,green,7,14.8,2.11429,8.725,53.4,52.9,52.8,NA,52.07,NA,NA,NA,NA,NA,NA,NA,NA,NA
430,S. Dakota,BG,D,5,BG05,BG5D,DBG5,8.771428571,3,1.3,1.61,3.2,0.1257,0.0289,0.1257,0.2803,1,green,3,6.1,2.03333,6.26,38.5,36.74,35.5,NA,34.29,NA,NA,NA,NA,NA,-3.68,-4.18,-0.55,-2.6
431,S. Dakota,BG,D,6,BG06,BG6D,DBG6,11.06,3,NA,NA,NA,NA,0.0296,0,0.0296,1,green,2,4.3,2.15,12.23333,30,30,29.75,NA,29.845,NA,NA,NA,NA,NA,-0.45,-0.92,-0.7,-2.45
432,S. Dakota,BG,D,7,BG07,BG7D,DBG7,10.45714286,3,tr,tr,tr,tr,0.0195,0,0.0195,1,green,2,5.2,2.6,7.26667,46.5,45.2,43.7,NA,41.91,NA,NA,NA,NA,NA,NA,NA,NA,NA
433,S. Dakota,BG,D,8,BG08,BG8D,DBG8,10.43,3,1.02,1.07,2.49,0.4786,0.0785,0.4786,1.0357,1,green,5,12.3,2.46,11.27143,51.9,47.96,51.3,NA,50.8,NA,NA,NA,NA,NA,-4.5,-5.5,-1.1,-2.7
434,S. Dakota,BG,D,9,BG09,BG9D,DBG9,11.43,3,0.45,0.68,1.27,0.1828,0,0.1828,0.3656,1,NA,0,0,NA,NA,55,49,25.05,NA,16.51,NA,NA,NA,NA,NA,NA,NA,NA,NA
435,S. Dakota,BG,D,10,BG10,BG10D,DBG10,7.838888889,3,NA,NA,NA,NA,0,0.1207,0.1207,1,NA,0,0,NA,NA,55.9,45.8333,35.75,NA,39.37,NA,NA,NA,NA,NA,-2.08,-2.65,-0.5,-2.5
436,S. Dakota,BG,D,11,BG11,BG11D,DBG11,7.95,3,no pot,no pot,no pot,no pot,NA,NA,NA,0,NA,0,0,NA,NA,0,NA,NA,NA,NA,NA,NA,NA,NA,NA,NA,NA,NA,NA
437,S. Dakota,BG,D,12,BG12,BG12D,DBG12,7.94,3,NA,NA,NA,NA,0.1159,0.1659,0.2818,1,green,9,25.3,2.81111,13.12,56,55.8,55.7,NA,55.88,NA,NA,NA,NA,NA,-0.3,-2.2,NA,NA
438,S. Dakota,BG,D,13,BG13,BG13D,DBG13,NA,3,no pot,no pot,no pot,no pot,NA,NA,NA,NA,NA,NA,NA,NA,NA,0,NA,NA,NA,NA,NA,NA,NA,NA,NA,NA,NA,NA,NA
439,S. Dakota,BG,D,14,BG14,BG14D,DBG14,NA,3,no pot,no pot,no pot,no pot,NA,NA,NA,NA,NA,NA,NA,NA,NA,0,NA,NA,NA,NA,NA,NA,NA,NA,NA,NA,NA,NA,NA
440,S. Dakota,BG,D,15,BG15,BG15D,DBG15,7.555555556,3,2.58,2.75,4.58,0,0.1038,0,0.1038,1,green,17,38.6,2.27059,8.57368,50.8,49.825,50.05,NA,49.53,NA,NA,NA,NA,NA,-4.08,-4.85,NA,NA
441,S. Dakota,BG,D,16,BG16,BG16D,DBG16,NA,3,no pot,no pot,no pot,no pot,NA,NA,NA,NA,NA,NA,NA,NA,NA,0,NA,NA,NA,NA,NA,NA,NA,NA,NA,NA,NA,NA,NA
442,S. Dakota,BG,D,17,BG17,BG17D,DBG17,9.04,3,tr,tr,tr,tr,0.0845,0,0.0845,1,green,13,31.4,2.41538,7.65333,55.2,54.85,54.9,NA,54.61,NA,NA,NA,NA,NA,NA,NA,NA,NA
443,New Mexico,SEV,D,2,SEV02,SEV2D,DSEV2,9.575,21,tr,tr,tr,tr,0.16,0.1237,0.2837,1,green,12,49,4.08333,12.56429,72.7,NA,71.5,72.1,72.1,NA,45.72,NA,NA,NA,NA,NA,NA,NA
444,New Mexico,SEV,ND,1,SEV01,SEV1ND,NDSEV1,27.3625,22,4.53,2.19,7.33,0.4256,0.2374,0.4256,1.0886,1,green,16,67.3,4.20625,13.41111,84.2,80.5333,70.2,70.25,66.7,NA,53.975,NA,NA,NA,NA,NA,-0.85,-1.45
445,New Mexico,SEV,D,3,SEV03,SEV3D,DSEV3,10.25,21,tr,tr,tr,tr,0.0593,0,0.0593,1,green,5,13.4,2.68,8.41429,64.6,NA,63.6,64.1,63.2,NA,40.005,NA,NA,NA,-2.18,-1.92,NA,NA
446,New Mexico,SEV,D,12,SEV12,SEV12D,DSEV12,10.89166667,21,tr,tr,tr,tr,0.0769,0,0.0769,1,green,7,19.1,2.72857,9.3125,73.5,NA,73.5,73.5,72.9,NA,40.64,NA,NA,NA,NA,NA,NA,NA
447,New Mexico,SEV,D,5,SEV05,SEV5D,DSEV5,9.166666667,21,1.42,1.11,5.36,0,0.0604,0,0.0604,1,green,6,19.4,3.23333,8.62857,71,71,71,69.8,69.8,NA,43.18,NA,NA,NA,NA,NA,NA,NA
449,New Mexico,SEV,D,4,SEV04,SEV4D,DSEV4,9.09375,21,met,met,met,met,0.1111,0,0.1111,1,purple,8,20.7,2.5875,14.53,66.9,66.6667,66.9,66.8,60.9,NA,50.165,NA,NA,NA,NA,NA,-3.3,-3.3
450,New Mexico,SEV,D,8,SEV08,SEV8D,DSEV8,9.358333333,21,1.45,1.23,5.58,0.1787,0.0605,0.1787,0.4179,1,green,9,26.5,2.94444,5.33636,79.7,79.4667,79.3,79.1,71.3,NA,40.64,NA,NA,NA,-7,-7,NA,NA
451,New Mexico,SEV,D,9,SEV09,SEV9D,DSEV9,9.341666667,21,1.55,1.79,6.29,0.1897,0.0526,0.1897,0.432,1,green,8,24.7,3.0875,5.2,73.8,72.7667,71.5,67.15,63.2,NA,45.085,NA,NA,NA,-6.5,-3.81,NA,NA
452,New Mexico,SEV,ND,4,SEV04,SEV4ND,NDSEV4,29.175,22,met,met,met,met,0.1298,0.0282,0.158,1,purple,9,23.2,2.57778,11.72727,78,77,77.2,76,71.4,NA,53.975,NA,NA,NA,NA,NA,-0.7,-1.75
453,New Mexico,SEV,D,11,SEV11,SEV11D,DSEV11,9.621428571,21,tr,tr,tr,tr,0.097,0,0.097,1,green,9,28.9,3.21111,9.01818,92.6,NA,92.6,91.8,83.1,NA,52.07,NA,NA,NA,NA,NA,NA,NA
454,New Mexico,SEV,ND,6,SEV06,SEV6ND,NDSEV6,27.8,21,tr,tr,tr,tr,0.0861,0,0.0861,1,green,7,26.7,3.81429,9.71111,96.5,95.4667,94.1,93.3,87.5,NA,53.34,NA,NA,NA,NA,NA,NA,NA
455,New Mexico,SEV,D,13,SEV13,SEV13D,DSEV13,11.01,21,1.66,1.92,4.85,0.3982,0.08,0.3982,0.8764,1,green,8,25.5,3.1875,7.93,58.3,58.3,58.3,58.3,58.3,NA,40.64,NA,NA,NA,NA,NA,-1.9,-2.7
456,New Mexico,SEV,D,10,SEV10,SEV10D,DSEV10,8.791666667,21,met,met,met,met,0.1161,0.2272,0.3433,1,green,8,34.1,4.2625,12.84,79.3,72,79.1,78.8,76.8,NA,47.625,NA,NA,NA,NA,NA,-2.8,-5.25
457,New Mexico,SEV,D,15,SEV15,SEV15D,DSEV15,9.17,21,1.98,1.52,5.99,0.0651,0.0683,0.0651,0.1985,1,green,10,29.1,2.91,5.59167,88.8,88.6667,88.8,88.2,84.4,NA,52.07,NA,NA,NA,-6.5,-4.97,-1.95,-2.3
458,New Mexico,SEV,D,16,SEV16,SEV16D,DSEV16,9.49,21,1.87,1.34,5.66,0.2506,0.0778,0.2506,0.579,1,green,13,43,3.30769,4.60667,67.6,67.2,67.6,67.6,67.6,NA,41.275,NA,NA,NA,-5.85,-6.58,-1,-1.9
459,New Mexico,SEV,D,17,SEV17,SEV17D,DSEV17,9.775,21,1.96,1.27,4.7,0.029,0.1282,0.029,0.1862,1,green,7,31,4.42857,14.5,87.2,86.9,87.2,86.5,78.6,NA,55.88,NA,NA,NA,-7,-5.67,NA,NA
460,New Mexico,SEV,ND,17,SEV17,SEV17ND,NDSEV17,27.3,22,1.99,1.2,5.33,0.2602,0.1034,0.2602,0.6238,1,green,6,22.6,3.76667,13.075,92.8,92.3667,92.8,92.8,92.8,NA,48.26,NA,NA,NA,-3.26,-3.65,NA,NA
461,New Mexico,SEV,D,1,SEV01,SEV1D,DSEV1,8.40625,21,1.39,1.42,4.08,0.2658,0.144,0.2658,0.6756,1,green,13,50.5,3.88462,10.02667,60.8,59.1,59.1,59.75,60.8,NA,54.61,NA,NA,NA,-3.52,-5.52,-2.2,-4.4
462,New Mexico,SEV,ND,2,SEV02,SEV2ND,NDSEV2,28.44,22,2.15,2.11,8.31,0.1237,0.1156,0,0.2393,1,green,12,42.6,3.55,8.22857,85.1,84.4,84.5,83.95,80.4,NA,55.88,NA,NA,NA,NA,NA,NA,NA
463,New Mexico,SEV,ND,3,SEV03,SEV3ND,NDSEV3,28.62,22,1.33,1.5,5.85,0.0412,0.0489,0.0412,0.1313,1,green,3,8.7,2.9,12.15,85.2,80.3,82.3,85.2,79.2,NA,35.56,NA,NA,NA,NA,NA,NA,NA
464,New Mexico,SEV,ND,10,SEV10,SEV10ND,NDSEV10,27.9,21,met,met,met,met,0.0803,0.2161,0.2964,1,green,8,35.4,4.425,8.62,90.3,88.6667,90.3,89.2,87.2,NA,48.26,NA,NA,NA,NA,NA,-1.8,-1.85
465,New Mexico,SEV,ND,5,SEV05,SEV5ND,NDSEV5,27.37,22,2.41,2.01,10.64,0.1579,0.2493,0.1579,0.5651,1,purple,30,88.6,2.95333,8.34063,80.6,76.1333,80.6,78,75,NA,50.8,NA,NA,NA,NA,NA,NA,NA
466,New Mexico,SEV,D,6,SEV06,SEV6D,DSEV6,10.51666667,21,0.73,0.89,7,0.2513,0.0624,0.2513,0.565,1,green,4,13.1,3.275,10.25,75.9,72.3,75.5,74.5,75.9,NA,54.61,NA,NA,NA,NA,NA,NA,NA
467,New Mexico,SEV,ND,7,SEV07,SEV7ND,NDSEV7,27.2,22,3.19,3.03,10.94,0.2437,0.1495,0.2437,0.6369,1,green,11,37.1,3.37273,11.6,89.2,89.2,89.2,87.7,81.9,NA,48.26,NA,NA,NA,NA,NA,NA,NA
468,New Mexico,SEV,ND,8,SEV08,SEV8ND,NDSEV8,27.08,22,2.48,1.42,7.81,0.3353,0.0655,0.3353,0.7361,1,green,9,28.8,3.2,4.23636,101.1,95.2667,101.1,101.1,101,NA,46.355,NA,NA,NA,-4.5,-4.8,NA,NA
469,New Mexico,SEV,ND,9,SEV09,SEV9ND,NDSEV9,27.45,22,3.58,2.21,8.81,0.0826,0.1969,0.0826,0.3621,1,green,17,57.3,3.37059,10.76316,93,87.3333,89.8,93,NA,NA,53.34,NA,NA,NA,-4.7,-5.06,NA,NA
470,New Mexico,SEV,ND,11,SEV11,SEV11ND,NDSEV11,28.025,22,4.82,2.38,11.66,0.3904,0.1101,0.3904,0.8909,1,green,10,38.3,3.83,8.125,99.9,95.4667,92.3,90.55,89.9,NA,57.15,NA,NA,NA,-8.8,-7,NA,NA
471,New Mexico,SEV,D,14,SEV14,SEV14D,DSEV14,9.483333333,21,met,met,met,met,0.1532,0.0871,0.2403,1,green,17,43.2,2.54118,7.92105,57.1,51.6,52.1,53.6,50.1,NA,43.18,NA,NA,NA,NA,NA,-4.4,-2.8
472,New Mexico,SEV,ND,12,SEV12,SEV12ND,NDSEV12,27.43333333,22,3.25,1.98,9.35,0.3627,0.1469,0.3627,0.8723,1,green,11,36.5,3.31818,10.3,83,81.6333,83,81.1,80.7,NA,54.61,NA,NA,NA,-10,-9.1,NA,NA
473,New Mexico,SEV,ND,13,SEV13,SEV13ND,NDSEV13,26.8125,22,2.8,1.76,5.47,0.1576,0.0547,0.1576,0.3699,1,green,6,20.5,3.41667,7.88571,64.9,63.8667,64.9,64.9,63.7,NA,33.655,NA,NA,NA,NA,NA,-1,-1.3
474,New Mexico,SEV,ND,14,SEV14,SEV14ND,NDSEV14,27.05,21,met,met,met,met,0.0912,0.0826,0.1738,1,green,13,33.1,2.54615,6.17333,75,74.8667,74.8,71.55,59.7,NA,40.005,NA,NA,NA,NA,NA,-0.4,-1.1
475,New Mexico,SEV,ND,15,SEV15,SEV15ND,NDSEV15,26.6,22,1.57,1.71,6.69,0.0323,0.0422,0.0323,0.1068,1,green,4,11.6,2.9,6.91667,93.8,93.7,89,81.25,80.3,NA,57.785,NA,NA,NA,-4.09,-4.52,-0.6,-1.9
476,New Mexico,SEV,ND,16,SEV16,SEV16ND,NDSEV16,29.7625,22,1.81,1.57,5.32,0.3331,0.0637,0.3331,0.7299,1,purple,6,23.4,3.9,8.7,79.3,76.4,79.3,74.2,64.4,NA,41.275,NA,NA,NA,-0.94,-1.91,-1,-1.75
477,New Mexico,CIB,ND,1,CI01,CIB1ND,NDCIB1,27.06,8,4.24,2.75,12.5,0.9011,0.4361,0.9011,2.2383,1,purple,24,121.5,5.0625,17.06538,75,75,74.4,65,70.8,NA,63.5,NA,NA,NA,NA,NA,-4.2,-4.65
478,New Mexico,CIB,ND,2,CI02,CIB2ND,NDCIB2,28.5875,8,2.99,2.24,8.53,0.5006,0.227,0.5006,1.2282,1,green,26,73.2,2.81538,8.55714,76.8,73.1667,70,69,69,NA,63.5,NA,NA,NA,NA,NA,-0.5,-1.65
479,New Mexico,CIB,ND,3,CI03,CIB3ND,NDCIB3,28.99,8,2.76,0.97,5.81,0.234,0.0487,0.234,0.5167,1,green,8,25.7,3.2125,5.11,79.8,79.7333,79.8,78.6,66.6,NA,49.53,NA,NA,NA,-4.5,-4.39,-0.75,-1.8
480,New Mexico,CIB,ND,4,CI04,CIB4ND,NDCIB4,28.1375,8,3.09,1.57,8.3,0.2643,0.1049,0.2643,0.6335,1,purple,13,45,3.46154,7.34,93.2,93.1667,86.8,86,86,NA,71.12,NA,NA,NA,-6.5,-5.86,-0.75,-0.75
481,New Mexico,CIB,ND,5,CI05,CIB5ND,NDCIB5,28.63333333,8,2.58,1.16,8,0.2251,0.1424,0.2251,0.5926,1,purple,21,45,2.14286,7.51739,67.2,66.6,64.6,62.6,60.1,NA,52.07,NA,NA,NA,-4.85,-3.98,NA,NA
482,New Mexico,CIB,ND,6,CI06,CIB6ND,NDCIB6,29.2,8,1.02,0.92,3.37,0.2283,0.1247,0.2283,0.5813,1,green,7,21.4,3.05714,16.45,85.3,76.6333,85.3,78,76.6,NA,65.405,NA,NA,NA,-0.81,-1.68,NA,NA
483,New Mexico,CIB,ND,7,CI07,CIB7ND,NDCIB7,28.5875,8,2.34,1.74,7.8,0.5141,0.1387,0.5141,1.1669,1,green,11,45.7,4.15455,11.11538,72,70.9,72,71.7,67.4,NA,60.96,NA,NA,NA,-2.68,-2.55,NA,NA
484,New Mexico,CIB,ND,8,CI08,CIB8ND,NDCIB8,27.36666667,8,4.9,2.29,9.92,0.3705,0.3422,0.3705,1.0832,1,purple,26,74.7,2.87308,12.42857,65,62.5333,63,62.75,60.9,NA,49.53,NA,NA,NA,-5.8,-7.82,NA,NA
485,New Mexico,CIB,ND,9,CI09,CIB9ND,NDCIB9,28.32,8,2.43,1.67,6.82,0.4557,0.0752,0.4557,0.9866,1,purple,7,32.8,4.68571,8.56667,85,84.1,85,78,73,NA,45.085,NA,NA,NA,-3.2,-4.99,NA,NA
486,New Mexico,CIB,ND,10,CI10,CIB10ND,NDCIB10,27.05,8,5.01,2.51,6.54,0.1363,0.2853,0.1363,0.5579,1,purple,26,101.5,3.90385,10.95,69.7,69.3667,69.2,69.1,69.1,NA,64.77,NA,NA,NA,NA,NA,NA,NA
487,New Mexico,CIB,ND,11,CI11,CIB11ND,NDCIB11,27.83333333,8,3.45,1.82,6.16,0.0752,0.1314,0.0752,0.2818,1,purple,12,45.3,3.775,10.25,94.1,85.1333,80.3,86.35,83.4,NA,53.34,NA,NA,NA,NA,NA,-0.6,-1.6
488,New Mexico,CIB,ND,12,CI12,CIB12ND,NDCIB12,28.76666667,8,2.62,0.87,5.57,0.4053,0.0717,0.4053,0.8823,1,purple,7,21.8,3.11429,7.95556,76,68.7667,75.6,72,72,NA,64.77,NA,NA,NA,NA,NA,-0.5,-1.25
489,New Mexico,CIB,ND,13,CI13,CIB13ND,NDCIB13,28.2,8,3.3,2.27,9.43,0.7196,0.2564,0.7196,1.6956,1,purple,18,79.8,4.43333,12.63,83,82.1333,81.7,81.7,79,NA,71.12,NA,NA,NA,NA,NA,NA,NA
490,New Mexico,CIB,ND,14,CI14,CIB14ND,NDCIB14,28.3,8,2.45,1.21,6.76,0.26,0.2079,0.26,0.7279,1,purple,26,61.8,2.37692,7.16071,69.5,64.9,63.1,63.6,64.6,NA,48.895,NA,NA,NA,NA,NA,-0.35,-1.1
491,New Mexico,CIB,ND,15,CI15,CIB15ND,NDCIB15,28.06666667,8,0.82,0.61,2.17,0.1444,0.022,0.1444,0.3108,1,green,3,11.8,3.93333,3.46,73.6,70.8,67.5,67.85,66.6,NA,49.53,NA,NA,NA,NA,NA,NA,NA
492,New Mexico,CIB,ND,16,CI16,CIB16ND,NDCIB16,27.78333333,8,3.37,1.76,9.71,0.6215,0.2125,0.6762,1.5102,1,purple,15,54.7,3.64667,11.74706,87.9,87.5,87.9,87.1,76,NA,60.325,NA,NA,NA,NA,NA,NA,NA
493,New Mexico,CIB,ND,17,CI17,CIB17ND,NDCIB17,27.56666667,8,3.84,0.97,8.48,0.3773,0.1457,0.3773,0.9003,1,purple,17,52.6,3.09412,12.13684,100.1,89.4,89.2,100.1,90.8,NA,62.865,NA,NA,NA,NA,NA,NA,NA
494,New Mexico,CIB,D,1,CI01,CIB1D,DCIB1,8.65,7,1.74,0.88,6.7,0.519,0.1791,0.519,1.2171,1,purple,12,55.9,4.65833,15.7,65.6,65.3333,57.2,56.85,64.8,NA,57.15,NA,NA,NA,NA,NA,-1.55,-2.3
495,New Mexico,CIB,D,2,CI02,CIB2D,DCIB2,11.85,7,1.59,1.46,4.5,0.3752,0.0094,0.3752,0.7598,1,green,2,4.4,2.2,3.1,73.2,72.4333,67.9,66.15,57.1,NA,21.59,NA,NA,NA,NA,NA,-0.5,-1.3
496,New Mexico,CIB,D,3,CI03,CIB3D,DCIB3,10.26875,7,0.69,0.85,3.69,0.3597,0.0644,0.3597,0.7838,1,green,7,18.8,2.68571,7.97778,73.5,72.6,68.2,64.7,58.5,NA,45.72,NA,NA,NA,NA,NA,-0.65,-1.5
497,New Mexico,CIB,D,4,CI04,CIB4D,DCIB4,9.428571429,7,1.18,0.72,5.19,0.2541,0.0418,0.2541,0.55,1,green,7,21.2,3.02857,4.97778,77.9,77.9,77.9,77.9,77.6,NA,54.61,NA,NA,NA,NA,NA,-3.15,-3.15
498,New Mexico,CIB,D,5,CI05,CIB5D,DCIB5,9.166666667,7,1.94,1.15,5.44,0.5133,0.1444,0.5133,1.171,1,purple,16,38.4,2.4,9.36111,71.3,70.5333,54.8,54.5,54.2,NA,44.45,NA,NA,NA,-4.18,-4.62,NA,NA
499,New Mexico,CIB,D,6,CI06,CIB6D,DCIB6,9.933333333,7,tr,tr,tr,tr,0.0973,0.1918,0.2891,1,purple,4,12.8,3.2,20.28,78.8,73.2667,76.2,75.35,73,NA,63.5,NA,NA,NA,-5.8,-5.07,NA,NA
500,New Mexico,CIB,D,7,CI07,CIB7D,DCIB7,9.8,7,tr,tr,tr,tr,0.0706,0.544,0.6146,1,purple,8,28.3,3.5375,8.7,62.6,61.4,58.8,56,53.6,NA,35.56,NA,NA,NA,-5.08,-5.82,NA,NA
501,New Mexico,CIB,D,8,CI08,CIB8D,DCIB8,9.37,7,2,1.26,4.44,0.5047,0.0961,0.5905,1.1913,1,purple,12,33.7,2.80833,7.76429,56.8,56.8,55.6,54.9,54.9,NA,41.91,NA,NA,NA,-5.72,-6.61,NA,NA
502,New Mexico,CIB,D,9,CI09,CIB9D,DCIB9,8.51,7,1.78,1.08,5.22,0.5335,0.1501,0.5335,1.2171,1,purple,11,46.2,4.2,12,68.1,64.6333,68.1,68.1,67.9,NA,64.77,NA,NA,NA,-4.05,-4,NA,NA
503,New Mexico,CIB,D,10,CI10,CIB10D,DCIB10,8.628571429,7,1.46,1.08,5.56,0,0.2091,0,0.2091,1,purple,20,73.1,3.655,8.94545,66.8,NA,66.8,65.6,65.4,NA,44.45,NA,NA,NA,NA,NA,NA,NA
504,New Mexico,CIB,D,11,CI11,CIB11D,DCIB11,8.791666667,7,tr,tr,tr,tr,0.0761,0.2038,0.2799,1,purple,7,27,3.85714,10.2125,70.5,68.1,70.5,70,69.5,NA,60.96,NA,NA,NA,NA,NA,-3.3,-3.65
505,New Mexico,CIB,D,12,CI12,CIB12D,DCIB12,9.985714286,7,1.97,1.36,4.75,0.4256,0.0742,0.4256,0.9254,1,green,9,26.8,2.97778,6.51818,67.6,66.7333,67.6,67,66,NA,52.07,NA,NA,NA,NA,NA,-3.3,-1.25
506,New Mexico,CIB,D,13,CI13,CIB13D,DCIB13,8.414285714,7,1.62,1.39,4.94,0,0.2044,0,0.2044,1,purple,19,64.1,3.37368,9.67143,70.9,67.7,70.7,69.55,0,NA,66.04,NA,NA,NA,NA,NA,NA,NA
507,New Mexico,CIB,D,14,CI14,CIB14D,DCIB14,9.7875,7,tr,tr,tr,tr,0.1237,0.3029,0.4266,1,green,12,28.7,2.39167,8.82857,69.9,68.8333,68.2,69.9,65.3,NA,48.26,NA,NA,NA,NA,NA,-1.4,-1.4
508,New Mexico,CIB,D,15,CI15,CIB15D,DCIB15,9.514285714,7,1.25,0.91,6.67,0.5298,0.0652,0.5298,1.1248,1,green,8,36.1,4.5125,10.69,73,72.6667,71.4,71.4,65.6,NA,60.96,NA,NA,NA,NA,NA,NA,NA
509,New Mexico,CIB,D,16,CI16,CIB16D,DCIB16,9.29,7,1.26,1.08,7.18,0.3539,0.1212,0.3539,0.829,1,purple,11,40.8,3.70909,12.07692,80.2,79.2,80.2,78.9,68.8,NA,53.34,NA,NA,NA,NA,NA,NA,NA
510,New Mexico,CIB,D,17,CI17,CIB17D,DCIB17,8.8125,7,1.75,1.56,5.77,0.3393,0.072,0.3754,0.7867,1,green,7,24.6,3.51429,12.775,83,83,83,83,81.6,NA,60.96,NA,NA,NA,NA,NA,NA,NA